{
"type": "FeatureCollection",
"name": "khlong_sam_wa_4way_intersections",
"crs": { "type": "name", "properties": { "name": "urn:ogc:def:crs:OGC:1.3:CRS84" } },
"features": [
{ "type": "Feature", "properties": { "osm_node_id": "3053310352", "latitude": 13.8997831, "longitude": 100.718687, "street_names": "", "highway_types": "residential", "in_degree": 4, "out_degree": 4, "fully_bidirectional": true, "traffic_signals": false, "junction": "", "minimum_branch_angle": 89.95, "maximum_branch_angle": 90.04, "cross_score": 0.9996, "likely_geometric_cross": true, "osm_url": "https://www.openstreetmap.org/node/3053310352", "branch_1_neighbor": "3053310371", "branch_1_bearing": 86.8, "branch_1_street": "", "branch_1_highway": "residential", "branch_2_neighbor": "3053310378", "branch_2_bearing": 176.84, "branch_2_street": "", "branch_2_highway": "residential", "branch_3_neighbor": "3053310366", "branch_3_bearing": 266.8, "branch_3_street": "", "branch_3_highway": "residential", "branch_4_neighbor": "3053310333", "branch_4_bearing": 356.84, "branch_4_street": "", "branch_4_highway": "residential" }, "geometry": { "type": "Point", "coordinates": [ 100.718687, 13.8997831 ] } },
{ "type": "Feature", "properties": { "osm_node_id": "3053310365", "latitude": 13.8990541, "longitude": 100.7187284, "street_names": "", "highway_types": "residential", "in_degree": 4, "out_degree": 4, "fully_bidirectional": true, "traffic_signals": false, "junction": "", "minimum_branch_angle": 89.9, "maximum_branch_angle": 90.1, "cross_score": 0.9994, "likely_geometric_cross": true, "osm_url": "https://www.openstreetmap.org/node/3053310365", "branch_1_neighbor": "3053310347", "branch_1_bearing": 86.84, "branch_1_street": "", "branch_1_highway": "residential", "branch_2_neighbor": "3053310357", "branch_2_bearing": 176.85, "branch_2_street": "", "branch_2_highway": "residential", "branch_3_neighbor": "3053310348", "branch_3_bearing": 266.75, "branch_3_street": "", "branch_3_highway": "residential", "branch_4_neighbor": "3053310378", "branch_4_bearing": 356.85, "branch_4_street": "", "branch_4_highway": "residential" }, "geometry": { "type": "Point", "coordinates": [ 100.7187284, 13.8990541 ] } },
{ "type": "Feature", "properties": { "osm_node_id": "5372934297", "latitude": 13.8500368, "longitude": 100.7162698, "street_names": "", "highway_types": "residential", "in_degree": 4, "out_degree": 4, "fully_bidirectional": true, "traffic_signals": false, "junction": "", "minimum_branch_angle": 89.88, "maximum_branch_angle": 90.12, "cross_score": 0.9991, "likely_geometric_cross": true, "osm_url": "https://www.openstreetmap.org/node/5372934297", "branch_1_neighbor": "5372934298", "branch_1_bearing": 87.32, "branch_1_street": "", "branch_1_highway": "residential", "branch_2_neighbor": "5372934294", "branch_2_bearing": 177.29, "branch_2_street": "", "branch_2_highway": "residential", "branch_3_neighbor": "5372934296", "branch_3_bearing": 267.16, "branch_3_street": "", "branch_3_highway": "residential", "branch_4_neighbor": "5372934295", "branch_4_bearing": 357.28, "branch_4_street": "", "branch_4_highway": "residential" }, "geometry": { "type": "Point", "coordinates": [ 100.7162698, 13.8500368 ] } },
{ "type": "Feature", "properties": { "osm_node_id": "3840058837", "latitude": 13.8508347, "longitude": 100.704866, "street_names": "", "highway_types": "residential", "in_degree": 4, "out_degree": 4, "fully_bidirectional": true, "traffic_signals": false, "junction": "", "minimum_branch_angle": 89.88, "maximum_branch_angle": 90.12, "cross_score": 0.999, "likely_geometric_cross": true, "osm_url": "https://www.openstreetmap.org/node/3840058837", "branch_1_neighbor": "3840058838", "branch_1_bearing": 87.73, "branch_1_street": "", "branch_1_highway": "residential", "branch_2_neighbor": "3840058805", "branch_2_bearing": 177.85, "branch_2_street": "", "branch_2_highway": "residential", "branch_3_neighbor": "3840058831", "branch_3_bearing": 267.91, "branch_3_street": "", "branch_3_highway": "residential", "branch_4_neighbor": "3840058871", "branch_4_bearing": 357.85, "branch_4_street": "", "branch_4_highway": "residential" }, "geometry": { "type": "Point", "coordinates": [ 100.704866, 13.8508347 ] } },
{ "type": "Feature", "properties": { "osm_node_id": "3840059168", "latitude": 13.8577081, "longitude": 100.7067294, "street_names": "", "highway_types": "residential", "in_degree": 4, "out_degree": 4, "fully_bidirectional": true, "traffic_signals": false, "junction": "", "minimum_branch_angle": 89.81, "maximum_branch_angle": 90.2, "cross_score": 0.9987, "likely_geometric_cross": true, "osm_url": "https://www.openstreetmap.org/node/3840059168", "branch_1_neighbor": "3840059186", "branch_1_bearing": 0.34, "branch_1_street": "", "branch_1_highway": "residential", "branch_2_neighbor": "3840059166", "branch_2_bearing": 90.54, "branch_2_street": "", "branch_2_highway": "residential", "branch_3_neighbor": "8299050751", "branch_3_bearing": 180.35, "branch_3_street": "", "branch_3_highway": "residential", "branch_4_neighbor": "3840059169", "branch_4_bearing": 270.38, "branch_4_street": "", "branch_4_highway": "residential" }, "geometry": { "type": "Point", "coordinates": [ 100.7067294, 13.8577081 ] } },
{ "type": "Feature", "properties": { "osm_node_id": "3841864162", "latitude": 13.8356059, "longitude": 100.7337442, "street_names": "ซอยนิมิตใหม่ 9", "highway_types": "residential", "in_degree": 4, "out_degree": 4, "fully_bidirectional": true, "traffic_signals": false, "junction": "", "minimum_branch_angle": 89.88, "maximum_branch_angle": 90.12, "cross_score": 0.9987, "likely_geometric_cross": true, "osm_url": "https://www.openstreetmap.org/node/3841864162", "branch_1_neighbor": "8122705711", "branch_1_bearing": 70.07, "branch_1_street": "ซอยนิมิตใหม่ 9", "branch_1_highway": "residential", "branch_2_neighbor": "3841863954", "branch_2_bearing": 159.96, "branch_2_street": "", "branch_2_highway": "residential", "branch_3_neighbor": "3841864158", "branch_3_bearing": 250.08, "branch_3_street": "ซอยนิมิตใหม่ 9", "branch_3_highway": "residential", "branch_4_neighbor": "8169782568", "branch_4_bearing": 339.96, "branch_4_street": "", "branch_4_highway": "residential" }, "geometry": { "type": "Point", "coordinates": [ 100.7337442, 13.8356059 ] } },
{ "type": "Feature", "properties": { "osm_node_id": "6117202608", "latitude": 13.8496955, "longitude": 100.7086544, "street_names": "", "highway_types": "residential", "in_degree": 4, "out_degree": 4, "fully_bidirectional": true, "traffic_signals": false, "junction": "", "minimum_branch_angle": 89.87, "maximum_branch_angle": 90.12, "cross_score": 0.9987, "likely_geometric_cross": true, "osm_url": "https://www.openstreetmap.org/node/6117202608", "branch_1_neighbor": "6117202609", "branch_1_bearing": 87.8, "branch_1_street": "", "branch_1_highway": "residential", "branch_2_neighbor": "6117202605", "branch_2_bearing": 177.68, "branch_2_street": "", "branch_2_highway": "residential", "branch_3_neighbor": "6117202607", "branch_3_bearing": 267.79, "branch_3_street": "", "branch_3_highway": "residential", "branch_4_neighbor": "6117202611", "branch_4_bearing": 357.69, "branch_4_street": "", "branch_4_highway": "residential" }, "geometry": { "type": "Point", "coordinates": [ 100.7086544, 13.8496955 ] } },
{ "type": "Feature", "properties": { "osm_node_id": "6117202611", "latitude": 13.8499982, "longitude": 100.7086418, "street_names": "", "highway_types": "residential", "in_degree": 4, "out_degree": 4, "fully_bidirectional": true, "traffic_signals": false, "junction": "", "minimum_branch_angle": 89.87, "maximum_branch_angle": 90.12, "cross_score": 0.9987, "likely_geometric_cross": true, "osm_url": "https://www.openstreetmap.org/node/6117202611", "branch_1_neighbor": "6117202612", "branch_1_bearing": 87.78, "branch_1_street": "", "branch_1_highway": "residential", "branch_2_neighbor": "6117202608", "branch_2_bearing": 177.69, "branch_2_street": "", "branch_2_highway": "residential", "branch_3_neighbor": "6117202610", "branch_3_bearing": 267.8, "branch_3_street": "", "branch_3_highway": "residential", "branch_4_neighbor": "6117202614", "branch_4_bearing": 357.67, "branch_4_street": "", "branch_4_highway": "residential" }, "geometry": { "type": "Point", "coordinates": [ 100.7086418, 13.8499982 ] } },
{ "type": "Feature", "properties": { "osm_node_id": "6117202617", "latitude": 13.8506113, "longitude": 100.7086161, "street_names": "", "highway_types": "residential", "in_degree": 4, "out_degree": 4, "fully_bidirectional": true, "traffic_signals": false, "junction": "", "minimum_branch_angle": 89.88, "maximum_branch_angle": 90.13, "cross_score": 0.9987, "likely_geometric_cross": true, "osm_url": "https://www.openstreetmap.org/node/6117202617", "branch_1_neighbor": "6117202618", "branch_1_bearing": 87.79, "branch_1_street": "", "branch_1_highway": "residential", "branch_2_neighbor": "6117202614", "branch_2_bearing": 177.67, "branch_2_street": "", "branch_2_highway": "residential", "branch_3_neighbor": "6117202616", "branch_3_bearing": 267.79, "branch_3_street": "", "branch_3_highway": "residential", "branch_4_neighbor": "6117202620", "branch_4_bearing": 357.68, "branch_4_street": "", "branch_4_highway": "residential" }, "geometry": { "type": "Point", "coordinates": [ 100.7086161, 13.8506113 ] } },
{ "type": "Feature", "properties": { "osm_node_id": "3053324399", "latitude": 13.8708535, "longitude": 100.7436608, "street_names": "", "highway_types": "residential", "in_degree": 4, "out_degree": 4, "fully_bidirectional": true, "traffic_signals": false, "junction": "", "minimum_branch_angle": 89.86, "maximum_branch_angle": 90.14, "cross_score": 0.9985, "likely_geometric_cross": true, "osm_url": "https://www.openstreetmap.org/node/3053324399", "branch_1_neighbor": "3053324441", "branch_1_bearing": 85.91, "branch_1_street": "", "branch_1_highway": "residential", "branch_2_neighbor": "3053324406", "branch_2_bearing": 176.05, "branch_2_street": "", "branch_2_highway": "residential", "branch_3_neighbor": "3053324453", "branch_3_bearing": 265.91, "branch_3_street": "", "branch_3_highway": "residential", "branch_4_neighbor": "3053324398", "branch_4_bearing": 356.03, "branch_4_street": "", "branch_4_highway": "residential" }, "geometry": { "type": "Point", "coordinates": [ 100.7436608, 13.8708535 ] } },
{ "type": "Feature", "properties": { "osm_node_id": "3840099939", "latitude": 13.8508343, "longitude": 100.6861221, "street_names": "", "highway_types": "residential", "in_degree": 4, "out_degree": 4, "fully_bidirectional": true, "traffic_signals": false, "junction": "", "minimum_branch_angle": 89.73, "maximum_branch_angle": 90.27, "cross_score": 0.9985, "likely_geometric_cross": true, "osm_url": "https://www.openstreetmap.org/node/3840099939", "branch_1_neighbor": "3840099948", "branch_1_bearing": 6.07, "branch_1_street": "", "branch_1_highway": "residential", "branch_2_neighbor": "3840099938", "branch_2_bearing": 96.06, "branch_2_street": "", "branch_2_highway": "residential", "branch_3_neighbor": "3840099933", "branch_3_bearing": 186.06, "branch_3_street": "", "branch_3_highway": "residential", "branch_4_neighbor": "3840099941", "branch_4_bearing": 276.34, "branch_4_street": "", "branch_4_highway": "residential" }, "geometry": { "type": "Point", "coordinates": [ 100.6861221, 13.8508343 ] } },
{ "type": "Feature", "properties": { "osm_node_id": "6124096911", "latitude": 13.8342861, "longitude": 100.7171859, "street_names": "", "highway_types": "residential", "in_degree": 4, "out_degree": 4, "fully_bidirectional": true, "traffic_signals": false, "junction": "", "minimum_branch_angle": 89.82, "maximum_branch_angle": 90.27, "cross_score": 0.9985, "likely_geometric_cross": true, "osm_url": "https://www.openstreetmap.org/node/6124096911", "branch_1_neighbor": "6124096910", "branch_1_bearing": 86.47, "branch_1_street": "", "branch_1_highway": "residential", "branch_2_neighbor": "6124096906", "branch_2_bearing": 176.29, "branch_2_street": "", "branch_2_highway": "residential", "branch_3_neighbor": "6124096912", "branch_3_bearing": 266.29, "branch_3_street": "", "branch_3_highway": "residential", "branch_4_neighbor": "6124096971", "branch_4_bearing": 356.2, "branch_4_street": "", "branch_4_highway": "residential" }, "geometry": { "type": "Point", "coordinates": [ 100.7171859, 13.8342861 ] } },
{ "type": "Feature", "properties": { "osm_node_id": "3840087143", "latitude": 13.8525835, "longitude": 100.6993831, "street_names": "ซอยพระยาสุเรนทร์ 34", "highway_types": "residential", "in_degree": 4, "out_degree": 4, "fully_bidirectional": true, "traffic_signals": false, "junction": "", "minimum_branch_angle": 89.79, "maximum_branch_angle": 90.22, "cross_score": 0.9982, "likely_geometric_cross": true, "osm_url": "https://www.openstreetmap.org/node/3840087143", "branch_1_neighbor": "3840087145", "branch_1_bearing": 89.4, "branch_1_street": "ซอยพระยาสุเรนทร์ 34", "branch_1_highway": "residential", "branch_2_neighbor": "8140770212", "branch_2_bearing": 179.61, "branch_2_street": "", "branch_2_highway": "residential", "branch_3_neighbor": "3840087142", "branch_3_bearing": 269.5, "branch_3_street": "ซอยพระยาสุเรนทร์ 34", "branch_3_highway": "residential", "branch_4_neighbor": "3840087162", "branch_4_bearing": 359.61, "branch_4_street": "", "branch_4_highway": "residential" }, "geometry": { "type": "Point", "coordinates": [ 100.6993831, 13.8525835 ] } },
{ "type": "Feature", "properties": { "osm_node_id": "10248517831", "latitude": 13.8874716, "longitude": 100.6968832, "street_names": "", "highway_types": "residential", "in_degree": 4, "out_degree": 4, "fully_bidirectional": true, "traffic_signals": false, "junction": "", "minimum_branch_angle": 89.79, "maximum_branch_angle": 90.21, "cross_score": 0.998, "likely_geometric_cross": true, "osm_url": "https://www.openstreetmap.org/node/10248517831", "branch_1_neighbor": "10941530132", "branch_1_bearing": 86.77, "branch_1_street": "", "branch_1_highway": "residential", "branch_2_neighbor": "10941530140", "branch_2_bearing": 176.56, "branch_2_street": "", "branch_2_highway": "residential", "branch_3_neighbor": "10248517832", "branch_3_bearing": 266.77, "branch_3_street": "", "branch_3_highway": "residential", "branch_4_neighbor": "10248517830", "branch_4_bearing": 356.63, "branch_4_street": "", "branch_4_highway": "residential" }, "geometry": { "type": "Point", "coordinates": [ 100.6968832, 13.8874716 ] } },
{ "type": "Feature", "properties": { "osm_node_id": "3840087145", "latitude": 13.852587, "longitude": 100.6997267, "street_names": "ซอยพระยาสุเรนทร์ 34", "highway_types": "residential", "in_degree": 4, "out_degree": 4, "fully_bidirectional": true, "traffic_signals": false, "junction": "", "minimum_branch_angle": 89.65, "maximum_branch_angle": 90.35, "cross_score": 0.9979, "likely_geometric_cross": true, "osm_url": "https://www.openstreetmap.org/node/3840087145", "branch_1_neighbor": "6129278576", "branch_1_bearing": 89.78, "branch_1_street": "ซอยพระยาสุเรนทร์ 34", "branch_1_highway": "residential", "branch_2_neighbor": "3840087131", "branch_2_bearing": 179.75, "branch_2_street": "", "branch_2_highway": "residential", "branch_3_neighbor": "3840087143", "branch_3_bearing": 269.4, "branch_3_street": "ซอยพระยาสุเรนทร์ 34", "branch_3_highway": "residential", "branch_4_neighbor": "3840087165", "branch_4_bearing": 359.75, "branch_4_street": "", "branch_4_highway": "residential" }, "geometry": { "type": "Point", "coordinates": [ 100.6997267, 13.852587 ] } },
{ "type": "Feature", "properties": { "osm_node_id": "3840059028", "latitude": 13.8567375, "longitude": 100.7060201, "street_names": "", "highway_types": "residential", "in_degree": 4, "out_degree": 4, "fully_bidirectional": true, "traffic_signals": false, "junction": "", "minimum_branch_angle": 89.65, "maximum_branch_angle": 90.33, "cross_score": 0.9978, "likely_geometric_cross": true, "osm_url": "https://www.openstreetmap.org/node/3840059028", "branch_1_neighbor": "3840059029", "branch_1_bearing": 89.43, "branch_1_street": "", "branch_1_highway": "residential", "branch_2_neighbor": "3840059014", "branch_2_bearing": 179.08, "branch_2_street": "", "branch_2_highway": "residential", "branch_3_neighbor": "3840059027", "branch_3_bearing": 269.04, "branch_3_street": "", "branch_3_highway": "residential", "branch_4_neighbor": "3840059049", "branch_4_bearing": 359.1, "branch_4_street": "", "branch_4_highway": "residential" }, "geometry": { "type": "Point", "coordinates": [ 100.7060201, 13.8567375 ] } },
{ "type": "Feature", "properties": { "osm_node_id": "5941639266", "latitude": 13.8939706, "longitude": 100.7190292, "street_names": "", "highway_types": "residential", "in_degree": 4, "out_degree": 4, "fully_bidirectional": true, "traffic_signals": false, "junction": "", "minimum_branch_angle": 89.64, "maximum_branch_angle": 90.34, "cross_score": 0.9978, "likely_geometric_cross": true, "osm_url": "https://www.openstreetmap.org/node/5941639266", "branch_1_neighbor": "5941639268", "branch_1_bearing": 0.34, "branch_1_street": "", "branch_1_highway": "residential", "branch_2_neighbor": "5941639162", "branch_2_bearing": 90.3, "branch_2_street": "", "branch_2_highway": "residential", "branch_3_neighbor": "8341609738", "branch_3_bearing": 180.36, "branch_3_street": "", "branch_3_highway": "residential", "branch_4_neighbor": "5941639265", "branch_4_bearing": 270.0, "branch_4_street": "", "branch_4_highway": "residential" }, "geometry": { "type": "Point", "coordinates": [ 100.7190292, 13.8939706 ] } },
{ "type": "Feature", "properties": { "osm_node_id": "6129278576", "latitude": 13.8525883, "longitude": 100.7000695, "street_names": "ซอยพระยาสุเรนทร์ 34", "highway_types": "residential", "in_degree": 4, "out_degree": 4, "fully_bidirectional": true, "traffic_signals": false, "junction": "", "minimum_branch_angle": 89.78, "maximum_branch_angle": 90.22, "cross_score": 0.9977, "likely_geometric_cross": true, "osm_url": "https://www.openstreetmap.org/node/6129278576", "branch_1_neighbor": "8140770208", "branch_1_bearing": 89.76, "branch_1_street": "ซอยพระยาสุเรนทร์ 34", "branch_1_highway": "residential", "branch_2_neighbor": "3840087116", "branch_2_bearing": 179.98, "branch_2_street": "", "branch_2_highway": "residential", "branch_3_neighbor": "3840087145", "branch_3_bearing": 269.78, "branch_3_street": "ซอยพระยาสุเรนทร์ 34", "branch_3_highway": "residential", "branch_4_neighbor": "6129278577", "branch_4_bearing": 359.97, "branch_4_street": "", "branch_4_highway": "residential" }, "geometry": { "type": "Point", "coordinates": [ 100.7000695, 13.8525883 ] } },
{ "type": "Feature", "properties": { "osm_node_id": "6117202614", "latitude": 13.850304, "longitude": 100.708629, "street_names": "", "highway_types": "residential", "in_degree": 4, "out_degree": 4, "fully_bidirectional": true, "traffic_signals": false, "junction": "", "minimum_branch_angle": 89.78, "maximum_branch_angle": 90.22, "cross_score": 0.9976, "likely_geometric_cross": true, "osm_url": "https://www.openstreetmap.org/node/6117202614", "branch_1_neighbor": "6117202615", "branch_1_bearing": 87.89, "branch_1_street": "", "branch_1_highway": "residential", "branch_2_neighbor": "6117202611", "branch_2_bearing": 177.67, "branch_2_street": "", "branch_2_highway": "residential", "branch_3_neighbor": "6117202613", "branch_3_bearing": 267.88, "branch_3_street": "", "branch_3_highway": "residential", "branch_4_neighbor": "6117202617", "branch_4_bearing": 357.67, "branch_4_street": "", "branch_4_highway": "residential" }, "geometry": { "type": "Point", "coordinates": [ 100.708629, 13.850304 ] } },
{ "type": "Feature", "properties": { "osm_node_id": "3053310357", "latitude": 13.8987104, "longitude": 100.7187479, "street_names": "", "highway_types": "residential", "in_degree": 4, "out_degree": 4, "fully_bidirectional": true, "traffic_signals": false, "junction": "", "minimum_branch_angle": 89.7, "maximum_branch_angle": 90.29, "cross_score": 0.9973, "likely_geometric_cross": true, "osm_url": "https://www.openstreetmap.org/node/3053310357", "branch_1_neighbor": "3053310354", "branch_1_bearing": 86.54, "branch_1_street": "", "branch_1_highway": "residential", "branch_2_neighbor": "3053310349", "branch_2_bearing": 176.84, "branch_2_street": "", "branch_2_highway": "residential", "branch_3_neighbor": "3053310362", "branch_3_bearing": 266.65, "branch_3_street": "", "branch_3_highway": "residential", "branch_4_neighbor": "3053310365", "branch_4_bearing": 356.85, "branch_4_street": "", "branch_4_highway": "residential" }, "geometry": { "type": "Point", "coordinates": [ 100.7187479, 13.8987104 ] } },
{ "type": "Feature", "properties": { "osm_node_id": "7908343245", "latitude": 13.8518357, "longitude": 100.7085631, "street_names": "", "highway_types": "residential", "in_degree": 4, "out_degree": 4, "fully_bidirectional": true, "traffic_signals": false, "junction": "", "minimum_branch_angle": 89.7, "maximum_branch_angle": 90.3, "cross_score": 0.9973, "likely_geometric_cross": true, "osm_url": "https://www.openstreetmap.org/node/7908343245", "branch_1_neighbor": "7908343244", "branch_1_bearing": 87.69, "branch_1_street": "", "branch_1_highway": "residential", "branch_2_neighbor": "7908343242", "branch_2_bearing": 177.5, "branch_2_street": "", "branch_2_highway": "residential", "branch_3_neighbor": "7908343246", "branch_3_bearing": 267.2, "branch_3_street": "", "branch_3_highway": "residential", "branch_4_neighbor": "7908343248", "branch_4_bearing": 357.5, "branch_4_street": "", "branch_4_highway": "residential" }, "geometry": { "type": "Point", "coordinates": [ 100.7085631, 13.8518357 ] } },
{ "type": "Feature", "properties": { "osm_node_id": "3053347097", "latitude": 13.8689702, "longitude": 100.7136292, "street_names": "", "highway_types": "residential", "in_degree": 4, "out_degree": 4, "fully_bidirectional": true, "traffic_signals": false, "junction": "", "minimum_branch_angle": 89.52, "maximum_branch_angle": 90.51, "cross_score": 0.9972, "likely_geometric_cross": true, "osm_url": "https://www.openstreetmap.org/node/3053347097", "branch_1_neighbor": "3053347451", "branch_1_bearing": 89.19, "branch_1_street": "", "branch_1_highway": "residential", "branch_2_neighbor": "3053347437", "branch_2_bearing": 178.71, "branch_2_street": "", "branch_2_highway": "residential", "branch_3_neighbor": "3053347053", "branch_3_bearing": 269.22, "branch_3_street": "", "branch_3_highway": "residential", "branch_4_neighbor": "3053347112", "branch_4_bearing": 359.2, "branch_4_street": "", "branch_4_highway": "residential" }, "geometry": { "type": "Point", "coordinates": [ 100.7136292, 13.8689702 ] } },
{ "type": "Feature", "properties": { "osm_node_id": "2562521952", "latitude": 13.873975, "longitude": 100.7205492, "street_names": "", "highway_types": "residential", "in_degree": 4, "out_degree": 4, "fully_bidirectional": true, "traffic_signals": false, "junction": "", "minimum_branch_angle": 89.66, "maximum_branch_angle": 90.34, "cross_score": 0.9971, "likely_geometric_cross": true, "osm_url": "https://www.openstreetmap.org/node/2562521952", "branch_1_neighbor": "2562521953", "branch_1_bearing": 89.33, "branch_1_street": "", "branch_1_highway": "residential", "branch_2_neighbor": "2562521955", "branch_2_bearing": 179.67, "branch_2_street": "", "branch_2_highway": "residential", "branch_3_neighbor": "8061345510", "branch_3_bearing": 269.85, "branch_3_street": "", "branch_3_highway": "residential", "branch_4_neighbor": "2562521949", "branch_4_bearing": 359.67, "branch_4_street": "", "branch_4_highway": "residential" }, "geometry": { "type": "Point", "coordinates": [ 100.7205492, 13.873975 ] } },
{ "type": "Feature", "properties": { "osm_node_id": "8392623432", "latitude": 13.8659605, "longitude": 100.6929934, "street_names": "", "highway_types": "residential", "in_degree": 4, "out_degree": 4, "fully_bidirectional": true, "traffic_signals": false, "junction": "", "minimum_branch_angle": 89.52, "maximum_branch_angle": 90.47, "cross_score": 0.9971, "likely_geometric_cross": true, "osm_url": "https://www.openstreetmap.org/node/8392623432", "branch_1_neighbor": "8392623431", "branch_1_bearing": 87.64, "branch_1_street": "", "branch_1_highway": "residential", "branch_2_neighbor": "8392623429", "branch_2_bearing": 177.16, "branch_2_street": "", "branch_2_highway": "residential", "branch_3_neighbor": "8392623433", "branch_3_bearing": 267.21, "branch_3_street": "", "branch_3_highway": "residential", "branch_4_neighbor": "8392623436", "branch_4_bearing": 357.17, "branch_4_street": "", "branch_4_highway": "residential" }, "geometry": { "type": "Point", "coordinates": [ 100.6929934, 13.8659605 ] } },
{ "type": "Feature", "properties": { "osm_node_id": "2562521949", "latitude": 13.8743331, "longitude": 100.7205471, "street_names": "", "highway_types": "residential", "in_degree": 4, "out_degree": 4, "fully_bidirectional": true, "traffic_signals": false, "junction": "", "minimum_branch_angle": 89.67, "maximum_branch_angle": 90.32, "cross_score": 0.997, "likely_geometric_cross": true, "osm_url": "https://www.openstreetmap.org/node/2562521949", "branch_1_neighbor": "2562521950", "branch_1_bearing": 90.0, "branch_1_street": "", "branch_1_highway": "residential", "branch_2_neighbor": "2562521952", "branch_2_bearing": 179.67, "branch_2_street": "", "branch_2_highway": "residential", "branch_3_neighbor": "8061345509", "branch_3_bearing": 269.9, "branch_3_street": "", "branch_3_highway": "residential", "branch_4_neighbor": "2562521946", "branch_4_bearing": 359.68, "branch_4_street": "", "branch_4_highway": "residential" }, "geometry": { "type": "Point", "coordinates": [ 100.7205471, 13.8743331 ] } },
{ "type": "Feature", "properties": { "osm_node_id": "8424633782", "latitude": 13.8993561, "longitude": 100.7117386, "street_names": "", "highway_types": "residential", "in_degree": 4, "out_degree": 4, "fully_bidirectional": true, "traffic_signals": false, "junction": "", "minimum_branch_angle": 89.66, "maximum_branch_angle": 90.34, "cross_score": 0.997, "likely_geometric_cross": true, "osm_url": "https://www.openstreetmap.org/node/8424633782", "branch_1_neighbor": "8424633781", "branch_1_bearing": 86.89, "branch_1_street": "", "branch_1_highway": "residential", "branch_2_neighbor": "8424633785", "branch_2_bearing": 176.69, "branch_2_street": "", "branch_2_highway": "residential", "branch_3_neighbor": "8424633783", "branch_3_bearing": 266.34, "branch_3_street": "", "branch_3_highway": "residential", "branch_4_neighbor": "8424621634", "branch_4_bearing": 356.69, "branch_4_street": "", "branch_4_highway": "residential" }, "geometry": { "type": "Point", "coordinates": [ 100.7117386, 13.8993561 ] } },
{ "type": "Feature", "properties": { "osm_node_id": "3834869492", "latitude": 13.8688579, "longitude": 100.7104047, "street_names": "", "highway_types": "residential", "in_degree": 4, "out_degree": 4, "fully_bidirectional": true, "traffic_signals": false, "junction": "", "minimum_branch_angle": 89.67, "maximum_branch_angle": 90.34, "cross_score": 0.9969, "likely_geometric_cross": true, "osm_url": "https://www.openstreetmap.org/node/3834869492", "branch_1_neighbor": "3834869494", "branch_1_bearing": 88.44, "branch_1_street": "", "branch_1_highway": "residential", "branch_2_neighbor": "3834869476", "branch_2_bearing": 178.65, "branch_2_street": "", "branch_2_highway": "residential", "branch_3_neighbor": "3834869491", "branch_3_bearing": 268.99, "branch_3_street": "", "branch_3_highway": "residential", "branch_4_neighbor": "3834869506", "branch_4_bearing": 358.66, "branch_4_street": "", "branch_4_highway": "residential" }, "geometry": { "type": "Point", "coordinates": [ 100.7104047, 13.8688579 ] } },
{ "type": "Feature", "properties": { "osm_node_id": "3840099954", "latitude": 13.8515651, "longitude": 100.6862021, "street_names": "", "highway_types": "residential", "in_degree": 4, "out_degree": 4, "fully_bidirectional": true, "traffic_signals": false, "junction": "", "minimum_branch_angle": 89.6, "maximum_branch_angle": 90.41, "cross_score": 0.9969, "likely_geometric_cross": true, "osm_url": "https://www.openstreetmap.org/node/3840099954", "branch_1_neighbor": "3840099960", "branch_1_bearing": 6.06, "branch_1_street": "", "branch_1_highway": "residential", "branch_2_neighbor": "3840099953", "branch_2_bearing": 95.66, "branch_2_street": "", "branch_2_highway": "residential", "branch_3_neighbor": "3840099948", "branch_3_bearing": 186.07, "branch_3_street": "", "branch_3_highway": "residential", "branch_4_neighbor": "3840099955", "branch_4_bearing": 275.91, "branch_4_street": "", "branch_4_highway": "residential" }, "geometry": { "type": "Point", "coordinates": [ 100.6862021, 13.8515651 ] } },
{ "type": "Feature", "properties": { "osm_node_id": "3010377755", "latitude": 13.8533496, "longitude": 100.7542775, "street_names": "ซอยประชาร่วมใจ 31 ซอย 5; ซอยประชาร่วมใจ 31 ซอย 5/6; ซอยประชาร่วมใจ 31 ซอย 5/7", "highway_types": "residential", "in_degree": 4, "out_degree": 4, "fully_bidirectional": true, "traffic_signals": false, "junction": "", "minimum_branch_angle": 89.53, "maximum_branch_angle": 90.39, "cross_score": 0.9968, "likely_geometric_cross": true, "osm_url": "https://www.openstreetmap.org/node/3010377755", "branch_1_neighbor": "3010377780", "branch_1_bearing": 35.11, "branch_1_street": "ซอยประชาร่วมใจ 31 ซอย 5/7", "branch_1_highway": "residential", "branch_2_neighbor": "3010377747", "branch_2_bearing": 124.63, "branch_2_street": "ซอยประชาร่วมใจ 31 ซอย 5", "branch_2_highway": "residential", "branch_3_neighbor": "3010364220", "branch_3_bearing": 214.54, "branch_3_street": "ซอยประชาร่วมใจ 31 ซอย 5/6", "branch_3_highway": "residential", "branch_4_neighbor": "3010377758", "branch_4_bearing": 304.72, "branch_4_street": "ซอยประชาร่วมใจ 31 ซอย 5", "branch_4_highway": "residential" }, "geometry": { "type": "Point", "coordinates": [ 100.7542775, 13.8533496 ] } },
{ "type": "Feature", "properties": { "osm_node_id": "3053301929", "latitude": 13.8851642, "longitude": 100.7203571, "street_names": "", "highway_types": "residential", "in_degree": 4, "out_degree": 4, "fully_bidirectional": true, "traffic_signals": false, "junction": "", "minimum_branch_angle": 89.64, "maximum_branch_angle": 90.43, "cross_score": 0.9968, "likely_geometric_cross": true, "osm_url": "https://www.openstreetmap.org/node/3053301929", "branch_1_neighbor": "3053301909", "branch_1_bearing": 90.22, "branch_1_street": "", "branch_1_highway": "residential", "branch_2_neighbor": "3053303668", "branch_2_bearing": 180.37, "branch_2_street": "", "branch_2_highway": "residential", "branch_3_neighbor": "3053301915", "branch_3_bearing": 270.15, "branch_3_street": "", "branch_3_highway": "residential", "branch_4_neighbor": "3053301908", "branch_4_bearing": 359.79, "branch_4_street": "", "branch_4_highway": "residential" }, "geometry": { "type": "Point", "coordinates": [ 100.7203571, 13.8851642 ] } },
{ "type": "Feature", "properties": { "osm_node_id": "3834869301", "latitude": 13.859851, "longitude": 100.7169993, "street_names": "", "highway_types": "residential", "in_degree": 4, "out_degree": 4, "fully_bidirectional": true, "traffic_signals": false, "junction": "", "minimum_branch_angle": 89.55, "maximum_branch_angle": 90.46, "cross_score": 0.9968, "likely_geometric_cross": true, "osm_url": "https://www.openstreetmap.org/node/3834869301", "branch_1_neighbor": "3834869302", "branch_1_bearing": 90.0, "branch_1_street": "", "branch_1_highway": "residential", "branch_2_neighbor": "3834869296", "branch_2_bearing": 179.55, "branch_2_street": "", "branch_2_highway": "residential", "branch_3_neighbor": "3834869300", "branch_3_bearing": 269.42, "branch_3_street": "", "branch_3_highway": "residential", "branch_4_neighbor": "3834869310", "branch_4_bearing": 359.54, "branch_4_street": "", "branch_4_highway": "residential" }, "geometry": { "type": "Point", "coordinates": [ 100.7169993, 13.859851 ] } },
{ "type": "Feature", "properties": { "osm_node_id": "3840058783", "latitude": 13.8494506, "longitude": 100.7049231, "street_names": "", "highway_types": "residential", "in_degree": 4, "out_degree": 4, "fully_bidirectional": true, "traffic_signals": false, "junction": "", "minimum_branch_angle": 89.47, "maximum_branch_angle": 90.46, "cross_score": 0.9968, "likely_geometric_cross": true, "osm_url": "https://www.openstreetmap.org/node/3840058783", "branch_1_neighbor": "3840058785", "branch_1_bearing": 88.02, "branch_1_street": "", "branch_1_highway": "residential", "branch_2_neighbor": "8140776930", "branch_2_bearing": 178.14, "branch_2_street": "", "branch_2_highway": "residential", "branch_3_neighbor": "3840058782", "branch_3_bearing": 268.09, "branch_3_street": "", "branch_3_highway": "residential", "branch_4_neighbor": "3840058805", "branch_4_bearing": 357.56, "branch_4_street": "", "branch_4_highway": "residential" }, "geometry": { "type": "Point", "coordinates": [ 100.7049231, 13.8494506 ] } },
{ "type": "Feature", "properties": { "osm_node_id": "3840058986", "latitude": 13.8551897, "longitude": 100.7060043, "street_names": "", "highway_types": "residential", "in_degree": 4, "out_degree": 4, "fully_bidirectional": true, "traffic_signals": false, "junction": "", "minimum_branch_angle": 89.64, "maximum_branch_angle": 90.58, "cross_score": 0.9968, "likely_geometric_cross": true, "osm_url": "https://www.openstreetmap.org/node/3840058986", "branch_1_neighbor": "3840058995", "branch_1_bearing": 0.58, "branch_1_street": "", "branch_1_highway": "residential", "branch_2_neighbor": "3840058987", "branch_2_bearing": 90.21, "branch_2_street": "", "branch_2_highway": "residential", "branch_3_neighbor": "3840058973", "branch_3_bearing": 180.19, "branch_3_street": "", "branch_3_highway": "residential", "branch_4_neighbor": "3840058985", "branch_4_bearing": 270.0, "branch_4_street": "", "branch_4_highway": "residential" }, "geometry": { "type": "Point", "coordinates": [ 100.7060043, 13.8551897 ] } },
{ "type": "Feature", "properties": { "osm_node_id": "3840100079", "latitude": 13.8568873, "longitude": 100.6882855, "street_names": "ซอยคู้บอน 48", "highway_types": "residential", "in_degree": 4, "out_degree": 4, "fully_bidirectional": true, "traffic_signals": false, "junction": "", "minimum_branch_angle": 89.69, "maximum_branch_angle": 90.57, "cross_score": 0.9968, "likely_geometric_cross": true, "osm_url": "https://www.openstreetmap.org/node/3840100079", "branch_1_neighbor": "3840100081", "branch_1_bearing": 76.7, "branch_1_street": "", "branch_1_highway": "residential", "branch_2_neighbor": "3840100073", "branch_2_bearing": 166.39, "branch_2_street": "ซอยคู้บอน 48", "branch_2_highway": "residential", "branch_3_neighbor": "3840100078", "branch_3_bearing": 256.96, "branch_3_street": "", "branch_3_highway": "residential", "branch_4_neighbor": "3840100086", "branch_4_bearing": 346.88, "branch_4_street": "ซอยคู้บอน 48", "branch_4_highway": "residential" }, "geometry": { "type": "Point", "coordinates": [ 100.6882855, 13.8568873 ] } },
{ "type": "Feature", "properties": { "osm_node_id": "3841547690", "latitude": 13.8481024, "longitude": 100.702531, "street_names": "", "highway_types": "residential", "in_degree": 4, "out_degree": 4, "fully_bidirectional": true, "traffic_signals": false, "junction": "", "minimum_branch_angle": 89.67, "maximum_branch_angle": 90.35, "cross_score": 0.9968, "likely_geometric_cross": true, "osm_url": "https://www.openstreetmap.org/node/3841547690", "branch_1_neighbor": "3841547692", "branch_1_bearing": 88.58, "branch_1_street": "", "branch_1_highway": "residential", "branch_2_neighbor": "3840058766", "branch_2_bearing": 178.25, "branch_2_street": "", "branch_2_highway": "residential", "branch_3_neighbor": "3841547689", "branch_3_bearing": 268.47, "branch_3_street": "", "branch_3_highway": "residential", "branch_4_neighbor": "3841547699", "branch_4_bearing": 358.24, "branch_4_street": "", "branch_4_highway": "residential" }, "geometry": { "type": "Point", "coordinates": [ 100.702531, 13.8481024 ] } },
{ "type": "Feature", "properties": { "osm_node_id": "3053301908", "latitude": 13.8855295, "longitude": 100.7203557, "street_names": "", "highway_types": "residential", "in_degree": 4, "out_degree": 4, "fully_bidirectional": true, "traffic_signals": false, "junction": "", "minimum_branch_angle": 89.45, "maximum_branch_angle": 90.36, "cross_score": 0.9967, "likely_geometric_cross": true, "osm_url": "https://www.openstreetmap.org/node/3053301908", "branch_1_neighbor": "3053303654", "branch_1_bearing": 89.83, "branch_1_street": "", "branch_1_highway": "residential", "branch_2_neighbor": "3053301929", "branch_2_bearing": 179.79, "branch_2_street": "", "branch_2_highway": "residential", "branch_3_neighbor": "3053301921", "branch_3_bearing": 270.15, "branch_3_street": "", "branch_3_highway": "residential", "branch_4_neighbor": "3053303638", "branch_4_bearing": 359.6, "branch_4_street": "", "branch_4_highway": "residential" }, "geometry": { "type": "Point", "coordinates": [ 100.7203557, 13.8855295 ] } },
{ "type": "Feature", "properties": { "osm_node_id": "3053324414", "latitude": 13.8695738, "longitude": 100.7459441, "street_names": "", "highway_types": "residential", "in_degree": 4, "out_degree": 4, "fully_bidirectional": true, "traffic_signals": false, "junction": "", "minimum_branch_angle": 89.51, "maximum_branch_angle": 90.48, "cross_score": 0.9967, "likely_geometric_cross": true, "osm_url": "https://www.openstreetmap.org/node/3053324414", "branch_1_neighbor": "3053324349", "branch_1_bearing": 84.8, "branch_1_street": "", "branch_1_highway": "residential", "branch_2_neighbor": "3053324380", "branch_2_bearing": 174.7, "branch_2_street": "", "branch_2_highway": "residential", "branch_3_neighbor": "3053324378", "branch_3_bearing": 265.17, "branch_3_street": "", "branch_3_highway": "residential", "branch_4_neighbor": "3053324333", "branch_4_bearing": 354.68, "branch_4_street": "", "branch_4_highway": "residential" }, "geometry": { "type": "Point", "coordinates": [ 100.7459441, 13.8695738 ] } },
{ "type": "Feature", "properties": { "osm_node_id": "2562522042", "latitude": 13.8643909, "longitude": 100.7202083, "street_names": "", "highway_types": "residential", "in_degree": 4, "out_degree": 4, "fully_bidirectional": true, "traffic_signals": false, "junction": "", "minimum_branch_angle": 89.53, "maximum_branch_angle": 90.45, "cross_score": 0.9966, "likely_geometric_cross": true, "osm_url": "https://www.openstreetmap.org/node/2562522042", "branch_1_neighbor": "2562522043", "branch_1_bearing": 87.63, "branch_1_street": "", "branch_1_highway": "residential", "branch_2_neighbor": "2562522045", "branch_2_bearing": 178.08, "branch_2_street": "", "branch_2_highway": "residential", "branch_3_neighbor": "2562522040", "branch_3_bearing": 267.94, "branch_3_street": "", "branch_3_highway": "residential", "branch_4_neighbor": "2562522036", "branch_4_bearing": 358.1, "branch_4_street": "", "branch_4_highway": "residential" }, "geometry": { "type": "Point", "coordinates": [ 100.7202083, 13.8643909 ] } },
{ "type": "Feature", "properties": { "osm_node_id": "3053347459", "latitude": 13.8639411, "longitude": 100.7137733, "street_names": "", "highway_types": "residential", "in_degree": 4, "out_degree": 4, "fully_bidirectional": true, "traffic_signals": false, "junction": "", "minimum_branch_angle": 89.68, "maximum_branch_angle": 90.32, "cross_score": 0.9966, "likely_geometric_cross": true, "osm_url": "https://www.openstreetmap.org/node/3053347459", "branch_1_neighbor": "3053347068", "branch_1_bearing": 89.22, "branch_1_street": "", "branch_1_highway": "residential", "branch_2_neighbor": "3053347084", "branch_2_bearing": 178.93, "branch_2_street": "", "branch_2_highway": "residential", "branch_3_neighbor": "3053347044", "branch_3_bearing": 269.25, "branch_3_street": "", "branch_3_highway": "residential", "branch_4_neighbor": "3053347105", "branch_4_bearing": 358.93, "branch_4_street": "", "branch_4_highway": "residential" }, "geometry": { "type": "Point", "coordinates": [ 100.7137733, 13.8639411 ] } },
{ "type": "Feature", "properties": { "osm_node_id": "3834869317", "latitude": 13.8604279, "longitude": 100.7169945, "street_names": "", "highway_types": "residential", "in_degree": 4, "out_degree": 4, "fully_bidirectional": true, "traffic_signals": false, "junction": "", "minimum_branch_angle": 89.53, "maximum_branch_angle": 90.45, "cross_score": 0.9966, "likely_geometric_cross": true, "osm_url": "https://www.openstreetmap.org/node/3834869317", "branch_1_neighbor": "3834869318", "branch_1_bearing": 90.0, "branch_1_street": "", "branch_1_highway": "residential", "branch_2_neighbor": "3834869310", "branch_2_bearing": 179.53, "branch_2_street": "", "branch_2_highway": "residential", "branch_3_neighbor": "3834869316", "branch_3_bearing": 269.38, "branch_3_street": "", "branch_3_highway": "residential", "branch_4_neighbor": "3834869325", "branch_4_bearing": 359.55, "branch_4_street": "", "branch_4_highway": "residential" }, "geometry": { "type": "Point", "coordinates": [ 100.7169945, 13.8604279 ] } },
{ "type": "Feature", "properties": { "osm_node_id": "3840059185", "latitude": 13.8580805, "longitude": 100.7060073, "street_names": "", "highway_types": "residential", "in_degree": 4, "out_degree": 4, "fully_bidirectional": true, "traffic_signals": false, "junction": "", "minimum_branch_angle": 89.54, "maximum_branch_angle": 90.53, "cross_score": 0.9966, "likely_geometric_cross": true, "osm_url": "https://www.openstreetmap.org/node/3840059185", "branch_1_neighbor": "3840059192", "branch_1_bearing": 0.07, "branch_1_street": "", "branch_1_highway": "residential", "branch_2_neighbor": "3840059186", "branch_2_bearing": 89.62, "branch_2_street": "", "branch_2_highway": "residential", "branch_3_neighbor": "3840059169", "branch_3_bearing": 180.15, "branch_3_street": "", "branch_3_highway": "residential", "branch_4_neighbor": "3840059184", "branch_4_bearing": 270.0, "branch_4_street": "", "branch_4_highway": "residential" }, "geometry": { "type": "Point", "coordinates": [ 100.7060073, 13.8580805 ] } },
{ "type": "Feature", "properties": { "osm_node_id": "8122705711", "latitude": 13.8357296, "longitude": 100.7340956, "street_names": "ซอยนิมิตใหม่ 9", "highway_types": "residential", "in_degree": 4, "out_degree": 4, "fully_bidirectional": true, "traffic_signals": false, "junction": "", "minimum_branch_angle": 89.69, "maximum_branch_angle": 90.31, "cross_score": 0.9966, "likely_geometric_cross": true, "osm_url": "https://www.openstreetmap.org/node/8122705711", "branch_1_neighbor": "8122705713", "branch_1_bearing": 70.07, "branch_1_street": "ซอยนิมิตใหม่ 9", "branch_1_highway": "residential", "branch_2_neighbor": "8122705710", "branch_2_bearing": 159.76, "branch_2_street": "", "branch_2_highway": "residential", "branch_3_neighbor": "3841864162", "branch_3_bearing": 250.07, "branch_3_street": "ซอยนิมิตใหม่ 9", "branch_3_highway": "residential", "branch_4_neighbor": "8122705712", "branch_4_bearing": 339.77, "branch_4_street": "", "branch_4_highway": "residential" }, "geometry": { "type": "Point", "coordinates": [ 100.7340956, 13.8357296 ] } },
{ "type": "Feature", "properties": { "osm_node_id": "8323506113", "latitude": 13.9011921, "longitude": 100.7167788, "street_names": "", "highway_types": "residential", "in_degree": 4, "out_degree": 4, "fully_bidirectional": true, "traffic_signals": false, "junction": "", "minimum_branch_angle": 89.61, "maximum_branch_angle": 90.42, "cross_score": 0.9966, "likely_geometric_cross": true, "osm_url": "https://www.openstreetmap.org/node/8323506113", "branch_1_neighbor": "8323506114", "branch_1_bearing": 87.22, "branch_1_street": "", "branch_1_highway": "residential", "branch_2_neighbor": "10255219351", "branch_2_bearing": 177.42, "branch_2_street": "", "branch_2_highway": "residential", "branch_3_neighbor": "8323506112", "branch_3_bearing": 267.19, "branch_3_street": "", "branch_3_highway": "residential", "branch_4_neighbor": "8323506116", "branch_4_bearing": 356.81, "branch_4_street": "", "branch_4_highway": "residential" }, "geometry": { "type": "Point", "coordinates": [ 100.7167788, 13.9011921 ] } },
{ "type": "Feature", "properties": { "osm_node_id": "8341609738", "latitude": 13.8936165, "longitude": 100.7190269, "street_names": "", "highway_types": "residential", "in_degree": 4, "out_degree": 4, "fully_bidirectional": true, "traffic_signals": false, "junction": "", "minimum_branch_angle": 89.41, "maximum_branch_angle": 90.6, "cross_score": 0.9966, "likely_geometric_cross": true, "osm_url": "https://www.openstreetmap.org/node/8341609738", "branch_1_neighbor": "5941639266", "branch_1_bearing": 0.36, "branch_1_street": "", "branch_1_highway": "residential", "branch_2_neighbor": "8341609739", "branch_2_bearing": 90.96, "branch_2_street": "", "branch_2_highway": "residential", "branch_3_neighbor": "5941639261", "branch_3_bearing": 180.37, "branch_3_street": "", "branch_3_highway": "residential", "branch_4_neighbor": "8341609737", "branch_4_bearing": 270.39, "branch_4_street": "", "branch_4_highway": "residential" }, "geometry": { "type": "Point", "coordinates": [ 100.7190269, 13.8936165 ] } },
{ "type": "Feature", "properties": { "osm_node_id": "2562521961", "latitude": 13.8728959, "longitude": 100.7205555, "street_names": "", "highway_types": "residential", "in_degree": 4, "out_degree": 4, "fully_bidirectional": true, "traffic_signals": false, "junction": "", "minimum_branch_angle": 89.37, "maximum_branch_angle": 90.46, "cross_score": 0.9965, "likely_geometric_cross": true, "osm_url": "https://www.openstreetmap.org/node/2562521961", "branch_1_neighbor": "2562521958", "branch_1_bearing": 0.29, "branch_1_street": "", "branch_1_highway": "residential", "branch_2_neighbor": "2562521962", "branch_2_bearing": 89.66, "branch_2_street": "", "branch_2_highway": "residential", "branch_3_neighbor": "2562521964", "branch_3_bearing": 179.69, "branch_3_street": "", "branch_3_highway": "residential", "branch_4_neighbor": "8061345513", "branch_4_bearing": 270.15, "branch_4_street": "", "branch_4_highway": "residential" }, "geometry": { "type": "Point", "coordinates": [ 100.7205555, 13.8728959 ] } },
{ "type": "Feature", "properties": { "osm_node_id": "2562522048", "latitude": 13.8771577, "longitude": 100.7205344, "street_names": "", "highway_types": "residential", "in_degree": 4, "out_degree": 4, "fully_bidirectional": true, "traffic_signals": false, "junction": "", "minimum_branch_angle": 89.62, "maximum_branch_angle": 90.61, "cross_score": 0.9965, "likely_geometric_cross": true, "osm_url": "https://www.openstreetmap.org/node/2562522048", "branch_1_neighbor": "2562522049", "branch_1_bearing": 90.0, "branch_1_street": "", "branch_1_highway": "residential", "branch_2_neighbor": "8292064663", "branch_2_bearing": 180.02, "branch_2_street": "", "branch_2_highway": "residential", "branch_3_neighbor": "2562522047", "branch_3_bearing": 269.64, "branch_3_street": "", "branch_3_highway": "residential", "branch_4_neighbor": "2562522051", "branch_4_bearing": 359.39, "branch_4_street": "", "branch_4_highway": "residential" }, "geometry": { "type": "Point", "coordinates": [ 100.7205344, 13.8771577 ] } },
{ "type": "Feature", "properties": { "osm_node_id": "3053347084", "latitude": 13.8636242, "longitude": 100.7137794, "street_names": "", "highway_types": "residential", "in_degree": 4, "out_degree": 4, "fully_bidirectional": true, "traffic_signals": false, "junction": "", "minimum_branch_angle": 89.67, "maximum_branch_angle": 90.33, "cross_score": 0.9965, "likely_geometric_cross": true, "osm_url": "https://www.openstreetmap.org/node/3053347084", "branch_1_neighbor": "3053347442", "branch_1_bearing": 89.23, "branch_1_street": "", "branch_1_highway": "residential", "branch_2_neighbor": "3053347479", "branch_2_bearing": 178.92, "branch_2_street": "", "branch_2_highway": "residential", "branch_3_neighbor": "3053347125", "branch_3_bearing": 269.26, "branch_3_street": "", "branch_3_highway": "residential", "branch_4_neighbor": "3053347459", "branch_4_bearing": 358.93, "branch_4_street": "", "branch_4_highway": "residential" }, "geometry": { "type": "Point", "coordinates": [ 100.7137794, 13.8636242 ] } },
{ "type": "Feature", "properties": { "osm_node_id": "3053347105", "latitude": 13.864263, "longitude": 100.7137671, "street_names": "", "highway_types": "residential", "in_degree": 4, "out_degree": 4, "fully_bidirectional": true, "traffic_signals": false, "junction": "", "minimum_branch_angle": 89.68, "maximum_branch_angle": 90.32, "cross_score": 0.9965, "likely_geometric_cross": true, "osm_url": "https://www.openstreetmap.org/node/3053347105", "branch_1_neighbor": "3053347446", "branch_1_bearing": 89.24, "branch_1_street": "", "branch_1_highway": "residential", "branch_2_neighbor": "3053347459", "branch_2_bearing": 178.93, "branch_2_street": "", "branch_2_highway": "residential", "branch_3_neighbor": "3053347434", "branch_3_bearing": 269.25, "branch_3_street": "", "branch_3_highway": "residential", "branch_4_neighbor": "3053347095", "branch_4_bearing": 358.93, "branch_4_street": "", "branch_4_highway": "residential" }, "geometry": { "type": "Point", "coordinates": [ 100.7137671, 13.864263 ] } },
{ "type": "Feature", "properties": { "osm_node_id": "3834869491", "latitude": 13.8688509, "longitude": 100.7099941, "street_names": "", "highway_types": "residential", "in_degree": 4, "out_degree": 4, "fully_bidirectional": true, "traffic_signals": false, "junction": "", "minimum_branch_angle": 89.43, "maximum_branch_angle": 90.58, "cross_score": 0.9965, "likely_geometric_cross": true, "osm_url": "https://www.openstreetmap.org/node/3834869491", "branch_1_neighbor": "3834869492", "branch_1_bearing": 88.99, "branch_1_street": "", "branch_1_highway": "residential", "branch_2_neighbor": "3834869475", "branch_2_bearing": 178.93, "branch_2_street": "", "branch_2_highway": "residential", "branch_3_neighbor": "3834869490", "branch_3_bearing": 269.51, "branch_3_street": "", "branch_3_highway": "residential", "branch_4_neighbor": "3834869504", "branch_4_bearing": 358.94, "branch_4_street": "", "branch_4_highway": "residential" }, "geometry": { "type": "Point", "coordinates": [ 100.7099941, 13.8688509 ] } },
{ "type": "Feature", "properties": { "osm_node_id": "3841600933", "latitude": 13.8451634, "longitude": 100.6868615, "street_names": "", "highway_types": "residential", "in_degree": 4, "out_degree": 4, "fully_bidirectional": true, "traffic_signals": false, "junction": "", "minimum_branch_angle": 89.39, "maximum_branch_angle": 90.61, "cross_score": 0.9965, "likely_geometric_cross": true, "osm_url": "https://www.openstreetmap.org/node/3841600933", "branch_1_neighbor": "3841600940", "branch_1_bearing": 4.47, "branch_1_street": "", "branch_1_highway": "residential", "branch_2_neighbor": "3841600932", "branch_2_bearing": 93.86, "branch_2_street": "", "branch_2_highway": "residential", "branch_3_neighbor": "3841600930", "branch_3_bearing": 183.87, "branch_3_street": "", "branch_3_highway": "residential", "branch_4_neighbor": "6129277203", "branch_4_bearing": 273.85, "branch_4_street": "", "branch_4_highway": "residential" }, "geometry": { "type": "Point", "coordinates": [ 100.6868615, 13.8451634 ] } },
{ "type": "Feature", "properties": { "osm_node_id": "6521856579", "latitude": 13.8524425, "longitude": 100.7164872, "street_names": "", "highway_types": "residential", "in_degree": 4, "out_degree": 4, "fully_bidirectional": true, "traffic_signals": false, "junction": "", "minimum_branch_angle": 89.37, "maximum_branch_angle": 90.56, "cross_score": 0.9965, "likely_geometric_cross": true, "osm_url": "https://www.openstreetmap.org/node/6521856579", "branch_1_neighbor": "6521856578", "branch_1_bearing": 87.47, "branch_1_street": "", "branch_1_highway": "residential", "branch_2_neighbor": "6521878785", "branch_2_bearing": 177.55, "branch_2_street": "", "branch_2_highway": "residential", "branch_3_neighbor": "6521856581", "branch_3_bearing": 268.1, "branch_3_street": "", "branch_3_highway": "residential", "branch_4_neighbor": "6521878786", "branch_4_bearing": 357.48, "branch_4_street": "", "branch_4_highway": "residential" }, "geometry": { "type": "Point", "coordinates": [ 100.7164872, 13.8524425 ] } },
{ "type": "Feature", "properties": { "osm_node_id": "8140770208", "latitude": 13.8525898, "longitude": 100.700431, "street_names": "ซอยพระยาสุเรนทร์ 34", "highway_types": "residential", "in_degree": 4, "out_degree": 4, "fully_bidirectional": true, "traffic_signals": false, "junction": "", "minimum_branch_angle": 89.56, "maximum_branch_angle": 90.44, "cross_score": 0.9965, "likely_geometric_cross": true, "osm_url": "https://www.openstreetmap.org/node/8140770208", "branch_1_neighbor": "8140770211", "branch_1_bearing": 90.0, "branch_1_street": "ซอยพระยาสุเรนทร์ 34", "branch_1_highway": "residential", "branch_2_neighbor": "8140770209", "branch_2_bearing": 179.56, "branch_2_street": "", "branch_2_highway": "residential", "branch_3_neighbor": "6129278576", "branch_3_bearing": 269.76, "branch_3_street": "ซอยพระยาสุเรนทร์ 34", "branch_3_highway": "residential", "branch_4_neighbor": "8140770207", "branch_4_bearing": 359.56, "branch_4_street": "", "branch_4_highway": "residential" }, "geometry": { "type": "Point", "coordinates": [ 100.700431, 13.8525898 ] } },
{ "type": "Feature", "properties": { "osm_node_id": "3840059029", "latitude": 13.8567444, "longitude": 100.7067318, "street_names": "", "highway_types": "residential", "in_degree": 4, "out_degree": 4, "fully_bidirectional": true, "traffic_signals": false, "junction": "", "minimum_branch_angle": 89.39, "maximum_branch_angle": 90.62, "cross_score": 0.9964, "likely_geometric_cross": true, "osm_url": "https://www.openstreetmap.org/node/3840059029", "branch_1_neighbor": "3840059030", "branch_1_bearing": 90.0, "branch_1_street": "", "branch_1_highway": "residential", "branch_2_neighbor": "3840059017", "branch_2_bearing": 179.39, "branch_2_street": "", "branch_2_highway": "residential", "branch_3_neighbor": "3840059028", "branch_3_bearing": 269.43, "branch_3_street": "", "branch_3_highway": "residential", "branch_4_neighbor": "8299050752", "branch_4_bearing": 359.38, "branch_4_street": "", "branch_4_highway": "residential" }, "geometry": { "type": "Point", "coordinates": [ 100.7067318, 13.8567444 ] } },
{ "type": "Feature", "properties": { "osm_node_id": "3053303668", "latitude": 13.884788, "longitude": 100.7203546, "street_names": "", "highway_types": "residential", "in_degree": 4, "out_degree": 4, "fully_bidirectional": true, "traffic_signals": false, "junction": "", "minimum_branch_angle": 89.47, "maximum_branch_angle": 90.39, "cross_score": 0.9963, "likely_geometric_cross": true, "osm_url": "https://www.openstreetmap.org/node/3053303668", "branch_1_neighbor": "3053301929", "branch_1_bearing": 0.37, "branch_1_street": "", "branch_1_highway": "residential", "branch_2_neighbor": "3053301922", "branch_2_bearing": 89.84, "branch_2_street": "", "branch_2_highway": "residential", "branch_3_neighbor": "3053303650", "branch_3_bearing": 180.23, "branch_3_street": "", "branch_3_highway": "residential", "branch_4_neighbor": "3053303647", "branch_4_bearing": 270.5, "branch_4_street": "", "branch_4_highway": "residential" }, "geometry": { "type": "Point", "coordinates": [ 100.7203546, 13.884788 ] } },
{ "type": "Feature", "properties": { "osm_node_id": "3841547725", "latitude": 13.849106, "longitude": 100.7024992, "street_names": "", "highway_types": "residential", "in_degree": 4, "out_degree": 4, "fully_bidirectional": true, "traffic_signals": false, "junction": "", "minimum_branch_angle": 89.61, "maximum_branch_angle": 90.38, "cross_score": 0.9963, "likely_geometric_cross": true, "osm_url": "https://www.openstreetmap.org/node/3841547725", "branch_1_neighbor": "3841547726", "branch_1_bearing": 87.86, "branch_1_street": "", "branch_1_highway": "residential", "branch_2_neighbor": "3841547717", "branch_2_bearing": 178.24, "branch_2_street": "", "branch_2_highway": "residential", "branch_3_neighbor": "3841547724", "branch_3_bearing": 268.52, "branch_3_street": "", "branch_3_highway": "residential", "branch_4_neighbor": "3841547733", "branch_4_bearing": 358.25, "branch_4_street": "", "branch_4_highway": "residential" }, "geometry": { "type": "Point", "coordinates": [ 100.7024992, 13.849106 ] } },
{ "type": "Feature", "properties": { "osm_node_id": "2562522054", "latitude": 13.8778785, "longitude": 100.7205315, "street_names": "ซอย ๗; ซอย ๘", "highway_types": "residential", "in_degree": 4, "out_degree": 4, "fully_bidirectional": true, "traffic_signals": false, "junction": "", "minimum_branch_angle": 89.48, "maximum_branch_angle": 90.52, "cross_score": 0.9962, "likely_geometric_cross": true, "osm_url": "https://www.openstreetmap.org/node/2562522054", "branch_1_neighbor": "2562522057", "branch_1_bearing": 0.17, "branch_1_street": "", "branch_1_highway": "residential", "branch_2_neighbor": "2562522055", "branch_2_bearing": 89.65, "branch_2_street": "ซอย ๘", "branch_2_highway": "residential", "branch_3_neighbor": "2562522051", "branch_3_bearing": 180.17, "branch_3_street": "", "branch_3_highway": "residential", "branch_4_neighbor": "2562522053", "branch_4_bearing": 270.0, "branch_4_street": "ซอย ๗", "branch_4_highway": "residential" }, "geometry": { "type": "Point", "coordinates": [ 100.7205315, 13.8778785 ] } },
{ "type": "Feature", "properties": { "osm_node_id": "3834869508", "latitude": 13.8697366, "longitude": 100.7187044, "street_names": "ซอย 21; ซอย 22", "highway_types": "residential", "in_degree": 4, "out_degree": 4, "fully_bidirectional": true, "traffic_signals": false, "junction": "", "minimum_branch_angle": 89.32, "maximum_branch_angle": 90.66, "cross_score": 0.9962, "likely_geometric_cross": true, "osm_url": "https://www.openstreetmap.org/node/3834869508", "branch_1_neighbor": "3834869509", "branch_1_bearing": 88.04, "branch_1_street": "ซอย 22", "branch_1_highway": "residential", "branch_2_neighbor": "3834869501", "branch_2_bearing": 178.05, "branch_2_street": "", "branch_2_highway": "residential", "branch_3_neighbor": "3834869507", "branch_3_bearing": 268.72, "branch_3_street": "ซอย 21", "branch_3_highway": "residential", "branch_4_neighbor": "3834869513", "branch_4_bearing": 358.04, "branch_4_street": "", "branch_4_highway": "residential" }, "geometry": { "type": "Point", "coordinates": [ 100.7187044, 13.8697366 ] } },
{ "type": "Feature", "properties": { "osm_node_id": "3840058805", "latitude": 13.8501398, "longitude": 100.7048929, "street_names": "", "highway_types": "residential", "in_degree": 4, "out_degree": 4, "fully_bidirectional": true, "traffic_signals": false, "junction": "", "minimum_branch_angle": 89.62, "maximum_branch_angle": 90.59, "cross_score": 0.9962, "likely_geometric_cross": true, "osm_url": "https://www.openstreetmap.org/node/3840058805", "branch_1_neighbor": "3840058806", "branch_1_bearing": 87.47, "branch_1_street": "", "branch_1_highway": "residential", "branch_2_neighbor": "3840058783", "branch_2_bearing": 177.56, "branch_2_street": "", "branch_2_highway": "residential", "branch_3_neighbor": "3840058801", "branch_3_bearing": 268.16, "branch_3_street": "", "branch_3_highway": "residential", "branch_4_neighbor": "3840058837", "branch_4_bearing": 357.85, "branch_4_street": "", "branch_4_highway": "residential" }, "geometry": { "type": "Point", "coordinates": [ 100.7048929, 13.8501398 ] } },
{ "type": "Feature", "properties": { "osm_node_id": "3053303638", "latitude": 13.8859036, "longitude": 100.720353, "street_names": "", "highway_types": "residential", "in_degree": 4, "out_degree": 4, "fully_bidirectional": true, "traffic_signals": false, "junction": "", "minimum_branch_angle": 89.4, "maximum_branch_angle": 90.69, "cross_score": 0.9961, "likely_geometric_cross": true, "osm_url": "https://www.openstreetmap.org/node/3053303638", "branch_1_neighbor": "3053303663", "branch_1_bearing": 0.18, "branch_1_street": "", "branch_1_highway": "residential", "branch_2_neighbor": "3053303667", "branch_2_bearing": 90.2, "branch_2_street": "", "branch_2_highway": "residential", "branch_3_neighbor": "3053301908", "branch_3_bearing": 179.6, "branch_3_street": "", "branch_3_highway": "residential", "branch_4_neighbor": "3053303652", "branch_4_bearing": 269.49, "branch_4_street": "", "branch_4_highway": "residential" }, "geometry": { "type": "Point", "coordinates": [ 100.720353, 13.8859036 ] } },
{ "type": "Feature", "properties": { "osm_node_id": "3053310340", "latitude": 13.9023049, "longitude": 100.7185437, "street_names": "", "highway_types": "residential", "in_degree": 4, "out_degree": 4, "fully_bidirectional": true, "traffic_signals": false, "junction": "", "minimum_branch_angle": 89.56, "maximum_branch_angle": 90.45, "cross_score": 0.9961, "likely_geometric_cross": true, "osm_url": "https://www.openstreetmap.org/node/3053310340", "branch_1_neighbor": "3053310367", "branch_1_bearing": 86.39, "branch_1_street": "", "branch_1_highway": "residential", "branch_2_neighbor": "3053310375", "branch_2_bearing": 176.84, "branch_2_street": "", "branch_2_highway": "residential", "branch_3_neighbor": "3053310369", "branch_3_bearing": 266.57, "branch_3_street": "", "branch_3_highway": "residential", "branch_4_neighbor": "3053310336", "branch_4_bearing": 356.83, "branch_4_street": "", "branch_4_highway": "residential" }, "geometry": { "type": "Point", "coordinates": [ 100.7185437, 13.9023049 ] } },
{ "type": "Feature", "properties": { "osm_node_id": "3053310345", "latitude": 13.8979049, "longitude": 100.7187937, "street_names": "", "highway_types": "residential", "in_degree": 4, "out_degree": 4, "fully_bidirectional": true, "traffic_signals": false, "junction": "", "minimum_branch_angle": 89.61, "maximum_branch_angle": 90.4, "cross_score": 0.9961, "likely_geometric_cross": true, "osm_url": "https://www.openstreetmap.org/node/3053310345", "branch_1_neighbor": "3053310368", "branch_1_bearing": 86.54, "branch_1_street": "", "branch_1_highway": "residential", "branch_2_neighbor": "3053310356", "branch_2_bearing": 176.84, "branch_2_street": "", "branch_2_highway": "residential", "branch_3_neighbor": "3053310337", "branch_3_bearing": 266.44, "branch_3_street": "", "branch_3_highway": "residential", "branch_4_neighbor": "3053310349", "branch_4_bearing": 356.84, "branch_4_street": "", "branch_4_highway": "residential" }, "geometry": { "type": "Point", "coordinates": [ 100.7187937, 13.8979049 ] } },
{ "type": "Feature", "properties": { "osm_node_id": "3053324398", "latitude": 13.8713058, "longitude": 100.7436285, "street_names": "", "highway_types": "residential", "in_degree": 4, "out_degree": 4, "fully_bidirectional": true, "traffic_signals": false, "junction": "", "minimum_branch_angle": 89.45, "maximum_branch_angle": 90.57, "cross_score": 0.9961, "likely_geometric_cross": true, "osm_url": "https://www.openstreetmap.org/node/3053324398", "branch_1_neighbor": "3053324436", "branch_1_bearing": 86.19, "branch_1_street": "", "branch_1_highway": "residential", "branch_2_neighbor": "3053324399", "branch_2_bearing": 176.03, "branch_2_street": "", "branch_2_highway": "residential", "branch_3_neighbor": "3053324465", "branch_3_bearing": 265.49, "branch_3_street": "", "branch_3_highway": "residential", "branch_4_neighbor": "8177832434", "branch_4_bearing": 356.06, "branch_4_street": "", "branch_4_highway": "residential" }, "geometry": { "type": "Point", "coordinates": [ 100.7436285, 13.8713058 ] } },
{ "type": "Feature", "properties": { "osm_node_id": "3840087169", "latitude": 13.853795, "longitude": 100.6954072, "street_names": "", "highway_types": "residential", "in_degree": 4, "out_degree": 4, "fully_bidirectional": true, "traffic_signals": false, "junction": "", "minimum_branch_angle": 89.43, "maximum_branch_angle": 90.56, "cross_score": 0.9961, "likely_geometric_cross": true, "osm_url": "https://www.openstreetmap.org/node/3840087169", "branch_1_neighbor": "3840087170", "branch_1_bearing": 90.0, "branch_1_street": "", "branch_1_highway": "residential", "branch_2_neighbor": "3840087166", "branch_2_bearing": 179.86, "branch_2_street": "", "branch_2_highway": "residential", "branch_3_neighbor": "3840087168", "branch_3_bearing": 269.3, "branch_3_street": "", "branch_3_highway": "residential", "branch_4_neighbor": "3840087185", "branch_4_bearing": 359.86, "branch_4_street": "", "branch_4_highway": "residential" }, "geometry": { "type": "Point", "coordinates": [ 100.6954072, 13.853795 ] } },
{ "type": "Feature", "properties": { "osm_node_id": "5372934287", "latitude": 13.847672, "longitude": 100.7168482, "street_names": "", "highway_types": "residential", "in_degree": 4, "out_degree": 4, "fully_bidirectional": true, "traffic_signals": false, "junction": "", "minimum_branch_angle": 89.53, "maximum_branch_angle": 90.61, "cross_score": 0.9961, "likely_geometric_cross": true, "osm_url": "https://www.openstreetmap.org/node/5372934287", "branch_1_neighbor": "5372934286", "branch_1_bearing": 87.54, "branch_1_street": "", "branch_1_highway": "residential", "branch_2_neighbor": "5372934282", "branch_2_bearing": 177.07, "branch_2_street": "", "branch_2_highway": "residential", "branch_3_neighbor": "5372934288", "branch_3_bearing": 267.68, "branch_3_street": "", "branch_3_highway": "residential", "branch_4_neighbor": "5372934283", "branch_4_bearing": 357.76, "branch_4_street": "", "branch_4_highway": "residential" }, "geometry": { "type": "Point", "coordinates": [ 100.7168482, 13.847672 ] } },
{ "type": "Feature", "properties": { "osm_node_id": "6521858841", "latitude": 13.8538734, "longitude": 100.7129185, "street_names": "", "highway_types": "residential", "in_degree": 4, "out_degree": 4, "fully_bidirectional": true, "traffic_signals": false, "junction": "", "minimum_branch_angle": 89.64, "maximum_branch_angle": 90.36, "cross_score": 0.9961, "likely_geometric_cross": true, "osm_url": "https://www.openstreetmap.org/node/6521858841", "branch_1_neighbor": "6521858839", "branch_1_bearing": 88.74, "branch_1_street": "", "branch_1_highway": "residential", "branch_2_neighbor": "6117202210", "branch_2_bearing": 179.1, "branch_2_street": "", "branch_2_highway": "residential", "branch_3_neighbor": "6521858840", "branch_3_bearing": 268.75, "branch_3_street": "", "branch_3_highway": "residential", "branch_4_neighbor": "6521858844", "branch_4_bearing": 359.1, "branch_4_street": "", "branch_4_highway": "residential" }, "geometry": { "type": "Point", "coordinates": [ 100.7129185, 13.8538734 ] } },
{ "type": "Feature", "properties": { "osm_node_id": "2562522018", "latitude": 13.8658637, "longitude": 100.7201584, "street_names": "", "highway_types": "residential", "in_degree": 4, "out_degree": 4, "fully_bidirectional": true, "traffic_signals": false, "junction": "", "minimum_branch_angle": 89.25, "maximum_branch_angle": 90.48, "cross_score": 0.9959, "likely_geometric_cross": true, "osm_url": "https://www.openstreetmap.org/node/2562522018", "branch_1_neighbor": "2562522020", "branch_1_bearing": 88.09, "branch_1_street": "", "branch_1_highway": "residential", "branch_2_neighbor": "2562522024", "branch_2_bearing": 178.16, "branch_2_street": "", "branch_2_highway": "residential", "branch_3_neighbor": "2562522016", "branch_3_bearing": 268.65, "branch_3_street": "", "branch_3_highway": "residential", "branch_4_neighbor": "2562522012", "branch_4_bearing": 357.9, "branch_4_street": "", "branch_4_highway": "residential" }, "geometry": { "type": "Point", "coordinates": [ 100.7201584, 13.8658637 ] } },
{ "type": "Feature", "properties": { "osm_node_id": "3840087138", "latitude": 13.8525674, "longitude": 100.6979558, "street_names": "ซอยพระยาสุเรนทร์ 34", "highway_types": "residential", "in_degree": 4, "out_degree": 4, "fully_bidirectional": true, "traffic_signals": false, "junction": "", "minimum_branch_angle": 89.62, "maximum_branch_angle": 90.39, "cross_score": 0.9959, "likely_geometric_cross": true, "osm_url": "https://www.openstreetmap.org/node/3840087138", "branch_1_neighbor": "3840087139", "branch_1_bearing": 89.28, "branch_1_street": "ซอยพระยาสุเรนทร์ 34", "branch_1_highway": "residential", "branch_2_neighbor": "6129278575", "branch_2_bearing": 178.9, "branch_2_street": "", "branch_2_highway": "residential", "branch_3_neighbor": "8236472916", "branch_3_bearing": 269.24, "branch_3_street": "ซอยพระยาสุเรนทร์ 34", "branch_3_highway": "residential", "branch_4_neighbor": "8236477391", "branch_4_bearing": 358.89, "branch_4_street": "", "branch_4_highway": "residential" }, "geometry": { "type": "Point", "coordinates": [ 100.6979558, 13.8525674 ] } },
{ "type": "Feature", "properties": { "osm_node_id": "2562521964", "latitude": 13.8725333, "longitude": 100.7205575, "street_names": "", "highway_types": "residential", "in_degree": 4, "out_degree": 4, "fully_bidirectional": true, "traffic_signals": false, "junction": "", "minimum_branch_angle": 89.6, "maximum_branch_angle": 90.41, "cross_score": 0.9958, "likely_geometric_cross": true, "osm_url": "https://www.openstreetmap.org/node/2562521964", "branch_1_neighbor": "2562521965", "branch_1_bearing": 89.34, "branch_1_street": "", "branch_1_highway": "residential", "branch_2_neighbor": "2562521967", "branch_2_bearing": 179.68, "branch_2_street": "", "branch_2_highway": "residential", "branch_3_neighbor": "8061345514", "branch_3_bearing": 270.09, "branch_3_street": "", "branch_3_highway": "residential", "branch_4_neighbor": "2562521961", "branch_4_bearing": 359.69, "branch_4_street": "", "branch_4_highway": "residential" }, "geometry": { "type": "Point", "coordinates": [ 100.7205575, 13.8725333 ] } },
{ "type": "Feature", "properties": { "osm_node_id": "3053310335", "latitude": 13.901227, "longitude": 100.7186049, "street_names": "", "highway_types": "residential", "in_degree": 4, "out_degree": 4, "fully_bidirectional": true, "traffic_signals": false, "junction": "", "minimum_branch_angle": 89.62, "maximum_branch_angle": 90.38, "cross_score": 0.9958, "likely_geometric_cross": true, "osm_url": "https://www.openstreetmap.org/node/3053310335", "branch_1_neighbor": "3053310374", "branch_1_bearing": 86.47, "branch_1_street": "", "branch_1_highway": "residential", "branch_2_neighbor": "3053310363", "branch_2_bearing": 176.83, "branch_2_street": "", "branch_2_highway": "residential", "branch_3_neighbor": "3053310370", "branch_3_bearing": 266.46, "branch_3_street": "", "branch_3_highway": "residential", "branch_4_neighbor": "3053310359", "branch_4_bearing": 356.85, "branch_4_street": "", "branch_4_highway": "residential" }, "geometry": { "type": "Point", "coordinates": [ 100.7186049, 13.901227 ] } },
{ "type": "Feature", "properties": { "osm_node_id": "3841909848", "latitude": 13.8331034, "longitude": 100.7184857, "street_names": "นลิน 1; นลิน 1 ซอย 1; นลิน 1 ซอย 2", "highway_types": "residential", "in_degree": 4, "out_degree": 4, "fully_bidirectional": true, "traffic_signals": false, "junction": "", "minimum_branch_angle": 89.47, "maximum_branch_angle": 90.55, "cross_score": 0.9958, "likely_geometric_cross": true, "osm_url": "https://www.openstreetmap.org/node/3841909848", "branch_1_neighbor": "3841909849", "branch_1_bearing": 88.75, "branch_1_street": "นลิน 1 ซอย 1", "branch_1_highway": "residential", "branch_2_neighbor": "3841909841", "branch_2_bearing": 178.22, "branch_2_street": "นลิน 1", "branch_2_highway": "residential", "branch_3_neighbor": "3841909847", "branch_3_bearing": 268.0, "branch_3_street": "นลิน 1 ซอย 2", "branch_3_highway": "residential", "branch_4_neighbor": "3841912658", "branch_4_bearing": 358.2, "branch_4_street": "นลิน 1", "branch_4_highway": "residential" }, "geometry": { "type": "Point", "coordinates": [ 100.7184857, 13.8331034 ] } },
{ "type": "Feature", "properties": { "osm_node_id": "6124182923", "latitude": 13.8720062, "longitude": 100.7175754, "street_names": "", "highway_types": "residential", "in_degree": 4, "out_degree": 4, "fully_bidirectional": true, "traffic_signals": false, "junction": "", "minimum_branch_angle": 89.34, "maximum_branch_angle": 90.58, "cross_score": 0.9958, "likely_geometric_cross": true, "osm_url": "https://www.openstreetmap.org/node/6124182923", "branch_1_neighbor": "6124182926", "branch_1_bearing": 0.12, "branch_1_street": "", "branch_1_highway": "residential", "branch_2_neighbor": "6124182922", "branch_2_bearing": 90.04, "branch_2_street": "", "branch_2_highway": "residential", "branch_3_neighbor": "6124182920", "branch_3_bearing": 179.37, "branch_3_street": "", "branch_3_highway": "residential", "branch_4_neighbor": "6124182924", "branch_4_bearing": 269.55, "branch_4_street": "", "branch_4_highway": "residential" }, "geometry": { "type": "Point", "coordinates": [ 100.7175754, 13.8720062 ] } },
{ "type": "Feature", "properties": { "osm_node_id": "3053324430", "latitude": 13.8739924, "longitude": 100.7434407, "street_names": "", "highway_types": "residential", "in_degree": 4, "out_degree": 4, "fully_bidirectional": true, "traffic_signals": false, "junction": "", "minimum_branch_angle": 89.24, "maximum_branch_angle": 90.76, "cross_score": 0.9957, "likely_geometric_cross": true, "osm_url": "https://www.openstreetmap.org/node/3053324430", "branch_1_neighbor": "8158361862", "branch_1_bearing": 85.88, "branch_1_street": "", "branch_1_highway": "residential", "branch_2_neighbor": "3053324377", "branch_2_bearing": 176.63, "branch_2_street": "", "branch_2_highway": "residential", "branch_3_neighbor": "3053324435", "branch_3_bearing": 265.87, "branch_3_street": "", "branch_3_highway": "residential", "branch_4_neighbor": "3053324397", "branch_4_bearing": 355.85, "branch_4_street": "", "branch_4_highway": "residential" }, "geometry": { "type": "Point", "coordinates": [ 100.7434407, 13.8739924 ] } },
{ "type": "Feature", "properties": { "osm_node_id": "3840058995", "latitude": 13.8555738, "longitude": 100.7060083, "street_names": "", "highway_types": "residential", "in_degree": 4, "out_degree": 4, "fully_bidirectional": true, "traffic_signals": false, "junction": "", "minimum_branch_angle": 89.46, "maximum_branch_angle": 90.77, "cross_score": 0.9957, "likely_geometric_cross": true, "osm_url": "https://www.openstreetmap.org/node/3840058995", "branch_1_neighbor": "3840058993", "branch_1_bearing": 90.6, "branch_1_street": "", "branch_1_highway": "residential", "branch_2_neighbor": "3840058986", "branch_2_bearing": 180.58, "branch_2_street": "", "branch_2_highway": "residential", "branch_3_neighbor": "3840058996", "branch_3_bearing": 270.37, "branch_3_street": "", "branch_3_highway": "residential", "branch_4_neighbor": "3840059004", "branch_4_bearing": 359.83, "branch_4_street": "", "branch_4_highway": "residential" }, "geometry": { "type": "Point", "coordinates": [ 100.7060083, 13.8555738 ] } },
{ "type": "Feature", "properties": { "osm_node_id": "3840129901", "latitude": 13.8561898, "longitude": 100.6791903, "street_names": "ซอยคู้บอน 36", "highway_types": "residential", "in_degree": 4, "out_degree": 4, "fully_bidirectional": true, "traffic_signals": false, "junction": "", "minimum_branch_angle": 89.46, "maximum_branch_angle": 90.56, "cross_score": 0.9957, "likely_geometric_cross": true, "osm_url": "https://www.openstreetmap.org/node/3840129901", "branch_1_neighbor": "3840129903", "branch_1_bearing": 75.48, "branch_1_street": "", "branch_1_highway": "residential", "branch_2_neighbor": "3840129895", "branch_2_bearing": 165.7, "branch_2_street": "ซอยคู้บอน 36", "branch_2_highway": "residential", "branch_3_neighbor": "3840129900", "branch_3_bearing": 255.46, "branch_3_street": "", "branch_3_highway": "residential", "branch_4_neighbor": "2555247054", "branch_4_bearing": 346.02, "branch_4_street": "ซอยคู้บอน 36", "branch_4_highway": "residential" }, "geometry": { "type": "Point", "coordinates": [ 100.6791903, 13.8561898 ] } },
{ "type": "Feature", "properties": { "osm_node_id": "3841928515", "latitude": 13.8324378, "longitude": 100.7034021, "street_names": "ซอย 1; ซอย 2", "highway_types": "residential", "in_degree": 4, "out_degree": 4, "fully_bidirectional": true, "traffic_signals": false, "junction": "", "minimum_branch_angle": 89.52, "maximum_branch_angle": 90.7, "cross_score": 0.9957, "likely_geometric_cross": true, "osm_url": "https://www.openstreetmap.org/node/3841928515", "branch_1_neighbor": "3841928561", "branch_1_bearing": 24.67, "branch_1_street": "ซอย 2", "branch_1_highway": "residential", "branch_2_neighbor": "3841928509", "branch_2_bearing": 114.73, "branch_2_street": "ซอย 1", "branch_2_highway": "residential", "branch_3_neighbor": "3841928377", "branch_3_bearing": 204.26, "branch_3_street": "ซอย 2", "branch_3_highway": "residential", "branch_4_neighbor": "3841928516", "branch_4_bearing": 294.96, "branch_4_street": "ซอย 1", "branch_4_highway": "residential" }, "geometry": { "type": "Point", "coordinates": [ 100.7034021, 13.8324378 ] } },
{ "type": "Feature", "properties": { "osm_node_id": "5887077307", "latitude": 13.9078793, "longitude": 100.7886862, "street_names": "", "highway_types": "residential", "in_degree": 4, "out_degree": 4, "fully_bidirectional": true, "traffic_signals": false, "junction": "", "minimum_branch_angle": 89.42, "maximum_branch_angle": 90.8, "cross_score": 0.9956, "likely_geometric_cross": true, "osm_url": "https://www.openstreetmap.org/node/5887077307", "branch_1_neighbor": "5887076577", "branch_1_bearing": 90.62, "branch_1_street": "", "branch_1_highway": "residential", "branch_2_neighbor": "5887076578", "branch_2_bearing": 180.58, "branch_2_street": "", "branch_2_highway": "residential", "branch_3_neighbor": "5887077309", "branch_3_bearing": 270.0, "branch_3_street": "", "branch_3_highway": "residential", "branch_4_neighbor": "5887077308", "branch_4_bearing": 359.82, "branch_4_street": "", "branch_4_highway": "residential" }, "geometry": { "type": "Point", "coordinates": [ 100.7886862, 13.9078793 ] } },
{ "type": "Feature", "properties": { "osm_node_id": "5941639215", "latitude": 13.8897369, "longitude": 100.7190499, "street_names": "", "highway_types": "residential", "in_degree": 4, "out_degree": 4, "fully_bidirectional": true, "traffic_signals": false, "junction": "", "minimum_branch_angle": 89.61, "maximum_branch_angle": 90.79, "cross_score": 0.9956, "likely_geometric_cross": true, "osm_url": "https://www.openstreetmap.org/node/5941639215", "branch_1_neighbor": "5941639214", "branch_1_bearing": 89.52, "branch_1_street": "", "branch_1_highway": "residential", "branch_2_neighbor": "5941639212", "branch_2_bearing": 180.32, "branch_2_street": "", "branch_2_highway": "residential", "branch_3_neighbor": "5941639216", "branch_3_bearing": 270.27, "branch_3_street": "", "branch_3_highway": "residential", "branch_4_neighbor": "5941639274", "branch_4_bearing": 359.88, "branch_4_street": "", "branch_4_highway": "residential" }, "geometry": { "type": "Point", "coordinates": [ 100.7190499, 13.8897369 ] } },
{ "type": "Feature", "properties": { "osm_node_id": "2562521979", "latitude": 13.8698313, "longitude": 100.7200328, "street_names": "", "highway_types": "residential", "in_degree": 4, "out_degree": 4, "fully_bidirectional": true, "traffic_signals": false, "junction": "", "minimum_branch_angle": 89.48, "maximum_branch_angle": 90.81, "cross_score": 0.9955, "likely_geometric_cross": true, "osm_url": "https://www.openstreetmap.org/node/2562521979", "branch_1_neighbor": "2562521980", "branch_1_bearing": 88.04, "branch_1_street": "", "branch_1_highway": "residential", "branch_2_neighbor": "2562521982", "branch_2_bearing": 177.96, "branch_2_street": "", "branch_2_highway": "residential", "branch_3_neighbor": "2562521978", "branch_3_bearing": 267.44, "branch_3_street": "", "branch_3_highway": "residential", "branch_4_neighbor": "2562521976", "branch_4_bearing": 358.25, "branch_4_street": "", "branch_4_highway": "residential" }, "geometry": { "type": "Point", "coordinates": [ 100.7200328, 13.8698313 ] } },
{ "type": "Feature", "properties": { "osm_node_id": "2562521985", "latitude": 13.8691137, "longitude": 100.7200566, "street_names": "", "highway_types": "residential", "in_degree": 4, "out_degree": 4, "fully_bidirectional": true, "traffic_signals": false, "junction": "", "minimum_branch_angle": 89.45, "maximum_branch_angle": 90.55, "cross_score": 0.9955, "likely_geometric_cross": true, "osm_url": "https://www.openstreetmap.org/node/2562521985", "branch_1_neighbor": "2562521986", "branch_1_bearing": 88.1, "branch_1_street": "", "branch_1_highway": "residential", "branch_2_neighbor": "2562521988", "branch_2_bearing": 178.65, "branch_2_street": "", "branch_2_highway": "residential", "branch_3_neighbor": "2562521984", "branch_3_bearing": 268.1, "branch_3_street": "", "branch_3_highway": "residential", "branch_4_neighbor": "2562521982", "branch_4_bearing": 358.35, "branch_4_street": "", "branch_4_highway": "residential" }, "geometry": { "type": "Point", "coordinates": [ 100.7200566, 13.8691137 ] } },
{ "type": "Feature", "properties": { "osm_node_id": "3053301910", "latitude": 13.8870168, "longitude": 100.7203593, "street_names": "", "highway_types": "residential", "in_degree": 4, "out_degree": 4, "fully_bidirectional": true, "traffic_signals": false, "junction": "", "minimum_branch_angle": 89.49, "maximum_branch_angle": 90.81, "cross_score": 0.9955, "likely_geometric_cross": true, "osm_url": "https://www.openstreetmap.org/node/3053301910", "branch_1_neighbor": "3053303642", "branch_1_bearing": 0.3, "branch_1_street": "", "branch_1_highway": "residential", "branch_2_neighbor": "3053303670", "branch_2_bearing": 90.01, "branch_2_street": "", "branch_2_highway": "residential", "branch_3_neighbor": "3053303661", "branch_3_bearing": 180.0, "branch_3_street": "", "branch_3_highway": "residential", "branch_4_neighbor": "3053301918", "branch_4_bearing": 270.81, "branch_4_street": "", "branch_4_highway": "residential" }, "geometry": { "type": "Point", "coordinates": [ 100.7203593, 13.8870168 ] } },
{ "type": "Feature", "properties": { "osm_node_id": "5372934298", "latitude": 13.8500524, "longitude": 100.7166132, "street_names": "", "highway_types": "residential", "in_degree": 4, "out_degree": 4, "fully_bidirectional": true, "traffic_signals": false, "junction": "", "minimum_branch_angle": 89.39, "maximum_branch_angle": 90.62, "cross_score": 0.9954, "likely_geometric_cross": true, "osm_url": "https://www.openstreetmap.org/node/5372934298", "branch_1_neighbor": "5372934299", "branch_1_bearing": 88.15, "branch_1_street": "", "branch_1_highway": "residential", "branch_2_neighbor": "5372934292", "branch_2_bearing": 177.54, "branch_2_street": "", "branch_2_highway": "residential", "branch_3_neighbor": "5372934297", "branch_3_bearing": 267.32, "branch_3_street": "", "branch_3_highway": "residential", "branch_4_neighbor": "5372934293", "branch_4_bearing": 357.53, "branch_4_street": "", "branch_4_highway": "residential" }, "geometry": { "type": "Point", "coordinates": [ 100.7166132, 13.8500524 ] } },
{ "type": "Feature", "properties": { "osm_node_id": "6521856581", "latitude": 13.8524325, "longitude": 100.716176, "street_names": "", "highway_types": "residential", "in_degree": 4, "out_degree": 4, "fully_bidirectional": true, "traffic_signals": false, "junction": "", "minimum_branch_angle": 89.2, "maximum_branch_angle": 90.79, "cross_score": 0.9954, "likely_geometric_cross": true, "osm_url": "https://www.openstreetmap.org/node/6521856581", "branch_1_neighbor": "6521856579", "branch_1_bearing": 88.1, "branch_1_street": "", "branch_1_highway": "residential", "branch_2_neighbor": "6521856580", "branch_2_bearing": 178.13, "branch_2_street": "", "branch_2_highway": "residential", "branch_3_neighbor": "6521878788", "branch_3_bearing": 267.34, "branch_3_street": "", "branch_3_highway": "residential", "branch_4_neighbor": "6521856582", "branch_4_bearing": 357.31, "branch_4_street": "", "branch_4_highway": "residential" }, "geometry": { "type": "Point", "coordinates": [ 100.716176, 13.8524325 ] } },
{ "type": "Feature", "properties": { "osm_node_id": "8123078703", "latitude": 13.8382651, "longitude": 100.7351553, "street_names": "ซอยนิมิตใหม่ 13", "highway_types": "residential", "in_degree": 4, "out_degree": 4, "fully_bidirectional": true, "traffic_signals": false, "junction": "", "minimum_branch_angle": 89.55, "maximum_branch_angle": 90.49, "cross_score": 0.9954, "likely_geometric_cross": true, "osm_url": "https://www.openstreetmap.org/node/8123078703", "branch_1_neighbor": "3841864193", "branch_1_bearing": 70.45, "branch_1_street": "ซอยนิมิตใหม่ 13", "branch_1_highway": "residential", "branch_2_neighbor": "8123078704", "branch_2_bearing": 159.99, "branch_2_street": "", "branch_2_highway": "residential", "branch_3_neighbor": "3841864172", "branch_3_bearing": 250.48, "branch_3_street": "ซอยนิมิตใหม่ 13", "branch_3_highway": "residential", "branch_4_neighbor": "8123078702", "branch_4_bearing": 340.1, "branch_4_street": "", "branch_4_highway": "residential" }, "geometry": { "type": "Point", "coordinates": [ 100.7351553, 13.8382651 ] } },
{ "type": "Feature", "properties": { "osm_node_id": "8424633794", "latitude": 13.8977797, "longitude": 100.7118325, "street_names": "", "highway_types": "residential", "in_degree": 4, "out_degree": 4, "fully_bidirectional": true, "traffic_signals": false, "junction": "", "minimum_branch_angle": 89.56, "maximum_branch_angle": 90.43, "cross_score": 0.9954, "likely_geometric_cross": true, "osm_url": "https://www.openstreetmap.org/node/8424633794", "branch_1_neighbor": "8424633793", "branch_1_bearing": 87.1, "branch_1_street": "", "branch_1_highway": "residential", "branch_2_neighbor": "8424633797", "branch_2_bearing": 176.71, "branch_2_street": "", "branch_2_highway": "residential", "branch_3_neighbor": "8424633795", "branch_3_bearing": 266.27, "branch_3_street": "", "branch_3_highway": "residential", "branch_4_neighbor": "8424633791", "branch_4_bearing": 356.69, "branch_4_street": "", "branch_4_highway": "residential" }, "geometry": { "type": "Point", "coordinates": [ 100.7118325, 13.8977797 ] } },
{ "type": "Feature", "properties": { "osm_node_id": "2562522051", "latitude": 13.8775249, "longitude": 100.7205304, "street_names": "", "highway_types": "residential", "in_degree": 4, "out_degree": 4, "fully_bidirectional": true, "traffic_signals": false, "junction": "", "minimum_branch_angle": 89.15, "maximum_branch_angle": 90.52, "cross_score": 0.9953, "likely_geometric_cross": true, "osm_url": "https://www.openstreetmap.org/node/2562522051", "branch_1_neighbor": "2562522054", "branch_1_bearing": 0.17, "branch_1_street": "", "branch_1_highway": "residential", "branch_2_neighbor": "2562522052", "branch_2_bearing": 89.33, "branch_2_street": "", "branch_2_highway": "residential", "branch_3_neighbor": "2562522048", "branch_3_bearing": 179.39, "branch_3_street": "", "branch_3_highway": "residential", "branch_4_neighbor": "2562522050", "branch_4_bearing": 269.65, "branch_4_street": "", "branch_4_highway": "residential" }, "geometry": { "type": "Point", "coordinates": [ 100.7205304, 13.8775249 ] } },
{ "type": "Feature", "properties": { "osm_node_id": "3834869476", "latitude": 13.8680562, "longitude": 100.7104241, "street_names": "", "highway_types": "residential", "in_degree": 4, "out_degree": 4, "fully_bidirectional": true, "traffic_signals": false, "junction": "", "minimum_branch_angle": 89.31, "maximum_branch_angle": 90.69, "cross_score": 0.9953, "likely_geometric_cross": true, "osm_url": "https://www.openstreetmap.org/node/3834869476", "branch_1_neighbor": "3834869477", "branch_1_bearing": 87.96, "branch_1_street": "", "branch_1_highway": "residential", "branch_2_neighbor": "3834869462", "branch_2_bearing": 178.65, "branch_2_street": "", "branch_2_highway": "residential", "branch_3_neighbor": "3834869475", "branch_3_bearing": 268.51, "branch_3_street": "", "branch_3_highway": "residential", "branch_4_neighbor": "3834869492", "branch_4_bearing": 358.65, "branch_4_street": "", "branch_4_highway": "residential" }, "geometry": { "type": "Point", "coordinates": [ 100.7104241, 13.8680562 ] } },
{ "type": "Feature", "properties": { "osm_node_id": "3840087392", "latitude": 13.8569711, "longitude": 100.69539, "street_names": "", "highway_types": "residential", "in_degree": 4, "out_degree": 4, "fully_bidirectional": true, "traffic_signals": false, "junction": "", "minimum_branch_angle": 89.2, "maximum_branch_angle": 90.81, "cross_score": 0.9953, "likely_geometric_cross": true, "osm_url": "https://www.openstreetmap.org/node/3840087392", "branch_1_neighbor": "3840087393", "branch_1_bearing": 89.47, "branch_1_street": "", "branch_1_highway": "residential", "branch_2_neighbor": "3840087379", "branch_2_bearing": 180.28, "branch_2_street": "", "branch_2_highway": "residential", "branch_3_neighbor": "3840087391", "branch_3_bearing": 269.48, "branch_3_street": "", "branch_3_highway": "residential", "branch_4_neighbor": "3840087403", "branch_4_bearing": 359.44, "branch_4_street": "", "branch_4_highway": "residential" }, "geometry": { "type": "Point", "coordinates": [ 100.69539, 13.8569711 ] } },
{ "type": "Feature", "properties": { "osm_node_id": "3840087403", "latitude": 13.8573259, "longitude": 100.6953864, "street_names": "", "highway_types": "residential", "in_degree": 4, "out_degree": 4, "fully_bidirectional": true, "traffic_signals": false, "junction": "", "minimum_branch_angle": 89.63, "maximum_branch_angle": 90.85, "cross_score": 0.9953, "likely_geometric_cross": true, "osm_url": "https://www.openstreetmap.org/node/3840087403", "branch_1_neighbor": "3840087417", "branch_1_bearing": 0.08, "branch_1_street": "", "branch_1_highway": "residential", "branch_2_neighbor": "3840087405", "branch_2_bearing": 89.81, "branch_2_street": "", "branch_2_highway": "residential", "branch_3_neighbor": "3840087392", "branch_3_bearing": 179.44, "branch_3_street": "", "branch_3_highway": "residential", "branch_4_neighbor": "3840087404", "branch_4_bearing": 270.28, "branch_4_street": "", "branch_4_highway": "residential" }, "geometry": { "type": "Point", "coordinates": [ 100.6953864, 13.8573259 ] } },
{ "type": "Feature", "properties": { "osm_node_id": "3834869475", "latitude": 13.8680457, "longitude": 100.7100096, "street_names": "", "highway_types": "residential", "in_degree": 4, "out_degree": 4, "fully_bidirectional": true, "traffic_signals": false, "junction": "", "minimum_branch_angle": 89.56, "maximum_branch_angle": 90.43, "cross_score": 0.9952, "likely_geometric_cross": true, "osm_url": "https://www.openstreetmap.org/node/3834869475", "branch_1_neighbor": "3834869476", "branch_1_bearing": 88.51, "branch_1_street": "", "branch_1_highway": "residential", "branch_2_neighbor": "3834869461", "branch_2_bearing": 178.94, "branch_2_street": "", "branch_2_highway": "residential", "branch_3_neighbor": "3834869474", "branch_3_bearing": 268.49, "branch_3_street": "", "branch_3_highway": "residential", "branch_4_neighbor": "3834869491", "branch_4_bearing": 358.93, "branch_4_street": "", "branch_4_highway": "residential" }, "geometry": { "type": "Point", "coordinates": [ 100.7100096, 13.8680457 ] } },
{ "type": "Feature", "properties": { "osm_node_id": "3840058892", "latitude": 13.851966, "longitude": 100.7077504, "street_names": "", "highway_types": "residential", "in_degree": 4, "out_degree": 4, "fully_bidirectional": true, "traffic_signals": false, "junction": "", "minimum_branch_angle": 89.48, "maximum_branch_angle": 90.51, "cross_score": 0.9952, "likely_geometric_cross": true, "osm_url": "https://www.openstreetmap.org/node/3840058892", "branch_1_neighbor": "3840058895", "branch_1_bearing": 88.56, "branch_1_street": "", "branch_1_highway": "residential", "branch_2_neighbor": "3840058880", "branch_2_bearing": 178.21, "branch_2_street": "", "branch_2_highway": "residential", "branch_3_neighbor": "3840058891", "branch_3_bearing": 267.69, "branch_3_street": "", "branch_3_highway": "residential", "branch_4_neighbor": "3840058906", "branch_4_bearing": 358.19, "branch_4_street": "", "branch_4_highway": "residential" }, "geometry": { "type": "Point", "coordinates": [ 100.7077504, 13.851966 ] } },
{ "type": "Feature", "properties": { "osm_node_id": "3840059192", "latitude": 13.8584529, "longitude": 100.7060078, "street_names": "", "highway_types": "residential", "in_degree": 4, "out_degree": 4, "fully_bidirectional": true, "traffic_signals": false, "junction": "", "minimum_branch_angle": 89.41, "maximum_branch_angle": 90.61, "cross_score": 0.9952, "likely_geometric_cross": true, "osm_url": "https://www.openstreetmap.org/node/3840059192", "branch_1_neighbor": "3840059203", "branch_1_bearing": 0.09, "branch_1_street": "", "branch_1_highway": "residential", "branch_2_neighbor": "3840059194", "branch_2_bearing": 89.81, "branch_2_street": "", "branch_2_highway": "residential", "branch_3_neighbor": "3840059185", "branch_3_bearing": 180.07, "branch_3_street": "", "branch_3_highway": "residential", "branch_4_neighbor": "3840059191", "branch_4_bearing": 269.48, "branch_4_street": "", "branch_4_highway": "residential" }, "geometry": { "type": "Point", "coordinates": [ 100.7060078, 13.8584529 ] } },
{ "type": "Feature", "properties": { "osm_node_id": "3845126895", "latitude": 13.8258822, "longitude": 100.7053595, "street_names": "ซอยพระยาสุเรนทร์ 16 แยก 1; ซอยพระยาสุเรนทร์ 16 แยก 1-4", "highway_types": "residential", "in_degree": 4, "out_degree": 4, "fully_bidirectional": true, "traffic_signals": false, "junction": "", "minimum_branch_angle": 89.14, "maximum_branch_angle": 90.39, "cross_score": 0.9952, "likely_geometric_cross": true, "osm_url": "https://www.openstreetmap.org/node/3845126895", "branch_1_neighbor": "3845126903", "branch_1_bearing": 5.44, "branch_1_street": "ซอยพระยาสุเรนทร์ 16 แยก 1", "branch_1_highway": "residential", "branch_2_neighbor": "3845126893", "branch_2_bearing": 95.75, "branch_2_street": "ซอยพระยาสุเรนทร์ 16 แยก 1-4", "branch_2_highway": "residential", "branch_3_neighbor": "3845126891", "branch_3_bearing": 186.15, "branch_3_street": "ซอยพระยาสุเรนทร์ 16 แยก 1", "branch_3_highway": "residential", "branch_4_neighbor": "3845126898", "branch_4_bearing": 276.3, "branch_4_street": "", "branch_4_highway": "residential" }, "geometry": { "type": "Point", "coordinates": [ 100.7053595, 13.8258822 ] } },
{ "type": "Feature", "properties": { "osm_node_id": "3834869501", "latitude": 13.8694284, "longitude": 100.7187152, "street_names": "ซอย 19; ซอย 20", "highway_types": "residential", "in_degree": 4, "out_degree": 4, "fully_bidirectional": true, "traffic_signals": false, "junction": "", "minimum_branch_angle": 89.16, "maximum_branch_angle": 90.83, "cross_score": 0.9951, "likely_geometric_cross": true, "osm_url": "https://www.openstreetmap.org/node/3834869501", "branch_1_neighbor": "12715071102", "branch_1_bearing": 88.88, "branch_1_street": "ซอย 20", "branch_1_highway": "residential", "branch_2_neighbor": "3834869497", "branch_2_bearing": 178.04, "branch_2_street": "", "branch_2_highway": "residential", "branch_3_neighbor": "3834869500", "branch_3_bearing": 268.1, "branch_3_street": "ซอย 19", "branch_3_highway": "residential", "branch_4_neighbor": "3834869508", "branch_4_bearing": 358.05, "branch_4_street": "", "branch_4_highway": "residential" }, "geometry": { "type": "Point", "coordinates": [ 100.7187152, 13.8694284 ] } },
{ "type": "Feature", "properties": { "osm_node_id": "5883467506", "latitude": 13.8274612, "longitude": 100.7500586, "street_names": "ประชาชนร่วมใจ 7", "highway_types": "residential", "in_degree": 4, "out_degree": 4, "fully_bidirectional": true, "traffic_signals": false, "junction": "", "minimum_branch_angle": 89.54, "maximum_branch_angle": 90.88, "cross_score": 0.9951, "likely_geometric_cross": true, "osm_url": "https://www.openstreetmap.org/node/5883467506", "branch_1_neighbor": "8189074458", "branch_1_bearing": 54.81, "branch_1_street": "", "branch_1_highway": "residential", "branch_2_neighbor": "8217983592", "branch_2_bearing": 144.57, "branch_2_street": "ประชาชนร่วมใจ 7", "branch_2_highway": "residential", "branch_3_neighbor": "8189074459", "branch_3_bearing": 235.45, "branch_3_street": "", "branch_3_highway": "residential", "branch_4_neighbor": "8211708100", "branch_4_bearing": 324.99, "branch_4_street": "ประชาชนร่วมใจ 7", "branch_4_highway": "residential" }, "geometry": { "type": "Point", "coordinates": [ 100.7500586, 13.8274612 ] } },
{ "type": "Feature", "properties": { "osm_node_id": "8410795430", "latitude": 13.9005605, "longitude": 100.7879349, "street_names": "", "highway_types": "residential", "in_degree": 4, "out_degree": 4, "fully_bidirectional": true, "traffic_signals": false, "junction": "", "minimum_branch_angle": 89.19, "maximum_branch_angle": 90.65, "cross_score": 0.9951, "likely_geometric_cross": true, "osm_url": "https://www.openstreetmap.org/node/8410795430", "branch_1_neighbor": "6061846127", "branch_1_bearing": 1.44, "branch_1_street": "", "branch_1_highway": "residential", "branch_2_neighbor": "6061845996", "branch_2_bearing": 90.63, "branch_2_street": "", "branch_2_highway": "residential", "branch_3_neighbor": "8410795431", "branch_3_bearing": 180.86, "branch_3_street": "", "branch_3_highway": "residential", "branch_4_neighbor": "8246690034", "branch_4_bearing": 270.79, "branch_4_street": "", "branch_4_highway": "residential" }, "geometry": { "type": "Point", "coordinates": [ 100.7879349, 13.9005605 ] } },
{ "type": "Feature", "properties": { "osm_node_id": "3840059194", "latitude": 13.8584552, "longitude": 100.706734, "street_names": "", "highway_types": "residential", "in_degree": 4, "out_degree": 4, "fully_bidirectional": true, "traffic_signals": false, "junction": "", "minimum_branch_angle": 89.47, "maximum_branch_angle": 90.53, "cross_score": 0.995, "likely_geometric_cross": true, "osm_url": "https://www.openstreetmap.org/node/3840059194", "branch_1_neighbor": "3840059204", "branch_1_bearing": 0.34, "branch_1_street": "", "branch_1_highway": "residential", "branch_2_neighbor": "3840059195", "branch_2_bearing": 89.97, "branch_2_street": "", "branch_2_highway": "residential", "branch_3_neighbor": "3840059186", "branch_3_bearing": 180.35, "branch_3_street": "", "branch_3_highway": "residential", "branch_4_neighbor": "3840059192", "branch_4_bearing": 269.81, "branch_4_street": "", "branch_4_highway": "residential" }, "geometry": { "type": "Point", "coordinates": [ 100.706734, 13.8584552 ] } },
{ "type": "Feature", "properties": { "osm_node_id": "3841928601", "latitude": 13.8335032, "longitude": 100.7003449, "street_names": "", "highway_types": "residential", "in_degree": 4, "out_degree": 4, "fully_bidirectional": true, "traffic_signals": false, "junction": "", "minimum_branch_angle": 89.52, "maximum_branch_angle": 90.9, "cross_score": 0.995, "likely_geometric_cross": true, "osm_url": "https://www.openstreetmap.org/node/3841928601", "branch_1_neighbor": "3841928607", "branch_1_bearing": 77.64, "branch_1_street": "", "branch_1_highway": "residential", "branch_2_neighbor": "3841928577", "branch_2_bearing": 167.16, "branch_2_street": "", "branch_2_highway": "residential", "branch_3_neighbor": "3841928596", "branch_3_bearing": 257.13, "branch_3_street": "", "branch_3_highway": "residential", "branch_4_neighbor": "8140448199", "branch_4_bearing": 346.74, "branch_4_street": "", "branch_4_highway": "residential" }, "geometry": { "type": "Point", "coordinates": [ 100.7003449, 13.8335032 ] } },
{ "type": "Feature", "properties": { "osm_node_id": "6124182929", "latitude": 13.8731739, "longitude": 100.71757, "street_names": "", "highway_types": "residential", "in_degree": 4, "out_degree": 4, "fully_bidirectional": true, "traffic_signals": false, "junction": "", "minimum_branch_angle": 89.18, "maximum_branch_angle": 90.81, "cross_score": 0.995, "likely_geometric_cross": true, "osm_url": "https://www.openstreetmap.org/node/6124182929", "branch_1_neighbor": "6124182935", "branch_1_bearing": 0.26, "branch_1_street": "", "branch_1_highway": "residential", "branch_2_neighbor": "6124182930", "branch_2_bearing": 90.18, "branch_2_street": "", "branch_2_highway": "residential", "branch_3_neighbor": "6124182926", "branch_3_bearing": 179.36, "branch_3_street": "", "branch_3_highway": "residential", "branch_4_neighbor": "6124182928", "branch_4_bearing": 270.17, "branch_4_street": "", "branch_4_highway": "residential" }, "geometry": { "type": "Point", "coordinates": [ 100.71757, 13.8731739 ] } },
{ "type": "Feature", "properties": { "osm_node_id": "3834869513", "latitude": 13.8700622, "longitude": 100.7186929, "street_names": "ซอย 23; ซอย 24", "highway_types": "residential", "in_degree": 4, "out_degree": 4, "fully_bidirectional": true, "traffic_signals": false, "junction": "", "minimum_branch_angle": 89.09, "maximum_branch_angle": 90.91, "cross_score": 0.9949, "likely_geometric_cross": true, "osm_url": "https://www.openstreetmap.org/node/3834869513", "branch_1_neighbor": "3834869514", "branch_1_bearing": 88.95, "branch_1_street": "ซอย 24", "branch_1_highway": "residential", "branch_2_neighbor": "3834869508", "branch_2_bearing": 178.04, "branch_2_street": "", "branch_2_highway": "residential", "branch_3_neighbor": "3834869511", "branch_3_bearing": 268.05, "branch_3_street": "ซอย 23", "branch_3_highway": "residential", "branch_4_neighbor": "3834869519", "branch_4_bearing": 358.04, "branch_4_street": "", "branch_4_highway": "residential" }, "geometry": { "type": "Point", "coordinates": [ 100.7186929, 13.8700622 ] } },
{ "type": "Feature", "properties": { "osm_node_id": "3840059010", "latitude": 13.8562024, "longitude": 100.7026784, "street_names": "", "highway_types": "residential", "in_degree": 4, "out_degree": 4, "fully_bidirectional": true, "traffic_signals": false, "junction": "", "minimum_branch_angle": 89.52, "maximum_branch_angle": 90.93, "cross_score": 0.9949, "likely_geometric_cross": true, "osm_url": "https://www.openstreetmap.org/node/3840059010", "branch_1_neighbor": "3840059011", "branch_1_bearing": 89.25, "branch_1_street": "", "branch_1_highway": "residential", "branch_2_neighbor": "3840059000", "branch_2_bearing": 180.17, "branch_2_street": "", "branch_2_highway": "residential", "branch_3_neighbor": "3840059009", "branch_3_bearing": 269.98, "branch_3_street": "", "branch_3_highway": "residential", "branch_4_neighbor": "3840059023", "branch_4_bearing": 359.73, "branch_4_street": "", "branch_4_highway": "residential" }, "geometry": { "type": "Point", "coordinates": [ 100.7026784, 13.8562024 ] } },
{ "type": "Feature", "properties": { "osm_node_id": "3840059190", "latitude": 13.8582401, "longitude": 100.7026011, "street_names": "", "highway_types": "residential", "in_degree": 4, "out_degree": 4, "fully_bidirectional": true, "traffic_signals": false, "junction": "", "minimum_branch_angle": 89.09, "maximum_branch_angle": 90.91, "cross_score": 0.9949, "likely_geometric_cross": true, "osm_url": "https://www.openstreetmap.org/node/3840059190", "branch_1_neighbor": "3840059189", "branch_1_bearing": 90.26, "branch_1_street": "", "branch_1_highway": "residential", "branch_2_neighbor": "3840059180", "branch_2_bearing": 179.35, "branch_2_street": "", "branch_2_highway": "residential", "branch_3_neighbor": "3840059188", "branch_3_bearing": 269.35, "branch_3_street": "", "branch_3_highway": "residential", "branch_4_neighbor": "3840059198", "branch_4_bearing": 359.35, "branch_4_street": "", "branch_4_highway": "residential" }, "geometry": { "type": "Point", "coordinates": [ 100.7026011, 13.8582401 ] } },
{ "type": "Feature", "properties": { "osm_node_id": "3841909847", "latitude": 13.833072, "longitude": 100.7175603, "street_names": "นลิน 1 ซอย 2; นลิน 2", "highway_types": "residential", "in_degree": 4, "out_degree": 4, "fully_bidirectional": true, "traffic_signals": false, "junction": "", "minimum_branch_angle": 89.21, "maximum_branch_angle": 90.92, "cross_score": 0.9949, "likely_geometric_cross": true, "osm_url": "https://www.openstreetmap.org/node/3841909847", "branch_1_neighbor": "3841909848", "branch_1_bearing": 88.0, "branch_1_street": "นลิน 1 ซอย 2", "branch_1_highway": "residential", "branch_2_neighbor": "3841909840", "branch_2_bearing": 177.2, "branch_2_street": "นลิน 2", "branch_2_highway": "residential", "branch_3_neighbor": "3841909846", "branch_3_bearing": 268.13, "branch_3_street": "", "branch_3_highway": "residential", "branch_4_neighbor": "3841909856", "branch_4_bearing": 358.08, "branch_4_street": "นลิน 2", "branch_4_highway": "residential" }, "geometry": { "type": "Point", "coordinates": [ 100.7175603, 13.833072 ] } },
{ "type": "Feature", "properties": { "osm_node_id": "8359505794", "latitude": 13.9131992, "longitude": 100.7039693, "street_names": "", "highway_types": "residential", "in_degree": 4, "out_degree": 4, "fully_bidirectional": true, "traffic_signals": false, "junction": "", "minimum_branch_angle": 89.24, "maximum_branch_angle": 90.75, "cross_score": 0.9948, "likely_geometric_cross": true, "osm_url": "https://www.openstreetmap.org/node/8359505794", "branch_1_neighbor": "8359505793", "branch_1_bearing": 40.54, "branch_1_street": "", "branch_1_highway": "residential", "branch_2_neighbor": "8359505796", "branch_2_bearing": 129.78, "branch_2_street": "", "branch_2_highway": "residential", "branch_3_neighbor": "8359505783", "branch_3_bearing": 219.97, "branch_3_street": "", "branch_3_highway": "residential", "branch_4_neighbor": "8359505806", "branch_4_bearing": 309.79, "branch_4_street": "", "branch_4_highway": "residential" }, "geometry": { "type": "Point", "coordinates": [ 100.7039693, 13.9131992 ] } },
{ "type": "Feature", "properties": { "osm_node_id": "353332266", "latitude": 13.8374734, "longitude": 100.6940855, "street_names": "", "highway_types": "residential", "in_degree": 4, "out_degree": 4, "fully_bidirectional": true, "traffic_signals": false, "junction": "", "minimum_branch_angle": 89.5, "maximum_branch_angle": 90.83, "cross_score": 0.9947, "likely_geometric_cross": true, "osm_url": "https://www.openstreetmap.org/node/353332266", "branch_1_neighbor": "353332268", "branch_1_bearing": 65.4, "branch_1_street": "", "branch_1_highway": "residential", "branch_2_neighbor": "353332190", "branch_2_bearing": 156.23, "branch_2_street": "", "branch_2_highway": "residential", "branch_3_neighbor": "353332264", "branch_3_bearing": 245.73, "branch_3_street": "", "branch_3_highway": "residential", "branch_4_neighbor": "353332325", "branch_4_bearing": 335.86, "branch_4_street": "", "branch_4_highway": "residential" }, "geometry": { "type": "Point", "coordinates": [ 100.6940855, 13.8374734 ] } },
{ "type": "Feature", "properties": { "osm_node_id": "8919227887", "latitude": 13.8284028, "longitude": 100.7088047, "street_names": "", "highway_types": "residential", "in_degree": 4, "out_degree": 4, "fully_bidirectional": true, "traffic_signals": false, "junction": "", "minimum_branch_angle": 89.04, "maximum_branch_angle": 90.49, "cross_score": 0.9947, "likely_geometric_cross": true, "osm_url": "https://www.openstreetmap.org/node/8919227887", "branch_1_neighbor": "8919227886", "branch_1_bearing": 79.65, "branch_1_street": "", "branch_1_highway": "residential", "branch_2_neighbor": "3845068435", "branch_2_bearing": 169.99, "branch_2_street": "", "branch_2_highway": "residential", "branch_3_neighbor": "8919227888", "branch_3_bearing": 260.48, "branch_3_street": "", "branch_3_highway": "residential", "branch_4_neighbor": "3845068448", "branch_4_bearing": 349.52, "branch_4_street": "", "branch_4_highway": "residential" }, "geometry": { "type": "Point", "coordinates": [ 100.7088047, 13.8284028 ] } },
{ "type": "Feature", "properties": { "osm_node_id": "3840058871", "latitude": 13.8515322, "longitude": 100.704839, "street_names": "", "highway_types": "residential", "in_degree": 4, "out_degree": 4, "fully_bidirectional": true, "traffic_signals": false, "junction": "", "minimum_branch_angle": 89.34, "maximum_branch_angle": 90.65, "cross_score": 0.9946, "likely_geometric_cross": true, "osm_url": "https://www.openstreetmap.org/node/3840058871", "branch_1_neighbor": "3840058873", "branch_1_bearing": 87.54, "branch_1_street": "", "branch_1_highway": "residential", "branch_2_neighbor": "3840058837", "branch_2_bearing": 177.85, "branch_2_street": "", "branch_2_highway": "residential", "branch_3_neighbor": "3840058870", "branch_3_bearing": 268.5, "branch_3_street": "", "branch_3_highway": "residential", "branch_4_neighbor": "3840058900", "branch_4_bearing": 357.84, "branch_4_street": "", "branch_4_highway": "residential" }, "geometry": { "type": "Point", "coordinates": [ 100.704839, 13.8515322 ] } },
{ "type": "Feature", "properties": { "osm_node_id": "3840087412", "latitude": 13.8575863, "longitude": 100.6967439, "street_names": "", "highway_types": "residential", "in_degree": 4, "out_degree": 4, "fully_bidirectional": true, "traffic_signals": false, "junction": "", "minimum_branch_angle": 89.42, "maximum_branch_angle": 90.98, "cross_score": 0.9946, "likely_geometric_cross": true, "osm_url": "https://www.openstreetmap.org/node/3840087412", "branch_1_neighbor": "3840087424", "branch_1_bearing": 0.32, "branch_1_street": "", "branch_1_highway": "residential", "branch_2_neighbor": "3840087413", "branch_2_bearing": 89.96, "branch_2_street": "", "branch_2_highway": "residential", "branch_3_neighbor": "3840087401", "branch_3_bearing": 179.39, "branch_3_street": "", "branch_3_highway": "residential", "branch_4_neighbor": "3840087411", "branch_4_bearing": 269.34, "branch_4_street": "", "branch_4_highway": "residential" }, "geometry": { "type": "Point", "coordinates": [ 100.6967439, 13.8575863 ] } },
{ "type": "Feature", "properties": { "osm_node_id": "3840087430", "latitude": 13.8580304, "longitude": 100.6953901, "street_names": "", "highway_types": "residential", "in_degree": 4, "out_degree": 4, "fully_bidirectional": true, "traffic_signals": false, "junction": "", "minimum_branch_angle": 89.06, "maximum_branch_angle": 90.69, "cross_score": 0.9946, "likely_geometric_cross": true, "osm_url": "https://www.openstreetmap.org/node/3840087430", "branch_1_neighbor": "3840087431", "branch_1_bearing": 89.82, "branch_1_street": "", "branch_1_highway": "residential", "branch_2_neighbor": "3840087417", "branch_2_bearing": 180.51, "branch_2_street": "", "branch_2_highway": "residential", "branch_3_neighbor": "3840087427", "branch_3_bearing": 269.57, "branch_3_street": "", "branch_3_highway": "residential", "branch_4_neighbor": "3840087451", "branch_4_bearing": 359.86, "branch_4_street": "", "branch_4_highway": "residential" }, "geometry": { "type": "Point", "coordinates": [ 100.6953901, 13.8580304 ] } },
{ "type": "Feature", "properties": { "osm_node_id": "2562521955", "latitude": 13.8736168, "longitude": 100.7205513, "street_names": "", "highway_types": "residential", "in_degree": 4, "out_degree": 4, "fully_bidirectional": true, "traffic_signals": false, "junction": "", "minimum_branch_angle": 89.38, "maximum_branch_angle": 91.0, "cross_score": 0.9945, "likely_geometric_cross": true, "osm_url": "https://www.openstreetmap.org/node/2562521955", "branch_1_neighbor": "2562521956", "branch_1_bearing": 89.67, "branch_1_street": "", "branch_1_highway": "residential", "branch_2_neighbor": "2562521958", "branch_2_bearing": 179.05, "branch_2_street": "", "branch_2_highway": "residential", "branch_3_neighbor": "8061345511", "branch_3_bearing": 270.05, "branch_3_street": "", "branch_3_highway": "residential", "branch_4_neighbor": "2562521952", "branch_4_bearing": 359.67, "branch_4_street": "", "branch_4_highway": "residential" }, "geometry": { "type": "Point", "coordinates": [ 100.7205513, 13.8736168 ] } },
{ "type": "Feature", "properties": { "osm_node_id": "3053347437", "latitude": 13.8686377, "longitude": 100.7136369, "street_names": "", "highway_types": "residential", "in_degree": 4, "out_degree": 4, "fully_bidirectional": true, "traffic_signals": false, "junction": "", "minimum_branch_angle": 89.47, "maximum_branch_angle": 90.52, "cross_score": 0.9945, "likely_geometric_cross": true, "osm_url": "https://www.openstreetmap.org/node/3053347437", "branch_1_neighbor": "3053347129", "branch_1_bearing": 89.18, "branch_1_street": "", "branch_1_highway": "residential", "branch_2_neighbor": "3053347073", "branch_2_bearing": 178.73, "branch_2_street": "", "branch_2_highway": "residential", "branch_3_neighbor": "3053347465", "branch_3_bearing": 269.25, "branch_3_street": "", "branch_3_highway": "residential", "branch_4_neighbor": "3053347097", "branch_4_bearing": 358.71, "branch_4_street": "", "branch_4_highway": "residential" }, "geometry": { "type": "Point", "coordinates": [ 100.7136369, 13.8686377 ] } },
{ "type": "Feature", "properties": { "osm_node_id": "3841547717", "latitude": 13.8487677, "longitude": 100.7025099, "street_names": "", "highway_types": "residential", "in_degree": 4, "out_degree": 4, "fully_bidirectional": true, "traffic_signals": false, "junction": "", "minimum_branch_angle": 89.4, "maximum_branch_angle": 90.6, "cross_score": 0.9945, "likely_geometric_cross": true, "osm_url": "https://www.openstreetmap.org/node/3841547717", "branch_1_neighbor": "3841547718", "branch_1_bearing": 88.62, "branch_1_street": "", "branch_1_highway": "residential", "branch_2_neighbor": "3841547699", "branch_2_bearing": 178.24, "branch_2_street": "", "branch_2_highway": "residential", "branch_3_neighbor": "3841547714", "branch_3_bearing": 267.64, "branch_3_street": "", "branch_3_highway": "residential", "branch_4_neighbor": "3841547725", "branch_4_bearing": 358.24, "branch_4_street": "", "branch_4_highway": "residential" }, "geometry": { "type": "Point", "coordinates": [ 100.7025099, 13.8487677 ] } },
{ "type": "Feature", "properties": { "osm_node_id": "5941639243", "latitude": 13.8908005, "longitude": 100.7190365, "street_names": "", "highway_types": "residential", "in_degree": 4, "out_degree": 4, "fully_bidirectional": true, "traffic_signals": false, "junction": "", "minimum_branch_angle": 89.37, "maximum_branch_angle": 90.55, "cross_score": 0.9945, "likely_geometric_cross": true, "osm_url": "https://www.openstreetmap.org/node/5941639243", "branch_1_neighbor": "5941639244", "branch_1_bearing": 88.91, "branch_1_street": "", "branch_1_highway": "residential", "branch_2_neighbor": "5941639240", "branch_2_bearing": 179.46, "branch_2_street": "", "branch_2_highway": "residential", "branch_3_neighbor": "5941639242", "branch_3_bearing": 269.91, "branch_3_street": "", "branch_3_highway": "residential", "branch_4_neighbor": "5941639246", "branch_4_bearing": 359.28, "branch_4_street": "", "branch_4_highway": "residential" }, "geometry": { "type": "Point", "coordinates": [ 100.7190365, 13.8908005 ] } },
{ "type": "Feature", "properties": { "osm_node_id": "7908343248", "latitude": 13.8521403, "longitude": 100.7085494, "street_names": "", "highway_types": "residential", "in_degree": 4, "out_degree": 4, "fully_bidirectional": true, "traffic_signals": false, "junction": "", "minimum_branch_angle": 89.13, "maximum_branch_angle": 90.87, "cross_score": 0.9945, "likely_geometric_cross": true, "osm_url": "https://www.openstreetmap.org/node/7908343248", "branch_1_neighbor": "7908343247", "branch_1_bearing": 87.39, "branch_1_street": "", "branch_1_highway": "residential", "branch_2_neighbor": "7908343245", "branch_2_bearing": 177.5, "branch_2_street": "", "branch_2_highway": "residential", "branch_3_neighbor": "7908343249", "branch_3_bearing": 266.63, "branch_3_street": "", "branch_3_highway": "residential", "branch_4_neighbor": "7908343251", "branch_4_bearing": 357.5, "branch_4_street": "", "branch_4_highway": "residential" }, "geometry": { "type": "Point", "coordinates": [ 100.7085494, 13.8521403 ] } },
{ "type": "Feature", "properties": { "osm_node_id": "2562522036", "latitude": 13.8647626, "longitude": 100.7201956, "street_names": "", "highway_types": "residential", "in_degree": 4, "out_degree": 4, "fully_bidirectional": true, "traffic_signals": false, "junction": "", "minimum_branch_angle": 89.32, "maximum_branch_angle": 91.0, "cross_score": 0.9944, "likely_geometric_cross": true, "osm_url": "https://www.openstreetmap.org/node/2562522036", "branch_1_neighbor": "2562522038", "branch_1_bearing": 88.79, "branch_1_street": "", "branch_1_highway": "residential", "branch_2_neighbor": "2562522042", "branch_2_bearing": 178.1, "branch_2_street": "", "branch_2_highway": "residential", "branch_3_neighbor": "2562522034", "branch_3_bearing": 267.98, "branch_3_street": "", "branch_3_highway": "residential", "branch_4_neighbor": "2562522030", "branch_4_bearing": 357.78, "branch_4_street": "", "branch_4_highway": "residential" }, "geometry": { "type": "Point", "coordinates": [ 100.7201956, 13.8647626 ] } },
{ "type": "Feature", "properties": { "osm_node_id": "3053310375", "latitude": 13.9019587, "longitude": 100.7185634, "street_names": "", "highway_types": "residential", "in_degree": 4, "out_degree": 4, "fully_bidirectional": true, "traffic_signals": false, "junction": "", "minimum_branch_angle": 89.48, "maximum_branch_angle": 90.51, "cross_score": 0.9944, "likely_geometric_cross": true, "osm_url": "https://www.openstreetmap.org/node/3053310375", "branch_1_neighbor": "3053310358", "branch_1_bearing": 86.34, "branch_1_street": "", "branch_1_highway": "residential", "branch_2_neighbor": "3053310359", "branch_2_bearing": 176.85, "branch_2_street": "", "branch_2_highway": "residential", "branch_3_neighbor": "3053310355", "branch_3_bearing": 266.33, "branch_3_street": "", "branch_3_highway": "residential", "branch_4_neighbor": "3053310340", "branch_4_bearing": 356.84, "branch_4_street": "", "branch_4_highway": "residential" }, "geometry": { "type": "Point", "coordinates": [ 100.7185634, 13.9019587 ] } },
{ "type": "Feature", "properties": { "osm_node_id": "3840012532", "latitude": 13.852721, "longitude": 100.7131878, "street_names": "หมู่บ้านแลนซีโอ ซอย 21", "highway_types": "residential", "in_degree": 4, "out_degree": 4, "fully_bidirectional": true, "traffic_signals": false, "junction": "", "minimum_branch_angle": 89.23, "maximum_branch_angle": 90.77, "cross_score": 0.9944, "likely_geometric_cross": true, "osm_url": "https://www.openstreetmap.org/node/3840012532", "branch_1_neighbor": "3840012533", "branch_1_bearing": 86.55, "branch_1_street": "หมู่บ้านแลนซีโอ ซอย 21", "branch_1_highway": "residential", "branch_2_neighbor": "3840012524", "branch_2_bearing": 177.32, "branch_2_street": "", "branch_2_highway": "residential", "branch_3_neighbor": "3840012530", "branch_3_bearing": 267.08, "branch_3_street": "", "branch_3_highway": "residential", "branch_4_neighbor": "3840012543", "branch_4_bearing": 357.32, "branch_4_street": "", "branch_4_highway": "residential" }, "geometry": { "type": "Point", "coordinates": [ 100.7131878, 13.852721 ] } },
{ "type": "Feature", "properties": { "osm_node_id": "3840058992", "latitude": 13.8555325, "longitude": 100.7026818, "street_names": "", "highway_types": "residential", "in_degree": 4, "out_degree": 4, "fully_bidirectional": true, "traffic_signals": false, "junction": "", "minimum_branch_angle": 89.51, "maximum_branch_angle": 91.01, "cross_score": 0.9944, "likely_geometric_cross": true, "osm_url": "https://www.openstreetmap.org/node/3840058992", "branch_1_neighbor": "3840058990", "branch_1_bearing": 89.16, "branch_1_street": "", "branch_1_highway": "residential", "branch_2_neighbor": "3840058983", "branch_2_bearing": 180.17, "branch_2_street": "", "branch_2_highway": "residential", "branch_3_neighbor": "3840058989", "branch_3_bearing": 269.79, "branch_3_street": "", "branch_3_highway": "residential", "branch_4_neighbor": "3840059000", "branch_4_bearing": 359.3, "branch_4_street": "", "branch_4_highway": "residential" }, "geometry": { "type": "Point", "coordinates": [ 100.7026818, 13.8555325 ] } },
{ "type": "Feature", "properties": { "osm_node_id": "3840058993", "latitude": 13.8555666, "longitude": 100.7067217, "street_names": "", "highway_types": "residential", "in_degree": 4, "out_degree": 4, "fully_bidirectional": true, "traffic_signals": false, "junction": "", "minimum_branch_angle": 89.0, "maximum_branch_angle": 90.53, "cross_score": 0.9944, "likely_geometric_cross": true, "osm_url": "https://www.openstreetmap.org/node/3840058993", "branch_1_neighbor": "3840059005", "branch_1_bearing": 1.0, "branch_1_street": "", "branch_1_highway": "residential", "branch_2_neighbor": "3840058994", "branch_2_bearing": 90.0, "branch_2_street": "", "branch_2_highway": "residential", "branch_3_neighbor": "3840058987", "branch_3_bearing": 180.53, "branch_3_street": "", "branch_3_highway": "residential", "branch_4_neighbor": "3840058995", "branch_4_bearing": 270.6, "branch_4_street": "", "branch_4_highway": "residential" }, "geometry": { "type": "Point", "coordinates": [ 100.7067217, 13.8555666 ] } },
{ "type": "Feature", "properties": { "osm_node_id": "3840100073", "latitude": 13.8565644, "longitude": 100.688366, "street_names": "ซอยคู้บอน 48", "highway_types": "residential", "in_degree": 4, "out_degree": 4, "fully_bidirectional": true, "traffic_signals": false, "junction": "", "minimum_branch_angle": 89.0, "maximum_branch_angle": 90.53, "cross_score": 0.9944, "likely_geometric_cross": true, "osm_url": "https://www.openstreetmap.org/node/3840100073", "branch_1_neighbor": "3840100075", "branch_1_bearing": 76.62, "branch_1_street": "", "branch_1_highway": "residential", "branch_2_neighbor": "3840100067", "branch_2_bearing": 165.62, "branch_2_street": "ซอยคู้บอน 48", "branch_2_highway": "residential", "branch_3_neighbor": "3840100072", "branch_3_bearing": 255.87, "branch_3_street": "", "branch_3_highway": "residential", "branch_4_neighbor": "3840100079", "branch_4_bearing": 346.39, "branch_4_street": "ซอยคู้บอน 48", "branch_4_highway": "residential" }, "geometry": { "type": "Point", "coordinates": [ 100.688366, 13.8565644 ] } },
{ "type": "Feature", "properties": { "osm_node_id": "5887077317", "latitude": 13.9079028, "longitude": 100.7871882, "street_names": "", "highway_types": "residential", "in_degree": 4, "out_degree": 4, "fully_bidirectional": true, "traffic_signals": false, "junction": "", "minimum_branch_angle": 89.01, "maximum_branch_angle": 90.56, "cross_score": 0.9944, "likely_geometric_cross": true, "osm_url": "https://www.openstreetmap.org/node/5887077317", "branch_1_neighbor": "5887077318", "branch_1_bearing": 0.7, "branch_1_street": "", "branch_1_highway": "residential", "branch_2_neighbor": "5887077315", "branch_2_bearing": 91.26, "branch_2_street": "", "branch_2_highway": "residential", "branch_3_neighbor": "5887076584", "branch_3_bearing": 180.27, "branch_3_street": "", "branch_3_highway": "residential", "branch_4_neighbor": "5887077286", "branch_4_bearing": 270.25, "branch_4_street": "", "branch_4_highway": "residential" }, "geometry": { "type": "Point", "coordinates": [ 100.7871882, 13.9079028 ] } },
{ "type": "Feature", "properties": { "osm_node_id": "3834869447", "latitude": 13.866418, "longitude": 100.7108593, "street_names": "", "highway_types": "residential", "in_degree": 4, "out_degree": 4, "fully_bidirectional": true, "traffic_signals": false, "junction": "", "minimum_branch_angle": 89.2, "maximum_branch_angle": 90.76, "cross_score": 0.9943, "likely_geometric_cross": true, "osm_url": "https://www.openstreetmap.org/node/3834869447", "branch_1_neighbor": "7990378082", "branch_1_bearing": 88.27, "branch_1_street": "", "branch_1_highway": "residential", "branch_2_neighbor": "3834869432", "branch_2_bearing": 178.54, "branch_2_street": "", "branch_2_highway": "residential", "branch_3_neighbor": "3834869444", "branch_3_bearing": 268.31, "branch_3_street": "", "branch_3_highway": "residential", "branch_4_neighbor": "3834869463", "branch_4_bearing": 359.07, "branch_4_street": "", "branch_4_highway": "residential" }, "geometry": { "type": "Point", "coordinates": [ 100.7108593, 13.866418 ] } },
{ "type": "Feature", "properties": { "osm_node_id": "4415609843", "latitude": 13.8722029, "longitude": 100.7435646, "street_names": "", "highway_types": "residential", "in_degree": 4, "out_degree": 4, "fully_bidirectional": true, "traffic_signals": false, "junction": "", "minimum_branch_angle": 89.0, "maximum_branch_angle": 90.72, "cross_score": 0.9943, "likely_geometric_cross": true, "osm_url": "https://www.openstreetmap.org/node/4415609843", "branch_1_neighbor": "3053324353", "branch_1_bearing": 85.72, "branch_1_street": "", "branch_1_highway": "residential", "branch_2_neighbor": "8177832440", "branch_2_bearing": 176.03, "branch_2_street": "", "branch_2_highway": "residential", "branch_3_neighbor": "3053324417", "branch_3_bearing": 265.03, "branch_3_street": "", "branch_3_highway": "residential", "branch_4_neighbor": "3053324350", "branch_4_bearing": 355.0, "branch_4_street": "", "branch_4_highway": "residential" }, "geometry": { "type": "Point", "coordinates": [ 100.7435646, 13.8722029 ] } },
{ "type": "Feature", "properties": { "osm_node_id": "5941639249", "latitude": 13.8915113, "longitude": 100.7190299, "street_names": "", "highway_types": "residential", "in_degree": 4, "out_degree": 4, "fully_bidirectional": true, "traffic_signals": false, "junction": "", "minimum_branch_angle": 89.22, "maximum_branch_angle": 90.8, "cross_score": 0.9943, "likely_geometric_cross": true, "osm_url": "https://www.openstreetmap.org/node/5941639249", "branch_1_neighbor": "5941639250", "branch_1_bearing": 90.46, "branch_1_street": "", "branch_1_highway": "residential", "branch_2_neighbor": "5941639246", "branch_2_bearing": 179.69, "branch_2_street": "", "branch_2_highway": "residential", "branch_3_neighbor": "5941639248", "branch_3_bearing": 269.9, "branch_3_street": "", "branch_3_highway": "residential", "branch_4_neighbor": "5941639252", "branch_4_bearing": 359.66, "branch_4_street": "", "branch_4_highway": "residential" }, "geometry": { "type": "Point", "coordinates": [ 100.7190299, 13.8915113 ] } },
{ "type": "Feature", "properties": { "osm_node_id": "3834808984", "latitude": 13.8646917, "longitude": 100.7240558, "street_names": "", "highway_types": "residential", "in_degree": 4, "out_degree": 4, "fully_bidirectional": true, "traffic_signals": false, "junction": "", "minimum_branch_angle": 89.07, "maximum_branch_angle": 90.93, "cross_score": 0.9942, "likely_geometric_cross": true, "osm_url": "https://www.openstreetmap.org/node/3834808984", "branch_1_neighbor": "3834808987", "branch_1_bearing": 83.19, "branch_1_street": "", "branch_1_highway": "residential", "branch_2_neighbor": "8109972624", "branch_2_bearing": 174.11, "branch_2_street": "", "branch_2_highway": "residential", "branch_3_neighbor": "3834808978", "branch_3_bearing": 263.18, "branch_3_street": "", "branch_3_highway": "residential", "branch_4_neighbor": "3834809001", "branch_4_bearing": 353.07, "branch_4_street": "", "branch_4_highway": "residential" }, "geometry": { "type": "Point", "coordinates": [ 100.7240558, 13.8646917 ] } },
{ "type": "Feature", "properties": { "osm_node_id": "3841547696", "latitude": 13.8484316, "longitude": 100.7074804, "street_names": "", "highway_types": "residential", "in_degree": 4, "out_degree": 4, "fully_bidirectional": true, "traffic_signals": false, "junction": "", "minimum_branch_angle": 89.07, "maximum_branch_angle": 90.57, "cross_score": 0.9942, "likely_geometric_cross": true, "osm_url": "https://www.openstreetmap.org/node/3841547696", "branch_1_neighbor": "3841547701", "branch_1_bearing": 88.06, "branch_1_street": "", "branch_1_highway": "residential", "branch_2_neighbor": "3840058767", "branch_2_bearing": 177.95, "branch_2_street": "", "branch_2_highway": "residential", "branch_3_neighbor": "3841547693", "branch_3_bearing": 268.42, "branch_3_street": "", "branch_3_highway": "residential", "branch_4_neighbor": "3841547716", "branch_4_bearing": 357.49, "branch_4_street": "", "branch_4_highway": "residential" }, "geometry": { "type": "Point", "coordinates": [ 100.7074804, 13.8484316 ] } },
{ "type": "Feature", "properties": { "osm_node_id": "3053310333", "latitude": 13.9001554, "longitude": 100.7186658, "street_names": "", "highway_types": "residential", "in_degree": 4, "out_degree": 4, "fully_bidirectional": true, "traffic_signals": false, "junction": "", "minimum_branch_angle": 89.45, "maximum_branch_angle": 90.57, "cross_score": 0.9941, "likely_geometric_cross": true, "osm_url": "https://www.openstreetmap.org/node/3053310333", "branch_1_neighbor": "3053310341", "branch_1_bearing": 87.34, "branch_1_street": "", "branch_1_highway": "residential", "branch_2_neighbor": "3053310352", "branch_2_bearing": 176.84, "branch_2_street": "", "branch_2_highway": "residential", "branch_3_neighbor": "3053310342", "branch_3_bearing": 266.28, "branch_3_street": "", "branch_3_highway": "residential", "branch_4_neighbor": "3053310373", "branch_4_bearing": 356.85, "branch_4_street": "", "branch_4_highway": "residential" }, "geometry": { "type": "Point", "coordinates": [ 100.7186658, 13.9001554 ] } },
{ "type": "Feature", "properties": { "osm_node_id": "3053324380", "latitude": 13.8691743, "longitude": 100.7459823, "street_names": "", "highway_types": "residential", "in_degree": 4, "out_degree": 4, "fully_bidirectional": true, "traffic_signals": false, "junction": "", "minimum_branch_angle": 89.33, "maximum_branch_angle": 90.66, "cross_score": 0.9941, "likely_geometric_cross": true, "osm_url": "https://www.openstreetmap.org/node/3053324380", "branch_1_neighbor": "3053324379", "branch_1_bearing": 85.36, "branch_1_street": "", "branch_1_highway": "residential", "branch_2_neighbor": "4415580544", "branch_2_bearing": 174.69, "branch_2_street": "", "branch_2_highway": "residential", "branch_3_neighbor": "3053324363", "branch_3_bearing": 265.09, "branch_3_street": "", "branch_3_highway": "residential", "branch_4_neighbor": "3053324414", "branch_4_bearing": 354.7, "branch_4_street": "", "branch_4_highway": "residential" }, "geometry": { "type": "Point", "coordinates": [ 100.7459823, 13.8691743 ] } },
{ "type": "Feature", "properties": { "osm_node_id": "3834809007", "latitude": 13.865057, "longitude": 100.7263053, "street_names": "", "highway_types": "residential", "in_degree": 4, "out_degree": 4, "fully_bidirectional": true, "traffic_signals": false, "junction": "", "minimum_branch_angle": 88.96, "maximum_branch_angle": 90.99, "cross_score": 0.9941, "likely_geometric_cross": true, "osm_url": "https://www.openstreetmap.org/node/3834809007", "branch_1_neighbor": "8336337847", "branch_1_bearing": 83.86, "branch_1_street": "", "branch_1_highway": "residential", "branch_2_neighbor": "3834808986", "branch_2_bearing": 174.85, "branch_2_street": "", "branch_2_highway": "residential", "branch_3_neighbor": "3834809004", "branch_3_bearing": 263.81, "branch_3_street": "", "branch_3_highway": "residential", "branch_4_neighbor": "3834809021", "branch_4_bearing": 353.8, "branch_4_street": "", "branch_4_highway": "residential" }, "geometry": { "type": "Point", "coordinates": [ 100.7263053, 13.865057 ] } },
{ "type": "Feature", "properties": { "osm_node_id": "3840059204", "latitude": 13.8588324, "longitude": 100.7067363, "street_names": "", "highway_types": "residential", "in_degree": 4, "out_degree": 4, "fully_bidirectional": true, "traffic_signals": false, "junction": "", "minimum_branch_angle": 89.28, "maximum_branch_angle": 90.72, "cross_score": 0.9941, "likely_geometric_cross": true, "osm_url": "https://www.openstreetmap.org/node/3840059204", "branch_1_neighbor": "3840059214", "branch_1_bearing": 0.34, "branch_1_street": "", "branch_1_highway": "residential", "branch_2_neighbor": "3840059205", "branch_2_bearing": 90.0, "branch_2_street": "", "branch_2_highway": "residential", "branch_3_neighbor": "3840059194", "branch_3_bearing": 180.34, "branch_3_street": "", "branch_3_highway": "residential", "branch_4_neighbor": "3840059203", "branch_4_bearing": 269.62, "branch_4_street": "", "branch_4_highway": "residential" }, "geometry": { "type": "Point", "coordinates": [ 100.7067363, 13.8588324 ] } },
{ "type": "Feature", "properties": { "osm_node_id": "5941639212", "latitude": 13.8893841, "longitude": 100.7190479, "street_names": "", "highway_types": "residential", "in_degree": 4, "out_degree": 4, "fully_bidirectional": true, "traffic_signals": false, "junction": "", "minimum_branch_angle": 89.02, "maximum_branch_angle": 90.93, "cross_score": 0.9941, "likely_geometric_cross": true, "osm_url": "https://www.openstreetmap.org/node/5941639212", "branch_1_neighbor": "5941639215", "branch_1_bearing": 0.32, "branch_1_street": "", "branch_1_highway": "residential", "branch_2_neighbor": "5941639211", "branch_2_bearing": 90.23, "branch_2_street": "", "branch_2_highway": "residential", "branch_3_neighbor": "5941639209", "branch_3_bearing": 181.16, "branch_3_street": "", "branch_3_highway": "residential", "branch_4_neighbor": "5941639213", "branch_4_bearing": 270.18, "branch_4_street": "", "branch_4_highway": "residential" }, "geometry": { "type": "Point", "coordinates": [ 100.7190479, 13.8893841 ] } },
{ "type": "Feature", "properties": { "osm_node_id": "6117202389", "latitude": 13.8527011, "longitude": 100.7117392, "street_names": "", "highway_types": "residential", "in_degree": 3, "out_degree": 3, "fully_bidirectional": false, "traffic_signals": false, "junction": "", "minimum_branch_angle": 89.03, "maximum_branch_angle": 90.61, "cross_score": 0.9941, "likely_geometric_cross": true, "osm_url": "https://www.openstreetmap.org/node/6117202389", "branch_1_neighbor": "10134595222", "branch_1_bearing": 84.32, "branch_1_street": "", "branch_1_highway": "residential", "branch_2_neighbor": "6117202388", "branch_2_bearing": 173.35, "branch_2_street": "", "branch_2_highway": "residential", "branch_3_neighbor": "6117202390", "branch_3_bearing": 263.26, "branch_3_street": "", "branch_3_highway": "residential", "branch_4_neighbor": "6117202394", "branch_4_bearing": 353.86, "branch_4_street": "", "branch_4_highway": "residential" }, "geometry": { "type": "Point", "coordinates": [ 100.7117392, 13.8527011 ] } },
{ "type": "Feature", "properties": { "osm_node_id": "6117202620", "latitude": 13.8509136, "longitude": 100.7086035, "street_names": "", "highway_types": "residential", "in_degree": 4, "out_degree": 4, "fully_bidirectional": true, "traffic_signals": false, "junction": "", "minimum_branch_angle": 89.38, "maximum_branch_angle": 90.62, "cross_score": 0.994, "likely_geometric_cross": true, "osm_url": "https://www.openstreetmap.org/node/6117202620", "branch_1_neighbor": "6117202621", "branch_1_bearing": 88.14, "branch_1_street": "", "branch_1_highway": "residential", "branch_2_neighbor": "6117202617", "branch_2_bearing": 177.68, "branch_2_street": "", "branch_2_highway": "residential", "branch_3_neighbor": "6117202619", "branch_3_bearing": 268.3, "branch_3_street": "", "branch_3_highway": "residential", "branch_4_neighbor": "6117202623", "branch_4_bearing": 357.67, "branch_4_street": "", "branch_4_highway": "residential" }, "geometry": { "type": "Point", "coordinates": [ 100.7086035, 13.8509136 ] } },
{ "type": "Feature", "properties": { "osm_node_id": "2562521967", "latitude": 13.8721705, "longitude": 100.7205596, "street_names": "ซอย 34; ซอย ๓๓", "highway_types": "residential", "in_degree": 4, "out_degree": 4, "fully_bidirectional": true, "traffic_signals": false, "junction": "", "minimum_branch_angle": 89.27, "maximum_branch_angle": 91.09, "cross_score": 0.9939, "likely_geometric_cross": true, "osm_url": "https://www.openstreetmap.org/node/2562521967", "branch_1_neighbor": "2562521968", "branch_1_bearing": 89.33, "branch_1_street": "ซอย 34", "branch_1_highway": "residential", "branch_2_neighbor": "2562521970", "branch_2_bearing": 178.6, "branch_2_street": "", "branch_2_highway": "residential", "branch_3_neighbor": "8061345515", "branch_3_bearing": 269.69, "branch_3_street": "ซอย ๓๓", "branch_3_highway": "residential", "branch_4_neighbor": "2562521964", "branch_4_bearing": 359.68, "branch_4_street": "", "branch_4_highway": "residential" }, "geometry": { "type": "Point", "coordinates": [ 100.7205596, 13.8721705 ] } },
{ "type": "Feature", "properties": { "osm_node_id": "2562522024", "latitude": 13.8654971, "longitude": 100.7201705, "street_names": "", "highway_types": "residential", "in_degree": 4, "out_degree": 4, "fully_bidirectional": true, "traffic_signals": false, "junction": "", "minimum_branch_angle": 88.91, "maximum_branch_angle": 90.83, "cross_score": 0.9939, "likely_geometric_cross": true, "osm_url": "https://www.openstreetmap.org/node/2562522024", "branch_1_neighbor": "2562522026", "branch_1_bearing": 88.2, "branch_1_street": "", "branch_1_highway": "residential", "branch_2_neighbor": "2562522030", "branch_2_bearing": 178.43, "branch_2_street": "", "branch_2_highway": "residential", "branch_3_neighbor": "2562522022", "branch_3_bearing": 267.34, "branch_3_street": "", "branch_3_highway": "residential", "branch_4_neighbor": "2562522018", "branch_4_bearing": 358.16, "branch_4_street": "", "branch_4_highway": "residential" }, "geometry": { "type": "Point", "coordinates": [ 100.7201705, 13.8654971 ] } },
{ "type": "Feature", "properties": { "osm_node_id": "3840087379", "latitude": 13.8566135, "longitude": 100.6953882, "street_names": "", "highway_types": "residential", "in_degree": 4, "out_degree": 4, "fully_bidirectional": true, "traffic_signals": false, "junction": "", "minimum_branch_angle": 88.93, "maximum_branch_angle": 91.05, "cross_score": 0.9939, "likely_geometric_cross": true, "osm_url": "https://www.openstreetmap.org/node/3840087379", "branch_1_neighbor": "3840087392", "branch_1_bearing": 0.28, "branch_1_street": "", "branch_1_highway": "residential", "branch_2_neighbor": "3840087380", "branch_2_bearing": 89.21, "branch_2_street": "", "branch_2_highway": "residential", "branch_3_neighbor": "3840087367", "branch_3_bearing": 179.19, "branch_3_street": "", "branch_3_highway": "residential", "branch_4_neighbor": "8086748877", "branch_4_bearing": 270.24, "branch_4_street": "", "branch_4_highway": "residential" }, "geometry": { "type": "Point", "coordinates": [ 100.6953882, 13.8566135 ] } },
{ "type": "Feature", "properties": { "osm_node_id": "8034727816", "latitude": 13.832822, "longitude": 100.6914588, "street_names": "", "highway_types": "residential", "in_degree": 4, "out_degree": 4, "fully_bidirectional": true, "traffic_signals": false, "junction": "", "minimum_branch_angle": 88.96, "maximum_branch_angle": 90.85, "cross_score": 0.9939, "likely_geometric_cross": true, "osm_url": "https://www.openstreetmap.org/node/8034727816", "branch_1_neighbor": "8034727818", "branch_1_bearing": 73.85, "branch_1_street": "", "branch_1_highway": "residential", "branch_2_neighbor": "8034727815", "branch_2_bearing": 163.78, "branch_2_street": "", "branch_2_highway": "residential", "branch_3_neighbor": "3841938464", "branch_3_bearing": 254.04, "branch_3_street": "", "branch_3_highway": "residential", "branch_4_neighbor": "8034727817", "branch_4_bearing": 343.0, "branch_4_street": "", "branch_4_highway": "residential" }, "geometry": { "type": "Point", "coordinates": [ 100.6914588, 13.832822 ] } },
{ "type": "Feature", "properties": { "osm_node_id": "3053310359", "latitude": 13.9015933, "longitude": 100.7185841, "street_names": "", "highway_types": "residential", "in_degree": 4, "out_degree": 4, "fully_bidirectional": true, "traffic_signals": false, "junction": "", "minimum_branch_angle": 89.42, "maximum_branch_angle": 90.58, "cross_score": 0.9938, "likely_geometric_cross": true, "osm_url": "https://www.openstreetmap.org/node/3053310359", "branch_1_neighbor": "3053310353", "branch_1_bearing": 86.31, "branch_1_street": "", "branch_1_highway": "residential", "branch_2_neighbor": "3053310335", "branch_2_bearing": 176.84, "branch_2_street": "", "branch_2_highway": "residential", "branch_3_neighbor": "3053310339", "branch_3_bearing": 266.27, "branch_3_street": "", "branch_3_highway": "residential", "branch_4_neighbor": "3053310375", "branch_4_bearing": 356.85, "branch_4_street": "", "branch_4_highway": "residential" }, "geometry": { "type": "Point", "coordinates": [ 100.7185841, 13.9015933 ] } },
{ "type": "Feature", "properties": { "osm_node_id": "3053310378", "latitude": 13.8994277, "longitude": 100.7187072, "street_names": "", "highway_types": "residential", "in_degree": 4, "out_degree": 4, "fully_bidirectional": true, "traffic_signals": false, "junction": "", "minimum_branch_angle": 89.41, "maximum_branch_angle": 90.6, "cross_score": 0.9938, "likely_geometric_cross": true, "osm_url": "https://www.openstreetmap.org/node/3053310378", "branch_1_neighbor": "3053310382", "branch_1_bearing": 87.44, "branch_1_street": "", "branch_1_highway": "residential", "branch_2_neighbor": "3053310365", "branch_2_bearing": 176.85, "branch_2_street": "", "branch_2_highway": "residential", "branch_3_neighbor": "3053310350", "branch_3_bearing": 266.32, "branch_3_street": "", "branch_3_highway": "residential", "branch_4_neighbor": "3053310352", "branch_4_bearing": 356.84, "branch_4_street": "", "branch_4_highway": "residential" }, "geometry": { "type": "Point", "coordinates": [ 100.7187072, 13.8994277 ] } },
{ "type": "Feature", "properties": { "osm_node_id": "3840059211", "latitude": 13.8591931, "longitude": 100.706009, "street_names": "", "highway_types": "residential", "in_degree": 4, "out_degree": 4, "fully_bidirectional": true, "traffic_signals": false, "junction": "", "minimum_branch_angle": 88.96, "maximum_branch_angle": 91.04, "cross_score": 0.9938, "likely_geometric_cross": true, "osm_url": "https://www.openstreetmap.org/node/3840059211", "branch_1_neighbor": "3840059226", "branch_1_bearing": 0.09, "branch_1_street": "", "branch_1_highway": "residential", "branch_2_neighbor": "3840059214", "branch_2_bearing": 89.05, "branch_2_street": "", "branch_2_highway": "residential", "branch_3_neighbor": "3840059203", "branch_3_bearing": 180.09, "branch_3_street": "", "branch_3_highway": "residential", "branch_4_neighbor": "3840059212", "branch_4_bearing": 270.02, "branch_4_street": "", "branch_4_highway": "residential" }, "geometry": { "type": "Point", "coordinates": [ 100.706009, 13.8591931 ] } },
{ "type": "Feature", "properties": { "osm_node_id": "5887077301", "latitude": 13.9078832, "longitude": 100.7895907, "street_names": "", "highway_types": "residential", "in_degree": 4, "out_degree": 4, "fully_bidirectional": true, "traffic_signals": false, "junction": "", "minimum_branch_angle": 89.24, "maximum_branch_angle": 91.12, "cross_score": 0.9938, "likely_geometric_cross": true, "osm_url": "https://www.openstreetmap.org/node/5887077301", "branch_1_neighbor": "5887077299", "branch_1_bearing": 89.48, "branch_1_street": "", "branch_1_highway": "residential", "branch_2_neighbor": "5887076574", "branch_2_bearing": 180.61, "branch_2_street": "", "branch_2_highway": "residential", "branch_3_neighbor": "5887077303", "branch_3_bearing": 270.27, "branch_3_street": "", "branch_3_highway": "residential", "branch_4_neighbor": "5887077302", "branch_4_bearing": 359.51, "branch_4_street": "", "branch_4_highway": "residential" }, "geometry": { "type": "Point", "coordinates": [ 100.7895907, 13.9078832 ] } },
{ "type": "Feature", "properties": { "osm_node_id": "8341596589", "latitude": 13.8992964, "longitude": 100.7168893, "street_names": "", "highway_types": "residential", "in_degree": 4, "out_degree": 4, "fully_bidirectional": true, "traffic_signals": false, "junction": "", "minimum_branch_angle": 89.33, "maximum_branch_angle": 91.08, "cross_score": 0.9938, "likely_geometric_cross": true, "osm_url": "https://www.openstreetmap.org/node/8341596589", "branch_1_neighbor": "8341596588", "branch_1_bearing": 87.17, "branch_1_street": "", "branch_1_highway": "residential", "branch_2_neighbor": "8341596602", "branch_2_bearing": 176.73, "branch_2_street": "", "branch_2_highway": "residential", "branch_3_neighbor": "8341596590", "branch_3_bearing": 266.06, "branch_3_street": "", "branch_3_highway": "residential", "branch_4_neighbor": "8341596592", "branch_4_bearing": 357.14, "branch_4_street": "", "branch_4_highway": "residential" }, "geometry": { "type": "Point", "coordinates": [ 100.7168893, 13.8992964 ] } },
{ "type": "Feature", "properties": { "osm_node_id": "2562521982", "latitude": 13.8694719, "longitude": 100.720046, "street_names": "เมืองประชา ซอย ๔๔; เมืองประชา ซอย ๔๕", "highway_types": "residential", "in_degree": 4, "out_degree": 4, "fully_bidirectional": true, "traffic_signals": false, "junction": "", "minimum_branch_angle": 88.9, "maximum_branch_angle": 90.7, "cross_score": 0.9937, "likely_geometric_cross": true, "osm_url": "https://www.openstreetmap.org/node/2562521982", "branch_1_neighbor": "2562521983", "branch_1_bearing": 87.92, "branch_1_street": "เมืองประชา ซอย ๔๔", "branch_1_highway": "residential", "branch_2_neighbor": "2562521985", "branch_2_bearing": 178.35, "branch_2_street": "", "branch_2_highway": "residential", "branch_3_neighbor": "2562521981", "branch_3_bearing": 269.06, "branch_3_street": "เมืองประชา ซอย ๔๕", "branch_3_highway": "residential", "branch_4_neighbor": "2562521979", "branch_4_bearing": 357.96, "branch_4_street": "", "branch_4_highway": "residential" }, "geometry": { "type": "Point", "coordinates": [ 100.720046, 13.8694719 ] } },
{ "type": "Feature", "properties": { "osm_node_id": "3053303661", "latitude": 13.8866411, "longitude": 100.7203593, "street_names": "", "highway_types": "residential", "in_degree": 4, "out_degree": 4, "fully_bidirectional": true, "traffic_signals": false, "junction": "", "minimum_branch_angle": 89.21, "maximum_branch_angle": 91.12, "cross_score": 0.9937, "likely_geometric_cross": true, "osm_url": "https://www.openstreetmap.org/node/3053303661", "branch_1_neighbor": "3053301910", "branch_1_bearing": 0.0, "branch_1_street": "", "branch_1_highway": "residential", "branch_2_neighbor": "3053301925", "branch_2_bearing": 89.65, "branch_2_street": "", "branch_2_highway": "residential", "branch_3_neighbor": "3053303663", "branch_3_bearing": 180.76, "branch_3_street": "", "branch_3_highway": "residential", "branch_4_neighbor": "3053303646", "branch_4_bearing": 269.97, "branch_4_street": "", "branch_4_highway": "residential" }, "geometry": { "type": "Point", "coordinates": [ 100.7203593, 13.8866411 ] } },
{ "type": "Feature", "properties": { "osm_node_id": "3841909841", "latitude": 13.8327325, "longitude": 100.7184976, "street_names": "นลิน 1; นลิน 1 ซอย 3; นลิน 2 ซอย 3", "highway_types": "residential", "in_degree": 4, "out_degree": 4, "fully_bidirectional": true, "traffic_signals": false, "junction": "", "minimum_branch_angle": 89.08, "maximum_branch_angle": 91.13, "cross_score": 0.9937, "likely_geometric_cross": true, "osm_url": "https://www.openstreetmap.org/node/3841909841", "branch_1_neighbor": "3841909842", "branch_1_bearing": 89.35, "branch_1_street": "นลิน 1 ซอย 3", "branch_1_highway": "residential", "branch_2_neighbor": "3841909834", "branch_2_bearing": 178.43, "branch_2_street": "นลิน 1", "branch_2_highway": "residential", "branch_3_neighbor": "3841909840", "branch_3_bearing": 268.31, "branch_3_street": "นลิน 2 ซอย 3", "branch_3_highway": "residential", "branch_4_neighbor": "3841909848", "branch_4_bearing": 358.22, "branch_4_street": "นลิน 1", "branch_4_highway": "residential" }, "geometry": { "type": "Point", "coordinates": [ 100.7184976, 13.8327325 ] } },
{ "type": "Feature", "properties": { "osm_node_id": "3053303650", "latitude": 13.8844207, "longitude": 100.7203531, "street_names": "", "highway_types": "residential", "in_degree": 4, "out_degree": 4, "fully_bidirectional": true, "traffic_signals": false, "junction": "", "minimum_branch_angle": 89.32, "maximum_branch_angle": 91.15, "cross_score": 0.9936, "likely_geometric_cross": true, "osm_url": "https://www.openstreetmap.org/node/3053303650", "branch_1_neighbor": "3053303668", "branch_1_bearing": 0.23, "branch_1_street": "", "branch_1_highway": "residential", "branch_2_neighbor": "3053303653", "branch_2_bearing": 90.03, "branch_2_street": "", "branch_2_highway": "residential", "branch_3_neighbor": "3053303655", "branch_3_bearing": 179.35, "branch_3_street": "", "branch_3_highway": "residential", "branch_4_neighbor": "3053303643", "branch_4_bearing": 270.49, "branch_4_street": "", "branch_4_highway": "residential" }, "geometry": { "type": "Point", "coordinates": [ 100.7203531, 13.8844207 ] } },
{ "type": "Feature", "properties": { "osm_node_id": "3840087424", "latitude": 13.8579215, "longitude": 100.6967458, "street_names": "", "highway_types": "residential", "in_degree": 4, "out_degree": 4, "fully_bidirectional": true, "traffic_signals": false, "junction": "", "minimum_branch_angle": 88.88, "maximum_branch_angle": 90.67, "cross_score": 0.9936, "likely_geometric_cross": true, "osm_url": "https://www.openstreetmap.org/node/3840087424", "branch_1_neighbor": "3840087426", "branch_1_bearing": 89.83, "branch_1_street": "", "branch_1_highway": "residential", "branch_2_neighbor": "3840087412", "branch_2_bearing": 180.32, "branch_2_street": "", "branch_2_highway": "residential", "branch_3_neighbor": "3840087425", "branch_3_bearing": 269.2, "branch_3_street": "", "branch_3_highway": "residential", "branch_4_neighbor": "3840087445", "branch_4_bearing": 359.87, "branch_4_street": "", "branch_4_highway": "residential" }, "geometry": { "type": "Point", "coordinates": [ 100.6967458, 13.8579215 ] } },
{ "type": "Feature", "properties": { "osm_node_id": "6124182932", "latitude": 13.8743586, "longitude": 100.7175727, "street_names": "", "highway_types": "residential", "in_degree": 4, "out_degree": 4, "fully_bidirectional": true, "traffic_signals": false, "junction": "", "minimum_branch_angle": 88.84, "maximum_branch_angle": 90.51, "cross_score": 0.9936, "likely_geometric_cross": true, "osm_url": "https://www.openstreetmap.org/node/6124182932", "branch_1_neighbor": "6124182931", "branch_1_bearing": 89.45, "branch_1_street": "", "branch_1_highway": "residential", "branch_2_neighbor": "6124182936", "branch_2_bearing": 179.62, "branch_2_street": "", "branch_2_highway": "residential", "branch_3_neighbor": "6124182933", "branch_3_bearing": 270.1, "branch_3_street": "", "branch_3_highway": "residential", "branch_4_neighbor": "6124182937", "branch_4_bearing": 358.94, "branch_4_street": "", "branch_4_highway": "residential" }, "geometry": { "type": "Point", "coordinates": [ 100.7175727, 13.8743586 ] } },
{ "type": "Feature", "properties": { "osm_node_id": "6124182937", "latitude": 13.8747779, "longitude": 100.7175647, "street_names": "", "highway_types": "residential", "in_degree": 4, "out_degree": 4, "fully_bidirectional": true, "traffic_signals": false, "junction": "", "minimum_branch_angle": 89.29, "maximum_branch_angle": 91.09, "cross_score": 0.9936, "likely_geometric_cross": true, "osm_url": "https://www.openstreetmap.org/node/6124182937", "branch_1_neighbor": "6124182938", "branch_1_bearing": 0.09, "branch_1_street": "", "branch_1_highway": "residential", "branch_2_neighbor": "6124183029", "branch_2_bearing": 89.65, "branch_2_street": "", "branch_2_highway": "residential", "branch_3_neighbor": "6124182932", "branch_3_bearing": 178.94, "branch_3_street": "", "branch_3_highway": "residential", "branch_4_neighbor": "6124183028", "branch_4_bearing": 270.03, "branch_4_street": "", "branch_4_highway": "residential" }, "geometry": { "type": "Point", "coordinates": [ 100.7175647, 13.8747779 ] } },
{ "type": "Feature", "properties": { "osm_node_id": "3840087417", "latitude": 13.8576783, "longitude": 100.6953869, "street_names": "", "highway_types": "residential", "in_degree": 4, "out_degree": 4, "fully_bidirectional": true, "traffic_signals": false, "junction": "", "minimum_branch_angle": 89.32, "maximum_branch_angle": 90.92, "cross_score": 0.9935, "likely_geometric_cross": true, "osm_url": "https://www.openstreetmap.org/node/3840087417", "branch_1_neighbor": "3840087430", "branch_1_bearing": 0.51, "branch_1_street": "", "branch_1_highway": "residential", "branch_2_neighbor": "3840087416", "branch_2_bearing": 89.83, "branch_2_street": "", "branch_2_highway": "residential", "branch_3_neighbor": "3840087403", "branch_3_bearing": 180.08, "branch_3_street": "", "branch_3_highway": "residential", "branch_4_neighbor": "3840087415", "branch_4_bearing": 269.58, "branch_4_street": "", "branch_4_highway": "residential" }, "geometry": { "type": "Point", "coordinates": [ 100.6953869, 13.8576783 ] } },
{ "type": "Feature", "properties": { "osm_node_id": "2562522007", "latitude": 13.8665762, "longitude": 100.7201383, "street_names": "", "highway_types": "residential", "in_degree": 4, "out_degree": 4, "fully_bidirectional": true, "traffic_signals": false, "junction": "", "minimum_branch_angle": 89.18, "maximum_branch_angle": 90.85, "cross_score": 0.9934, "likely_geometric_cross": true, "osm_url": "https://www.openstreetmap.org/node/2562522007", "branch_1_neighbor": "2562522008", "branch_1_bearing": 88.11, "branch_1_street": "", "branch_1_highway": "residential", "branch_2_neighbor": "2562522012", "branch_2_bearing": 178.96, "branch_2_street": "", "branch_2_highway": "residential", "branch_3_neighbor": "2562522005", "branch_3_bearing": 269.29, "branch_3_street": "", "branch_3_highway": "residential", "branch_4_neighbor": "2562522003", "branch_4_bearing": 358.47, "branch_4_street": "", "branch_4_highway": "residential" }, "geometry": { "type": "Point", "coordinates": [ 100.7201383, 13.8665762 ] } },
{ "type": "Feature", "properties": { "osm_node_id": "2562522057", "latitude": 13.8782367, "longitude": 100.7205326, "street_names": "ซอย ๕; ซอย ๖", "highway_types": "residential", "in_degree": 4, "out_degree": 4, "fully_bidirectional": true, "traffic_signals": false, "junction": "", "minimum_branch_angle": 89.13, "maximum_branch_angle": 91.02, "cross_score": 0.9934, "likely_geometric_cross": true, "osm_url": "https://www.openstreetmap.org/node/2562522057", "branch_1_neighbor": "2562522058", "branch_1_bearing": 90.0, "branch_1_street": "ซอย ๖", "branch_1_highway": "residential", "branch_2_neighbor": "2562522054", "branch_2_bearing": 180.17, "branch_2_street": "", "branch_2_highway": "residential", "branch_3_neighbor": "2562522056", "branch_3_bearing": 269.3, "branch_3_street": "ซอย ๕", "branch_3_highway": "residential", "branch_4_neighbor": "2562522060", "branch_4_bearing": 358.98, "branch_4_street": "", "branch_4_highway": "residential" }, "geometry": { "type": "Point", "coordinates": [ 100.7205326, 13.8782367 ] } },
{ "type": "Feature", "properties": { "osm_node_id": "3840129895", "latitude": 13.8557255, "longitude": 100.6793122, "street_names": "ซอยคู้บอน 36", "highway_types": "residential", "in_degree": 4, "out_degree": 4, "fully_bidirectional": true, "traffic_signals": false, "junction": "", "minimum_branch_angle": 89.39, "maximum_branch_angle": 90.95, "cross_score": 0.9934, "likely_geometric_cross": true, "osm_url": "https://www.openstreetmap.org/node/3840129895", "branch_1_neighbor": "3840129897", "branch_1_bearing": 75.13, "branch_1_street": "", "branch_1_highway": "residential", "branch_2_neighbor": "3840129881", "branch_2_bearing": 166.07, "branch_2_street": "ซอยคู้บอน 36", "branch_2_highway": "residential", "branch_3_neighbor": "3840129893", "branch_3_bearing": 255.47, "branch_3_street": "", "branch_3_highway": "residential", "branch_4_neighbor": "3840129901", "branch_4_bearing": 345.7, "branch_4_street": "ซอยคู้บอน 36", "branch_4_highway": "residential" }, "geometry": { "type": "Point", "coordinates": [ 100.6793122, 13.8557255 ] } },
{ "type": "Feature", "properties": { "osm_node_id": "5277017944", "latitude": 13.8708891, "longitude": 100.7121015, "street_names": "", "highway_types": "residential", "in_degree": 4, "out_degree": 4, "fully_bidirectional": true, "traffic_signals": false, "junction": "", "minimum_branch_angle": 88.81, "maximum_branch_angle": 90.79, "cross_score": 0.9934, "likely_geometric_cross": true, "osm_url": "https://www.openstreetmap.org/node/5277017944", "branch_1_neighbor": "5277017945", "branch_1_bearing": 85.73, "branch_1_street": "", "branch_1_highway": "residential", "branch_2_neighbor": "5277017941", "branch_2_bearing": 176.51, "branch_2_street": "", "branch_2_highway": "residential", "branch_3_neighbor": "5277017946", "branch_3_bearing": 266.91, "branch_3_street": "", "branch_3_highway": "residential", "branch_4_neighbor": "5277017938", "branch_4_bearing": 355.72, "branch_4_street": "", "branch_4_highway": "residential" }, "geometry": { "type": "Point", "coordinates": [ 100.7121015, 13.8708891 ] } },
{ "type": "Feature", "properties": { "osm_node_id": "3053310356", "latitude": 13.8975344, "longitude": 100.7188148, "street_names": "", "highway_types": "residential", "in_degree": 4, "out_degree": 4, "fully_bidirectional": true, "traffic_signals": false, "junction": "", "minimum_branch_angle": 89.18, "maximum_branch_angle": 90.8, "cross_score": 0.9933, "likely_geometric_cross": true, "osm_url": "https://www.openstreetmap.org/node/3053310356", "branch_1_neighbor": "3053310381", "branch_1_bearing": 86.45, "branch_1_street": "", "branch_1_highway": "residential", "branch_2_neighbor": "3053310379", "branch_2_bearing": 176.86, "branch_2_street": "", "branch_2_highway": "residential", "branch_3_neighbor": "3053310360", "branch_3_bearing": 266.04, "branch_3_street": "", "branch_3_highway": "residential", "branch_4_neighbor": "3053310345", "branch_4_bearing": 356.84, "branch_4_street": "", "branch_4_highway": "residential" }, "geometry": { "type": "Point", "coordinates": [ 100.7188148, 13.8975344 ] } },
{ "type": "Feature", "properties": { "osm_node_id": "3053347112", "latitude": 13.8692821, "longitude": 100.7136247, "street_names": "", "highway_types": "residential", "in_degree": 4, "out_degree": 4, "fully_bidirectional": true, "traffic_signals": false, "junction": "", "minimum_branch_angle": 89.33, "maximum_branch_angle": 91.15, "cross_score": 0.9933, "likely_geometric_cross": true, "osm_url": "https://www.openstreetmap.org/node/3053347112", "branch_1_neighbor": "3053347115", "branch_1_bearing": 89.87, "branch_1_street": "", "branch_1_highway": "residential", "branch_2_neighbor": "3053347097", "branch_2_bearing": 179.2, "branch_2_street": "", "branch_2_highway": "residential", "branch_3_neighbor": "3053347121", "branch_3_bearing": 269.25, "branch_3_street": "", "branch_3_highway": "residential", "branch_4_neighbor": "3053347457", "branch_4_bearing": 358.72, "branch_4_street": "", "branch_4_highway": "residential" }, "geometry": { "type": "Point", "coordinates": [ 100.7136247, 13.8692821 ] } },
{ "type": "Feature", "properties": { "osm_node_id": "6117202602", "latitude": 13.849066, "longitude": 100.7086807, "street_names": "", "highway_types": "residential", "in_degree": 4, "out_degree": 4, "fully_bidirectional": true, "traffic_signals": false, "junction": "", "minimum_branch_angle": 89.39, "maximum_branch_angle": 90.61, "cross_score": 0.9933, "likely_geometric_cross": true, "osm_url": "https://www.openstreetmap.org/node/6117202602", "branch_1_neighbor": "6117202603", "branch_1_bearing": 88.28, "branch_1_street": "", "branch_1_highway": "residential", "branch_2_neighbor": "6117202599", "branch_2_bearing": 177.67, "branch_2_street": "", "branch_2_highway": "residential", "branch_3_neighbor": "6117202601", "branch_3_bearing": 268.28, "branch_3_street": "", "branch_3_highway": "residential", "branch_4_neighbor": "6117202605", "branch_4_bearing": 357.68, "branch_4_street": "", "branch_4_highway": "residential" }, "geometry": { "type": "Point", "coordinates": [ 100.7086807, 13.849066 ] } },
{ "type": "Feature", "properties": { "osm_node_id": "6521872180", "latitude": 13.8546091, "longitude": 100.7129066, "street_names": "", "highway_types": "residential", "in_degree": 4, "out_degree": 4, "fully_bidirectional": true, "traffic_signals": false, "junction": "", "minimum_branch_angle": 89.0, "maximum_branch_angle": 91.01, "cross_score": 0.9933, "likely_geometric_cross": true, "osm_url": "https://www.openstreetmap.org/node/6521872180", "branch_1_neighbor": "6521872179", "branch_1_bearing": 88.09, "branch_1_street": "", "branch_1_highway": "residential", "branch_2_neighbor": "6521858844", "branch_2_bearing": 179.1, "branch_2_street": "", "branch_2_highway": "residential", "branch_3_neighbor": "6521872178", "branch_3_bearing": 269.29, "branch_3_street": "", "branch_3_highway": "residential", "branch_4_neighbor": "6521872183", "branch_4_bearing": 359.09, "branch_4_street": "", "branch_4_highway": "residential" }, "geometry": { "type": "Point", "coordinates": [ 100.7129066, 13.8546091 ] } },
{ "type": "Feature", "properties": { "osm_node_id": "3010377747", "latitude": 13.8527794, "longitude": 100.7551277, "street_names": "ซอยประชาร่วมใจ 31 ซอย 5; ซอยประชาร่วมใจ 31 ซอย 5/4; ซอยประชาร่วมใจ 31 ซอย 5/5", "highway_types": "residential", "in_degree": 4, "out_degree": 4, "fully_bidirectional": true, "traffic_signals": false, "junction": "", "minimum_branch_angle": 88.84, "maximum_branch_angle": 90.92, "cross_score": 0.9932, "likely_geometric_cross": true, "osm_url": "https://www.openstreetmap.org/node/3010377747", "branch_1_neighbor": "8163593563", "branch_1_bearing": 34.94, "branch_1_street": "ซอยประชาร่วมใจ 31 ซอย 5/5", "branch_1_highway": "residential", "branch_2_neighbor": "3010377738", "branch_2_bearing": 124.88, "branch_2_street": "ซอยประชาร่วมใจ 31 ซอย 5", "branch_2_highway": "residential", "branch_3_neighbor": "8163563694", "branch_3_bearing": 215.79, "branch_3_street": "ซอยประชาร่วมใจ 31 ซอย 5/4", "branch_3_highway": "residential", "branch_4_neighbor": "3010377755", "branch_4_bearing": 304.64, "branch_4_street": "ซอยประชาร่วมใจ 31 ซอย 5", "branch_4_highway": "residential" }, "geometry": { "type": "Point", "coordinates": [ 100.7551277, 13.8527794 ] } },
{ "type": "Feature", "properties": { "osm_node_id": "3841546171", "latitude": 13.8399717, "longitude": 100.7023918, "street_names": "", "highway_types": "residential", "in_degree": 4, "out_degree": 4, "fully_bidirectional": true, "traffic_signals": false, "junction": "", "minimum_branch_angle": 89.08, "maximum_branch_angle": 90.92, "cross_score": 0.9932, "likely_geometric_cross": true, "osm_url": "https://www.openstreetmap.org/node/3841546171", "branch_1_neighbor": "3841546183", "branch_1_bearing": 4.28, "branch_1_street": "", "branch_1_highway": "residential", "branch_2_neighbor": "3841546170", "branch_2_bearing": 94.58, "branch_2_street": "", "branch_2_highway": "residential", "branch_3_neighbor": "8295400183", "branch_3_bearing": 185.5, "branch_3_street": "", "branch_3_highway": "residential", "branch_4_neighbor": "3841546172", "branch_4_bearing": 274.57, "branch_4_street": "", "branch_4_highway": "residential" }, "geometry": { "type": "Point", "coordinates": [ 100.7023918, 13.8399717 ] } },
{ "type": "Feature", "properties": { "osm_node_id": "3841928596", "latitude": 13.8334156, "longitude": 100.69995, "street_names": "", "highway_types": "residential", "in_degree": 4, "out_degree": 4, "fully_bidirectional": true, "traffic_signals": false, "junction": "", "minimum_branch_angle": 88.99, "maximum_branch_angle": 91.22, "cross_score": 0.9932, "likely_geometric_cross": true, "osm_url": "https://www.openstreetmap.org/node/3841928596", "branch_1_neighbor": "3841928601", "branch_1_bearing": 77.13, "branch_1_street": "", "branch_1_highway": "residential", "branch_2_neighbor": "3841928573", "branch_2_bearing": 166.12, "branch_2_street": "", "branch_2_highway": "residential", "branch_3_neighbor": "3841928594", "branch_3_bearing": 257.34, "branch_3_street": "", "branch_3_highway": "residential", "branch_4_neighbor": "3841938492", "branch_4_bearing": 347.25, "branch_4_street": "", "branch_4_highway": "residential" }, "geometry": { "type": "Point", "coordinates": [ 100.69995, 13.8334156 ] } },
{ "type": "Feature", "properties": { "osm_node_id": "5941639246", "latitude": 13.8911546, "longitude": 100.7190319, "street_names": "", "highway_types": "residential", "in_degree": 4, "out_degree": 4, "fully_bidirectional": true, "traffic_signals": false, "junction": "", "minimum_branch_angle": 88.81, "maximum_branch_angle": 90.78, "cross_score": 0.9932, "likely_geometric_cross": true, "osm_url": "https://www.openstreetmap.org/node/5941639246", "branch_1_neighbor": "5941639247", "branch_1_bearing": 90.47, "branch_1_street": "", "branch_1_highway": "residential", "branch_2_neighbor": "5941639243", "branch_2_bearing": 179.28, "branch_2_street": "", "branch_2_highway": "residential", "branch_3_neighbor": "5941639245", "branch_3_bearing": 269.72, "branch_3_street": "", "branch_3_highway": "residential", "branch_4_neighbor": "5941639249", "branch_4_bearing": 359.69, "branch_4_street": "", "branch_4_highway": "residential" }, "geometry": { "type": "Point", "coordinates": [ 100.7190319, 13.8911546 ] } },
{ "type": "Feature", "properties": { "osm_node_id": "3840059208", "latitude": 13.8589166, "longitude": 100.7025932, "street_names": "", "highway_types": "residential", "in_degree": 4, "out_degree": 4, "fully_bidirectional": true, "traffic_signals": false, "junction": "", "minimum_branch_angle": 89.09, "maximum_branch_angle": 90.92, "cross_score": 0.9931, "likely_geometric_cross": true, "osm_url": "https://www.openstreetmap.org/node/3840059208", "branch_1_neighbor": "3840059207", "branch_1_bearing": 90.26, "branch_1_street": "", "branch_1_highway": "residential", "branch_2_neighbor": "3840059198", "branch_2_bearing": 179.35, "branch_2_street": "", "branch_2_highway": "residential", "branch_3_neighbor": "3840059206", "branch_3_bearing": 269.68, "branch_3_street": "", "branch_3_highway": "residential", "branch_4_neighbor": "3840059218", "branch_4_bearing": 359.34, "branch_4_street": "", "branch_4_highway": "residential" }, "geometry": { "type": "Point", "coordinates": [ 100.7025932, 13.8589166 ] } },
{ "type": "Feature", "properties": { "osm_node_id": "6124182926", "latitude": 13.87259, "longitude": 100.7175767, "street_names": "", "highway_types": "residential", "in_degree": 4, "out_degree": 4, "fully_bidirectional": true, "traffic_signals": false, "junction": "", "minimum_branch_angle": 89.31, "maximum_branch_angle": 91.24, "cross_score": 0.9931, "likely_geometric_cross": true, "osm_url": "https://www.openstreetmap.org/node/6124182926", "branch_1_neighbor": "6124182927", "branch_1_bearing": 90.6, "branch_1_street": "", "branch_1_highway": "residential", "branch_2_neighbor": "6124182923", "branch_2_bearing": 180.12, "branch_2_street": "", "branch_2_highway": "residential", "branch_3_neighbor": "6124182925", "branch_3_bearing": 270.05, "branch_3_street": "", "branch_3_highway": "residential", "branch_4_neighbor": "6124182929", "branch_4_bearing": 359.36, "branch_4_street": "", "branch_4_highway": "residential" }, "geometry": { "type": "Point", "coordinates": [ 100.7175767, 13.87259 ] } },
{ "type": "Feature", "properties": { "osm_node_id": "3841938314", "latitude": 13.8306659, "longitude": 100.6945231, "street_names": "", "highway_types": "residential", "in_degree": 4, "out_degree": 4, "fully_bidirectional": true, "traffic_signals": false, "junction": "", "minimum_branch_angle": 89.26, "maximum_branch_angle": 90.74, "cross_score": 0.993, "likely_geometric_cross": true, "osm_url": "https://www.openstreetmap.org/node/3841938314", "branch_1_neighbor": "3841938319", "branch_1_bearing": 63.99, "branch_1_street": "", "branch_1_highway": "residential", "branch_2_neighbor": "3841938304", "branch_2_bearing": 153.46, "branch_2_street": "", "branch_2_highway": "residential", "branch_3_neighbor": "8621209234", "branch_3_bearing": 243.99, "branch_3_street": "", "branch_3_highway": "residential", "branch_4_neighbor": "3841938324", "branch_4_bearing": 334.73, "branch_4_street": "", "branch_4_highway": "residential" }, "geometry": { "type": "Point", "coordinates": [ 100.6945231, 13.8306659 ] } },
{ "type": "Feature", "properties": { "osm_node_id": "3845126891", "latitude": 13.82539, "longitude": 100.7053049, "street_names": "ซอยพระยาสุเรนทร์ 16 แยก 1; ซอยพระยาสุเรนทร์ 16 แยก 1-1; ซอยพระยาสุเรนทร์ 16 แยก 1-2", "highway_types": "residential", "in_degree": 4, "out_degree": 4, "fully_bidirectional": true, "traffic_signals": false, "junction": "", "minimum_branch_angle": 89.16, "maximum_branch_angle": 90.83, "cross_score": 0.993, "likely_geometric_cross": true, "osm_url": "https://www.openstreetmap.org/node/3845126891", "branch_1_neighbor": "3845126895", "branch_1_bearing": 6.15, "branch_1_street": "ซอยพระยาสุเรนทร์ 16 แยก 1", "branch_1_highway": "residential", "branch_2_neighbor": "3845126890", "branch_2_bearing": 95.73, "branch_2_street": "ซอยพระยาสุเรนทร์ 16 แยก 1-2", "branch_2_highway": "residential", "branch_3_neighbor": "3845126884", "branch_3_bearing": 186.16, "branch_3_street": "ซอยพระยาสุเรนทร์ 16 แยก 1", "branch_3_highway": "residential", "branch_4_neighbor": "3845126892", "branch_4_bearing": 275.32, "branch_4_street": "ซอยพระยาสุเรนทร์ 16 แยก 1-1", "branch_4_highway": "residential" }, "geometry": { "type": "Point", "coordinates": [ 100.7053049, 13.82539 ] } },
{ "type": "Feature", "properties": { "osm_node_id": "5941639206", "latitude": 13.8886847, "longitude": 100.7190404, "street_names": "", "highway_types": "residential", "in_degree": 4, "out_degree": 4, "fully_bidirectional": true, "traffic_signals": false, "junction": "", "minimum_branch_angle": 89.01, "maximum_branch_angle": 90.75, "cross_score": 0.993, "likely_geometric_cross": true, "osm_url": "https://www.openstreetmap.org/node/5941639206", "branch_1_neighbor": "5941639205", "branch_1_bearing": 90.41, "branch_1_street": "", "branch_1_highway": "residential", "branch_2_neighbor": "5941639277", "branch_2_bearing": 179.42, "branch_2_street": "", "branch_2_highway": "residential", "branch_3_neighbor": "5941639207", "branch_3_bearing": 269.93, "branch_3_street": "", "branch_3_highway": "residential", "branch_4_neighbor": "5941639209", "branch_4_bearing": 359.67, "branch_4_street": "", "branch_4_highway": "residential" }, "geometry": { "type": "Point", "coordinates": [ 100.7190404, 13.8886847 ] } },
{ "type": "Feature", "properties": { "osm_node_id": "8073688614", "latitude": 13.8865206, "longitude": 100.7176634, "street_names": "", "highway_types": "residential", "in_degree": 3, "out_degree": 3, "fully_bidirectional": false, "traffic_signals": false, "junction": "", "minimum_branch_angle": 89.05, "maximum_branch_angle": 90.82, "cross_score": 0.993, "likely_geometric_cross": true, "osm_url": "https://www.openstreetmap.org/node/8073688614", "branch_1_neighbor": "8073688615", "branch_1_bearing": 0.82, "branch_1_street": "", "branch_1_highway": "residential", "branch_2_neighbor": "2733169203", "branch_2_bearing": 89.87, "branch_2_street": "", "branch_2_highway": "residential", "branch_3_neighbor": "8073688613", "branch_3_bearing": 180.31, "branch_3_street": "", "branch_3_highway": "residential", "branch_4_neighbor": "2733169202", "branch_4_bearing": 270.0, "branch_4_street": "", "branch_4_highway": "residential" }, "geometry": { "type": "Point", "coordinates": [ 100.7176634, 13.8865206 ] } },
{ "type": "Feature", "properties": { "osm_node_id": "8341596602", "latitude": 13.898989, "longitude": 100.7169074, "street_names": "", "highway_types": "residential", "in_degree": 4, "out_degree": 4, "fully_bidirectional": true, "traffic_signals": false, "junction": "", "minimum_branch_angle": 88.74, "maximum_branch_angle": 90.56, "cross_score": 0.993, "likely_geometric_cross": true, "osm_url": "https://www.openstreetmap.org/node/8341596602", "branch_1_neighbor": "8341596601", "branch_1_bearing": 87.24, "branch_1_street": "", "branch_1_highway": "residential", "branch_2_neighbor": "8341596599", "branch_2_bearing": 175.98, "branch_2_street": "", "branch_2_highway": "residential", "branch_3_neighbor": "8341596603", "branch_3_bearing": 266.54, "branch_3_street": "", "branch_3_highway": "residential", "branch_4_neighbor": "8341596589", "branch_4_bearing": 356.73, "branch_4_street": "", "branch_4_highway": "residential" }, "geometry": { "type": "Point", "coordinates": [ 100.7169074, 13.898989 ] } },
{ "type": "Feature", "properties": { "osm_node_id": "3053324377", "latitude": 13.8735767, "longitude": 100.7434659, "street_names": "", "highway_types": "residential", "in_degree": 4, "out_degree": 4, "fully_bidirectional": true, "traffic_signals": false, "junction": "", "minimum_branch_angle": 89.32, "maximum_branch_angle": 90.68, "cross_score": 0.9929, "likely_geometric_cross": true, "osm_url": "https://www.openstreetmap.org/node/3053324377", "branch_1_neighbor": "3053324346", "branch_1_bearing": 85.95, "branch_1_street": "", "branch_1_highway": "residential", "branch_2_neighbor": "3053324360", "branch_2_bearing": 176.55, "branch_2_street": "", "branch_2_highway": "residential", "branch_3_neighbor": "3053324352", "branch_3_bearing": 265.95, "branch_3_street": "", "branch_3_highway": "residential", "branch_4_neighbor": "3053324430", "branch_4_bearing": 356.63, "branch_4_street": "", "branch_4_highway": "residential" }, "geometry": { "type": "Point", "coordinates": [ 100.7434659, 13.8735767 ] } },
{ "type": "Feature", "properties": { "osm_node_id": "3840058983", "latitude": 13.8551972, "longitude": 100.7026808, "street_names": "", "highway_types": "residential", "in_degree": 4, "out_degree": 4, "fully_bidirectional": true, "traffic_signals": false, "junction": "", "minimum_branch_angle": 88.72, "maximum_branch_angle": 90.77, "cross_score": 0.9929, "likely_geometric_cross": true, "osm_url": "https://www.openstreetmap.org/node/3840058983", "branch_1_neighbor": "3840058992", "branch_1_bearing": 0.17, "branch_1_street": "", "branch_1_highway": "residential", "branch_2_neighbor": "3840058984", "branch_2_bearing": 88.89, "branch_2_street": "", "branch_2_highway": "residential", "branch_3_neighbor": "3840058977", "branch_3_bearing": 179.27, "branch_3_street": "", "branch_3_highway": "residential", "branch_4_neighbor": "3840058982", "branch_4_bearing": 270.03, "branch_4_street": "", "branch_4_highway": "residential" }, "geometry": { "type": "Point", "coordinates": [ 100.7026808, 13.8551972 ] } },
{ "type": "Feature", "properties": { "osm_node_id": "8246698127", "latitude": 13.9078552, "longitude": 100.7859779, "street_names": "", "highway_types": "residential", "in_degree": 4, "out_degree": 4, "fully_bidirectional": true, "traffic_signals": false, "junction": "", "minimum_branch_angle": 89.36, "maximum_branch_angle": 90.66, "cross_score": 0.9929, "likely_geometric_cross": true, "osm_url": "https://www.openstreetmap.org/node/8246698127", "branch_1_neighbor": "8246698130", "branch_1_bearing": 1.69, "branch_1_street": "", "branch_1_highway": "residential", "branch_2_neighbor": "5887077322", "branch_2_bearing": 91.05, "branch_2_street": "", "branch_2_highway": "residential", "branch_3_neighbor": "5887077329", "branch_3_bearing": 180.42, "branch_3_street": "", "branch_3_highway": "residential", "branch_4_neighbor": "5887077324", "branch_4_bearing": 271.04, "branch_4_street": "", "branch_4_highway": "residential" }, "geometry": { "type": "Point", "coordinates": [ 100.7859779, 13.9078552 ] } },
{ "type": "Feature", "properties": { "osm_node_id": "3053310343", "latitude": 13.896769, "longitude": 100.7188582, "street_names": "", "highway_types": "residential", "in_degree": 4, "out_degree": 4, "fully_bidirectional": true, "traffic_signals": false, "junction": "", "minimum_branch_angle": 88.71, "maximum_branch_angle": 90.91, "cross_score": 0.9928, "likely_geometric_cross": true, "osm_url": "https://www.openstreetmap.org/node/3053310343", "branch_1_neighbor": "3053309232", "branch_1_bearing": 86.95, "branch_1_street": "", "branch_1_highway": "residential", "branch_2_neighbor": "2562521902", "branch_2_bearing": 177.22, "branch_2_street": "", "branch_2_highway": "residential", "branch_3_neighbor": "3053310377", "branch_3_bearing": 265.93, "branch_3_street": "", "branch_3_highway": "residential", "branch_4_neighbor": "3053310379", "branch_4_bearing": 356.84, "branch_4_street": "", "branch_4_highway": "residential" }, "geometry": { "type": "Point", "coordinates": [ 100.7188582, 13.896769 ] } },
{ "type": "Feature", "properties": { "osm_node_id": "6521858844", "latitude": 13.8542446, "longitude": 100.7129125, "street_names": "", "highway_types": "residential", "in_degree": 4, "out_degree": 4, "fully_bidirectional": true, "traffic_signals": false, "junction": "", "minimum_branch_angle": 88.95, "maximum_branch_angle": 91.05, "cross_score": 0.9928, "likely_geometric_cross": true, "osm_url": "https://www.openstreetmap.org/node/6521858844", "branch_1_neighbor": "6521858843", "branch_1_bearing": 88.05, "branch_1_street": "", "branch_1_highway": "residential", "branch_2_neighbor": "6521858841", "branch_2_bearing": 179.1, "branch_2_street": "", "branch_2_highway": "residential", "branch_3_neighbor": "6521858842", "branch_3_bearing": 268.85, "branch_3_street": "", "branch_3_highway": "residential", "branch_4_neighbor": "6521872180", "branch_4_bearing": 359.1, "branch_4_street": "", "branch_4_highway": "residential" }, "geometry": { "type": "Point", "coordinates": [ 100.7129125, 13.8542446 ] } },
{ "type": "Feature", "properties": { "osm_node_id": "9645537207", "latitude": 13.891705, "longitude": 100.6926097, "street_names": "", "highway_types": "residential", "in_degree": 4, "out_degree": 4, "fully_bidirectional": true, "traffic_signals": false, "junction": "", "minimum_branch_angle": 89.02, "maximum_branch_angle": 90.7, "cross_score": 0.9928, "likely_geometric_cross": true, "osm_url": "https://www.openstreetmap.org/node/9645537207", "branch_1_neighbor": "12905645094", "branch_1_bearing": 77.97, "branch_1_street": "", "branch_1_highway": "residential", "branch_2_neighbor": "9154306383", "branch_2_bearing": 167.0, "branch_2_street": "", "branch_2_highway": "residential", "branch_3_neighbor": "9645537200", "branch_3_bearing": 257.6, "branch_3_street": "", "branch_3_highway": "residential", "branch_4_neighbor": "9154306381", "branch_4_bearing": 347.28, "branch_4_street": "", "branch_4_highway": "residential" }, "geometry": { "type": "Point", "coordinates": [ 100.6926097, 13.891705 ] } },
{ "type": "Feature", "properties": { "osm_node_id": "2562521988", "latitude": 13.8687467, "longitude": 100.7200655, "street_names": "", "highway_types": "residential", "in_degree": 4, "out_degree": 4, "fully_bidirectional": true, "traffic_signals": false, "junction": "", "minimum_branch_angle": 88.94, "maximum_branch_angle": 91.31, "cross_score": 0.9927, "likely_geometric_cross": true, "osm_url": "https://www.openstreetmap.org/node/2562521988", "branch_1_neighbor": "2562521989", "branch_1_bearing": 88.61, "branch_1_street": "", "branch_1_highway": "residential", "branch_2_neighbor": "2562521991", "branch_2_bearing": 177.55, "branch_2_street": "", "branch_2_highway": "residential", "branch_3_neighbor": "2562521987", "branch_3_bearing": 268.87, "branch_3_street": "", "branch_3_highway": "residential", "branch_4_neighbor": "2562521985", "branch_4_bearing": 358.65, "branch_4_street": "", "branch_4_highway": "residential" }, "geometry": { "type": "Point", "coordinates": [ 100.7200655, 13.8687467 ] } },
{ "type": "Feature", "properties": { "osm_node_id": "3840059169", "latitude": 13.8577127, "longitude": 100.7060092, "street_names": "", "highway_types": "residential", "in_degree": 4, "out_degree": 4, "fully_bidirectional": true, "traffic_signals": false, "junction": "", "minimum_branch_angle": 89.3, "maximum_branch_angle": 90.71, "cross_score": 0.9927, "likely_geometric_cross": true, "osm_url": "https://www.openstreetmap.org/node/3840059169", "branch_1_neighbor": "3840059168", "branch_1_bearing": 90.38, "branch_1_street": "", "branch_1_highway": "residential", "branch_2_neighbor": "3840059049", "branch_2_bearing": 179.67, "branch_2_street": "", "branch_2_highway": "residential", "branch_3_neighbor": "3840059167", "branch_3_bearing": 269.06, "branch_3_street": "", "branch_3_highway": "residential", "branch_4_neighbor": "3840059185", "branch_4_bearing": 359.66, "branch_4_street": "", "branch_4_highway": "residential" }, "geometry": { "type": "Point", "coordinates": [ 100.7060092, 13.8577127 ] } },
{ "type": "Feature", "properties": { "osm_node_id": "3845126903", "latitude": 13.8264004, "longitude": 100.7054103, "street_names": "ซอยพระยาสุเรนทร์ 16 แยก 1", "highway_types": "residential", "in_degree": 4, "out_degree": 4, "fully_bidirectional": true, "traffic_signals": false, "junction": "", "minimum_branch_angle": 88.77, "maximum_branch_angle": 91.22, "cross_score": 0.9926, "likely_geometric_cross": true, "osm_url": "https://www.openstreetmap.org/node/3845126903", "branch_1_neighbor": "3845126914", "branch_1_bearing": 5.45, "branch_1_street": "ซอยพระยาสุเรนทร์ 16 แยก 1", "branch_1_highway": "residential", "branch_2_neighbor": "3845126900", "branch_2_bearing": 96.67, "branch_2_street": "", "branch_2_highway": "residential", "branch_3_neighbor": "3845126895", "branch_3_bearing": 185.44, "branch_3_street": "ซอยพระยาสุเรนทร์ 16 แยก 1", "branch_3_highway": "residential", "branch_4_neighbor": "3845126904", "branch_4_bearing": 275.34, "branch_4_street": "", "branch_4_highway": "residential" }, "geometry": { "type": "Point", "coordinates": [ 100.7054103, 13.8264004 ] } },
{ "type": "Feature", "properties": { "osm_node_id": "6124182920", "latitude": 13.8714119, "longitude": 100.7175821, "street_names": "", "highway_types": "residential", "in_degree": 4, "out_degree": 4, "fully_bidirectional": true, "traffic_signals": false, "junction": "", "minimum_branch_angle": 88.95, "maximum_branch_angle": 91.16, "cross_score": 0.9926, "likely_geometric_cross": true, "osm_url": "https://www.openstreetmap.org/node/6124182920", "branch_1_neighbor": "6124182919", "branch_1_bearing": 89.55, "branch_1_street": "", "branch_1_highway": "residential", "branch_2_neighbor": "6124182895", "branch_2_bearing": 178.49, "branch_2_street": "", "branch_2_highway": "residential", "branch_3_neighbor": "6124182921", "branch_3_bearing": 269.66, "branch_3_street": "", "branch_3_highway": "residential", "branch_4_neighbor": "6124182923", "branch_4_bearing": 359.37, "branch_4_street": "", "branch_4_highway": "residential" }, "geometry": { "type": "Point", "coordinates": [ 100.7175821, 13.8714119 ] } },
{ "type": "Feature", "properties": { "osm_node_id": "3840087208", "latitude": 13.8549135, "longitude": 100.6967516, "street_names": "", "highway_types": "residential", "in_degree": 4, "out_degree": 4, "fully_bidirectional": true, "traffic_signals": false, "junction": "", "minimum_branch_angle": 89.03, "maximum_branch_angle": 90.97, "cross_score": 0.9925, "likely_geometric_cross": true, "osm_url": "https://www.openstreetmap.org/node/3840087208", "branch_1_neighbor": "3840087209", "branch_1_bearing": 90.0, "branch_1_street": "", "branch_1_highway": "residential", "branch_2_neighbor": "3840087198", "branch_2_bearing": 179.62, "branch_2_street": "", "branch_2_highway": "residential", "branch_3_neighbor": "3840087207", "branch_3_bearing": 268.65, "branch_3_street": "", "branch_3_highway": "residential", "branch_4_neighbor": "3840087222", "branch_4_bearing": 359.62, "branch_4_street": "", "branch_4_highway": "residential" }, "geometry": { "type": "Point", "coordinates": [ 100.6967516, 13.8549135 ] } },
{ "type": "Feature", "properties": { "osm_node_id": "3840087451", "latitude": 13.8583944, "longitude": 100.6953892, "street_names": "", "highway_types": "residential", "in_degree": 4, "out_degree": 4, "fully_bidirectional": true, "traffic_signals": false, "junction": "", "minimum_branch_angle": 88.75, "maximum_branch_angle": 90.95, "cross_score": 0.9925, "likely_geometric_cross": true, "osm_url": "https://www.openstreetmap.org/node/3840087451", "branch_1_neighbor": "3840087452", "branch_1_bearing": 89.46, "branch_1_street": "", "branch_1_highway": "residential", "branch_2_neighbor": "3840087430", "branch_2_bearing": 179.86, "branch_2_street": "", "branch_2_highway": "residential", "branch_3_neighbor": "3840087450", "branch_3_bearing": 268.61, "branch_3_street": "", "branch_3_highway": "residential", "branch_4_neighbor": "8086748881", "branch_4_bearing": 359.56, "branch_4_street": "", "branch_4_highway": "residential" }, "geometry": { "type": "Point", "coordinates": [ 100.6953892, 13.8583944 ] } },
{ "type": "Feature", "properties": { "osm_node_id": "5941639197", "latitude": 13.8879272, "longitude": 100.7184646, "street_names": "", "highway_types": "residential", "in_degree": 3, "out_degree": 3, "fully_bidirectional": false, "traffic_signals": false, "junction": "", "minimum_branch_angle": 88.88, "maximum_branch_angle": 91.07, "cross_score": 0.9925, "likely_geometric_cross": true, "osm_url": "https://www.openstreetmap.org/node/5941639197", "branch_1_neighbor": "5941639203", "branch_1_bearing": 90.42, "branch_1_street": "", "branch_1_highway": "residential", "branch_2_neighbor": "5941639199", "branch_2_bearing": 180.19, "branch_2_street": "", "branch_2_highway": "residential", "branch_3_neighbor": "5941639198", "branch_3_bearing": 270.47, "branch_3_street": "", "branch_3_highway": "residential", "branch_4_neighbor": "8073614893", "branch_4_bearing": 359.35, "branch_4_street": "", "branch_4_highway": "residential" }, "geometry": { "type": "Point", "coordinates": [ 100.7184646, 13.8879272 ] } },
{ "type": "Feature", "properties": { "osm_node_id": "6061846126", "latitude": 13.9010115, "longitude": 100.786481, "street_names": "", "highway_types": "residential", "in_degree": 4, "out_degree": 4, "fully_bidirectional": true, "traffic_signals": false, "junction": "", "minimum_branch_angle": 89.19, "maximum_branch_angle": 90.73, "cross_score": 0.9925, "likely_geometric_cross": true, "osm_url": "https://www.openstreetmap.org/node/6061846126", "branch_1_neighbor": "8246690032", "branch_1_bearing": 0.53, "branch_1_street": "", "branch_1_highway": "residential", "branch_2_neighbor": "6061846127", "branch_2_bearing": 90.0, "branch_2_street": "", "branch_2_highway": "residential", "branch_3_neighbor": "8246690034", "branch_3_bearing": 180.72, "branch_3_street": "", "branch_3_highway": "residential", "branch_4_neighbor": "6061846125", "branch_4_bearing": 269.91, "branch_4_street": "", "branch_4_highway": "residential" }, "geometry": { "type": "Point", "coordinates": [ 100.786481, 13.9010115 ] } },
{ "type": "Feature", "properties": { "osm_node_id": "6117202394", "latitude": 13.8530759, "longitude": 100.7116977, "street_names": "เลียบคลองสอง 22", "highway_types": "residential", "in_degree": 3, "out_degree": 3, "fully_bidirectional": false, "traffic_signals": false, "junction": "", "minimum_branch_angle": 88.88, "maximum_branch_angle": 91.25, "cross_score": 0.9925, "likely_geometric_cross": true, "osm_url": "https://www.openstreetmap.org/node/6117202394", "branch_1_neighbor": "10134595222", "branch_1_bearing": 84.98, "branch_1_street": "เลียบคลองสอง 22", "branch_1_highway": "residential", "branch_2_neighbor": "6117202389", "branch_2_bearing": 173.86, "branch_2_street": "", "branch_2_highway": "residential", "branch_3_neighbor": "6117202393", "branch_3_bearing": 263.63, "branch_3_street": "", "branch_3_highway": "residential", "branch_4_neighbor": "6117202397", "branch_4_bearing": 353.74, "branch_4_street": "", "branch_4_highway": "residential" }, "geometry": { "type": "Point", "coordinates": [ 100.7116977, 13.8530759 ] } },
{ "type": "Feature", "properties": { "osm_node_id": "2562521958", "latitude": 13.8732599, "longitude": 100.7205574, "street_names": "", "highway_types": "residential", "in_degree": 4, "out_degree": 4, "fully_bidirectional": true, "traffic_signals": false, "junction": "", "minimum_branch_angle": 88.64, "maximum_branch_angle": 90.63, "cross_score": 0.9924, "likely_geometric_cross": true, "osm_url": "https://www.openstreetmap.org/node/2562521958", "branch_1_neighbor": "2562521959", "branch_1_bearing": 89.66, "branch_1_street": "", "branch_1_highway": "residential", "branch_2_neighbor": "2562521961", "branch_2_bearing": 180.29, "branch_2_street": "", "branch_2_highway": "residential", "branch_3_neighbor": "8061345512", "branch_3_bearing": 270.41, "branch_3_street": "", "branch_3_highway": "residential", "branch_4_neighbor": "2562521955", "branch_4_bearing": 359.05, "branch_4_street": "", "branch_4_highway": "residential" }, "geometry": { "type": "Point", "coordinates": [ 100.7205574, 13.8732599 ] } },
{ "type": "Feature", "properties": { "osm_node_id": "5941639263", "latitude": 13.8929082, "longitude": 100.7190223, "street_names": "", "highway_types": "residential", "in_degree": 4, "out_degree": 4, "fully_bidirectional": true, "traffic_signals": false, "junction": "", "minimum_branch_angle": 89.1, "maximum_branch_angle": 90.89, "cross_score": 0.9924, "likely_geometric_cross": true, "osm_url": "https://www.openstreetmap.org/node/5941639263", "branch_1_neighbor": "5941639261", "branch_1_bearing": 0.35, "branch_1_street": "", "branch_1_highway": "residential", "branch_2_neighbor": "5941639264", "branch_2_bearing": 89.45, "branch_2_street": "", "branch_2_highway": "residential", "branch_3_neighbor": "5941639258", "branch_3_bearing": 180.34, "branch_3_street": "", "branch_3_highway": "residential", "branch_4_neighbor": "5941639262", "branch_4_bearing": 270.81, "branch_4_street": "", "branch_4_highway": "residential" }, "geometry": { "type": "Point", "coordinates": [ 100.7190223, 13.8929082 ] } },
{ "type": "Feature", "properties": { "osm_node_id": "2552303288", "latitude": 13.8767339, "longitude": 100.7335769, "street_names": "ซอยนิมิตใหม่ 34", "highway_types": "residential", "in_degree": 4, "out_degree": 4, "fully_bidirectional": true, "traffic_signals": false, "junction": "", "minimum_branch_angle": 88.89, "maximum_branch_angle": 91.39, "cross_score": 0.9923, "likely_geometric_cross": true, "osm_url": "https://www.openstreetmap.org/node/2552303288", "branch_1_neighbor": "2552303289", "branch_1_bearing": 82.71, "branch_1_street": "ซอยนิมิตใหม่ 34", "branch_1_highway": "residential", "branch_2_neighbor": "2552303305", "branch_2_bearing": 174.1, "branch_2_street": "ซอยนิมิตใหม่ 34", "branch_2_highway": "residential", "branch_3_neighbor": "2552303295", "branch_3_bearing": 263.84, "branch_3_street": "ซอยนิมิตใหม่ 34", "branch_3_highway": "residential", "branch_4_neighbor": "2552303296", "branch_4_bearing": 352.73, "branch_4_street": "ซอยนิมิตใหม่ 34", "branch_4_highway": "residential" }, "geometry": { "type": "Point", "coordinates": [ 100.7335769, 13.8767339 ] } },
{ "type": "Feature", "properties": { "osm_node_id": "2562522003", "latitude": 13.8669394, "longitude": 100.7201283, "street_names": "", "highway_types": "residential", "in_degree": 4, "out_degree": 4, "fully_bidirectional": true, "traffic_signals": false, "junction": "", "minimum_branch_angle": 89.16, "maximum_branch_angle": 91.38, "cross_score": 0.9923, "likely_geometric_cross": true, "osm_url": "https://www.openstreetmap.org/node/2562522003", "branch_1_neighbor": "2562522004", "branch_1_bearing": 87.09, "branch_1_street": "", "branch_1_highway": "residential", "branch_2_neighbor": "2562522007", "branch_2_bearing": 178.47, "branch_2_street": "", "branch_2_highway": "residential", "branch_3_neighbor": "2562522002", "branch_3_bearing": 268.05, "branch_3_street": "", "branch_3_highway": "residential", "branch_4_neighbor": "2562522000", "branch_4_bearing": 357.93, "branch_4_street": "", "branch_4_highway": "residential" }, "geometry": { "type": "Point", "coordinates": [ 100.7201283, 13.8669394 ] } },
{ "type": "Feature", "properties": { "osm_node_id": "3053347443", "latitude": 13.8692538, "longitude": 100.7121846, "street_names": "", "highway_types": "residential", "in_degree": 4, "out_degree": 4, "fully_bidirectional": true, "traffic_signals": false, "junction": "", "minimum_branch_angle": 88.87, "maximum_branch_angle": 90.72, "cross_score": 0.9923, "likely_geometric_cross": true, "osm_url": "https://www.openstreetmap.org/node/3053347443", "branch_1_neighbor": "3053347055", "branch_1_bearing": 88.83, "branch_1_street": "", "branch_1_highway": "residential", "branch_2_neighbor": "3053347070", "branch_2_bearing": 179.55, "branch_2_street": "", "branch_2_highway": "residential", "branch_3_neighbor": "3053347092", "branch_3_bearing": 268.42, "branch_3_street": "", "branch_3_highway": "residential", "branch_4_neighbor": "3053347452", "branch_4_bearing": 359.09, "branch_4_street": "", "branch_4_highway": "residential" }, "geometry": { "type": "Point", "coordinates": [ 100.7121846, 13.8692538 ] } },
{ "type": "Feature", "properties": { "osm_node_id": "3835124871", "latitude": 13.860375, "longitude": 100.6870006, "street_names": "", "highway_types": "residential", "in_degree": 4, "out_degree": 4, "fully_bidirectional": true, "traffic_signals": false, "junction": "", "minimum_branch_angle": 88.72, "maximum_branch_angle": 90.86, "cross_score": 0.9923, "likely_geometric_cross": true, "osm_url": "https://www.openstreetmap.org/node/3835124871", "branch_1_neighbor": "3835124879", "branch_1_bearing": 22.0, "branch_1_street": "", "branch_1_highway": "residential", "branch_2_neighbor": "3835124865", "branch_2_bearing": 110.71, "branch_2_street": "", "branch_2_highway": "residential", "branch_3_neighbor": "3835124863", "branch_3_bearing": 201.57, "branch_3_street": "", "branch_3_highway": "residential", "branch_4_neighbor": "12848165523", "branch_4_bearing": 291.48, "branch_4_street": "", "branch_4_highway": "residential" }, "geometry": { "type": "Point", "coordinates": [ 100.6870006, 13.860375 ] } },
{ "type": "Feature", "properties": { "osm_node_id": "3835124922", "latitude": 13.8623682, "longitude": 100.6880316, "street_names": "", "highway_types": "residential", "in_degree": 4, "out_degree": 4, "fully_bidirectional": true, "traffic_signals": false, "junction": "", "minimum_branch_angle": 88.63, "maximum_branch_angle": 90.91, "cross_score": 0.9923, "likely_geometric_cross": true, "osm_url": "https://www.openstreetmap.org/node/3835124922", "branch_1_neighbor": "3835124933", "branch_1_bearing": 20.69, "branch_1_street": "", "branch_1_highway": "residential", "branch_2_neighbor": "3835124918", "branch_2_bearing": 110.68, "branch_2_street": "", "branch_2_highway": "residential", "branch_3_neighbor": "3835124914", "branch_3_bearing": 201.15, "branch_3_street": "", "branch_3_highway": "residential", "branch_4_neighbor": "3835124935", "branch_4_bearing": 292.06, "branch_4_street": "", "branch_4_highway": "residential" }, "geometry": { "type": "Point", "coordinates": [ 100.6880316, 13.8623682 ] } },
{ "type": "Feature", "properties": { "osm_node_id": "3840011330", "latitude": 13.849179, "longitude": 100.7134353, "street_names": "", "highway_types": "residential", "in_degree": 4, "out_degree": 4, "fully_bidirectional": true, "traffic_signals": false, "junction": "", "minimum_branch_angle": 88.66, "maximum_branch_angle": 91.34, "cross_score": 0.9923, "likely_geometric_cross": true, "osm_url": "https://www.openstreetmap.org/node/3840011330", "branch_1_neighbor": "3840011331", "branch_1_bearing": 88.93, "branch_1_street": "", "branch_1_highway": "residential", "branch_2_neighbor": "6521889386", "branch_2_bearing": 178.89, "branch_2_street": "", "branch_2_highway": "residential", "branch_3_neighbor": "3840011329", "branch_3_bearing": 267.55, "branch_3_street": "", "branch_3_highway": "residential", "branch_4_neighbor": "3840011343", "branch_4_bearing": 358.89, "branch_4_street": "", "branch_4_highway": "residential" }, "geometry": { "type": "Point", "coordinates": [ 100.7134353, 13.849179 ] } },
{ "type": "Feature", "properties": { "osm_node_id": "3840087142", "latitude": 13.8525805, "longitude": 100.6990276, "street_names": "ซอยพระยาสุเรนทร์ 34", "highway_types": "residential", "in_degree": 4, "out_degree": 4, "fully_bidirectional": true, "traffic_signals": false, "junction": "", "minimum_branch_angle": 89.2, "maximum_branch_angle": 90.8, "cross_score": 0.9923, "likely_geometric_cross": true, "osm_url": "https://www.openstreetmap.org/node/3840087142", "branch_1_neighbor": "8140770204", "branch_1_bearing": 0.08, "branch_1_street": "", "branch_1_highway": "residential", "branch_2_neighbor": "3840087143", "branch_2_bearing": 89.5, "branch_2_street": "ซอยพระยาสุเรนทร์ 34", "branch_2_highway": "residential", "branch_3_neighbor": "3840087125", "branch_3_bearing": 180.08, "branch_3_street": "", "branch_3_highway": "residential", "branch_4_neighbor": "3840087140", "branch_4_bearing": 269.28, "branch_4_street": "ซอยพระยาสุเรนทร์ 34", "branch_4_highway": "residential" }, "geometry": { "type": "Point", "coordinates": [ 100.6990276, 13.8525805 ] } },
{ "type": "Feature", "properties": { "osm_node_id": "3840099936", "latitude": 13.850598, "longitude": 100.6847858, "street_names": "ชัยพฤกษ์ B9", "highway_types": "residential", "in_degree": 4, "out_degree": 4, "fully_bidirectional": true, "traffic_signals": false, "junction": "", "minimum_branch_angle": 88.7, "maximum_branch_angle": 90.71, "cross_score": 0.9923, "likely_geometric_cross": true, "osm_url": "https://www.openstreetmap.org/node/3840099936", "branch_1_neighbor": "3840099943", "branch_1_bearing": 5.75, "branch_1_street": "", "branch_1_highway": "residential", "branch_2_neighbor": "3840099935", "branch_2_bearing": 95.66, "branch_2_street": "ชัยพฤกษ์ B9", "branch_2_highway": "residential", "branch_3_neighbor": "3840099929", "branch_3_bearing": 186.38, "branch_3_street": "", "branch_3_highway": "residential", "branch_4_neighbor": "3840099937", "branch_4_bearing": 275.08, "branch_4_street": "", "branch_4_highway": "residential" }, "geometry": { "type": "Point", "coordinates": [ 100.6847858, 13.850598 ] } },
{ "type": "Feature", "properties": { "osm_node_id": "5887076582", "latitude": 13.9078858, "longitude": 100.787783, "street_names": "", "highway_types": "residential", "in_degree": 4, "out_degree": 4, "fully_bidirectional": true, "traffic_signals": false, "junction": "", "minimum_branch_angle": 89.3, "maximum_branch_angle": 91.39, "cross_score": 0.9923, "likely_geometric_cross": true, "osm_url": "https://www.openstreetmap.org/node/5887076582", "branch_1_neighbor": "5887077314", "branch_1_bearing": 0.94, "branch_1_street": "", "branch_1_highway": "residential", "branch_2_neighbor": "5887077311", "branch_2_bearing": 90.25, "branch_2_street": "", "branch_2_highway": "residential", "branch_3_neighbor": "5887076581", "branch_3_bearing": 180.15, "branch_3_street": "", "branch_3_highway": "residential", "branch_4_neighbor": "5887077315", "branch_4_bearing": 271.54, "branch_4_street": "", "branch_4_highway": "residential" }, "geometry": { "type": "Point", "coordinates": [ 100.787783, 13.9078858 ] } },
{ "type": "Feature", "properties": { "osm_node_id": "5887077299", "latitude": 13.9078858, "longitude": 100.7898872, "street_names": "", "highway_types": "residential", "in_degree": 4, "out_degree": 4, "fully_bidirectional": true, "traffic_signals": false, "junction": "", "minimum_branch_angle": 89.03, "maximum_branch_angle": 90.93, "cross_score": 0.9923, "likely_geometric_cross": true, "osm_url": "https://www.openstreetmap.org/node/5887077299", "branch_1_neighbor": "5887077300", "branch_1_bearing": 0.42, "branch_1_street": "", "branch_1_highway": "residential", "branch_2_neighbor": "5887077296", "branch_2_bearing": 90.0, "branch_2_street": "", "branch_2_highway": "residential", "branch_3_neighbor": "5887076573", "branch_3_bearing": 180.46, "branch_3_street": "", "branch_3_highway": "residential", "branch_4_neighbor": "5887077301", "branch_4_bearing": 269.48, "branch_4_street": "", "branch_4_highway": "residential" }, "geometry": { "type": "Point", "coordinates": [ 100.7898872, 13.9078858 ] } },
{ "type": "Feature", "properties": { "osm_node_id": "3053310373", "latitude": 13.9005048, "longitude": 100.718646, "street_names": "", "highway_types": "residential", "in_degree": 4, "out_degree": 4, "fully_bidirectional": true, "traffic_signals": false, "junction": "", "minimum_branch_angle": 89.23, "maximum_branch_angle": 90.78, "cross_score": 0.9922, "likely_geometric_cross": true, "osm_url": "https://www.openstreetmap.org/node/3053310373", "branch_1_neighbor": "3053310361", "branch_1_bearing": 86.07, "branch_1_street": "", "branch_1_highway": "residential", "branch_2_neighbor": "3053310333", "branch_2_bearing": 176.85, "branch_2_street": "", "branch_2_highway": "residential", "branch_3_neighbor": "3053310351", "branch_3_bearing": 266.23, "branch_3_street": "", "branch_3_highway": "residential", "branch_4_neighbor": "3053310363", "branch_4_bearing": 356.84, "branch_4_street": "", "branch_4_highway": "residential" }, "geometry": { "type": "Point", "coordinates": [ 100.718646, 13.9005048 ] } },
{ "type": "Feature", "properties": { "osm_node_id": "8177832445", "latitude": 13.8660783, "longitude": 100.7444124, "street_names": "", "highway_types": "residential", "in_degree": 4, "out_degree": 4, "fully_bidirectional": true, "traffic_signals": false, "junction": "", "minimum_branch_angle": 89.09, "maximum_branch_angle": 90.98, "cross_score": 0.9922, "likely_geometric_cross": true, "osm_url": "https://www.openstreetmap.org/node/8177832445", "branch_1_neighbor": "3053324442", "branch_1_bearing": 86.12, "branch_1_street": "", "branch_1_highway": "residential", "branch_2_neighbor": "3053324357", "branch_2_bearing": 177.1, "branch_2_street": "", "branch_2_highway": "residential", "branch_3_neighbor": "3053324334", "branch_3_bearing": 266.6, "branch_3_street": "", "branch_3_highway": "residential", "branch_4_neighbor": "8185707575", "branch_4_bearing": 355.69, "branch_4_street": "", "branch_4_highway": "residential" }, "geometry": { "type": "Point", "coordinates": [ 100.7444124, 13.8660783 ] } },
{ "type": "Feature", "properties": { "osm_node_id": "8919190653", "latitude": 13.8343699, "longitude": 100.7185063, "street_names": "", "highway_types": "residential", "in_degree": 4, "out_degree": 4, "fully_bidirectional": true, "traffic_signals": false, "junction": "", "minimum_branch_angle": 89.05, "maximum_branch_angle": 91.3, "cross_score": 0.9922, "likely_geometric_cross": true, "osm_url": "https://www.openstreetmap.org/node/8919190653", "branch_1_neighbor": "8919190650", "branch_1_bearing": 86.49, "branch_1_street": "", "branch_1_highway": "residential", "branch_2_neighbor": "8919190652", "branch_2_bearing": 176.05, "branch_2_street": "", "branch_2_highway": "residential", "branch_3_neighbor": "6124096910", "branch_3_bearing": 266.15, "branch_3_street": "", "branch_3_highway": "residential", "branch_4_neighbor": "8919190654", "branch_4_bearing": 355.2, "branch_4_street": "", "branch_4_highway": "residential" }, "geometry": { "type": "Point", "coordinates": [ 100.7185063, 13.8343699 ] } },
{ "type": "Feature", "properties": { "osm_node_id": "10052681646", "latitude": 13.8539563, "longitude": 100.7072408, "street_names": "ถนนปัญญาอินทรา", "highway_types": "residential; tertiary", "in_degree": 2, "out_degree": 2, "fully_bidirectional": false, "traffic_signals": false, "junction": "", "minimum_branch_angle": 89.06, "maximum_branch_angle": 90.81, "cross_score": 0.9921, "likely_geometric_cross": true, "osm_url": "https://www.openstreetmap.org/node/10052681646", "branch_1_neighbor": "7908280073", "branch_1_bearing": 0.76, "branch_1_street": "ถนนปัญญาอินทรา", "branch_1_highway": "tertiary", "branch_2_neighbor": "10052681647", "branch_2_bearing": 90.29, "branch_2_street": "", "branch_2_highway": "residential", "branch_3_neighbor": "10052681650", "branch_3_bearing": 179.35, "branch_3_street": "ถนนปัญญาอินทรา", "branch_3_highway": "tertiary", "branch_4_neighbor": "7908343120", "branch_4_bearing": 270.16, "branch_4_street": "", "branch_4_highway": "residential" }, "geometry": { "type": "Point", "coordinates": [ 100.7072408, 13.8539563 ] } },
{ "type": "Feature", "properties": { "osm_node_id": "8163776980", "latitude": 13.8299231, "longitude": 100.7482608, "street_names": "ประชาชนร่วมใจ 7", "highway_types": "residential", "in_degree": 4, "out_degree": 4, "fully_bidirectional": true, "traffic_signals": false, "junction": "", "minimum_branch_angle": 88.73, "maximum_branch_angle": 91.28, "cross_score": 0.9921, "likely_geometric_cross": true, "osm_url": "https://www.openstreetmap.org/node/8163776980", "branch_1_neighbor": "8163776979", "branch_1_bearing": 54.59, "branch_1_street": "", "branch_1_highway": "residential", "branch_2_neighbor": "8163776977", "branch_2_bearing": 144.44, "branch_2_street": "ประชาชนร่วมใจ 7", "branch_2_highway": "residential", "branch_3_neighbor": "8163776981", "branch_3_bearing": 233.17, "branch_3_street": "", "branch_3_highway": "residential", "branch_4_neighbor": "3843843414", "branch_4_bearing": 324.44, "branch_4_street": "ประชาชนร่วมใจ 7", "branch_4_highway": "residential" }, "geometry": { "type": "Point", "coordinates": [ 100.7482608, 13.8299231 ] } },
{ "type": "Feature", "properties": { "osm_node_id": "2562522012", "latitude": 13.8662183, "longitude": 100.720145, "street_names": "", "highway_types": "residential", "in_degree": 4, "out_degree": 4, "fully_bidirectional": true, "traffic_signals": false, "junction": "", "minimum_branch_angle": 88.56, "maximum_branch_angle": 90.81, "cross_score": 0.992, "likely_geometric_cross": true, "osm_url": "https://www.openstreetmap.org/node/2562522012", "branch_1_neighbor": "2562522014", "branch_1_bearing": 87.52, "branch_1_street": "", "branch_1_highway": "residential", "branch_2_neighbor": "2562522018", "branch_2_bearing": 177.9, "branch_2_street": "", "branch_2_highway": "residential", "branch_3_neighbor": "2562522010", "branch_3_bearing": 268.71, "branch_3_street": "", "branch_3_highway": "residential", "branch_4_neighbor": "2562522007", "branch_4_bearing": 358.96, "branch_4_street": "", "branch_4_highway": "residential" }, "geometry": { "type": "Point", "coordinates": [ 100.720145, 13.8662183 ] } },
{ "type": "Feature", "properties": { "osm_node_id": "3834869431", "latitude": 13.8656158, "longitude": 100.7100591, "street_names": "", "highway_types": "residential", "in_degree": 4, "out_degree": 4, "fully_bidirectional": true, "traffic_signals": false, "junction": "", "minimum_branch_angle": 88.77, "maximum_branch_angle": 90.81, "cross_score": 0.9918, "likely_geometric_cross": true, "osm_url": "https://www.openstreetmap.org/node/3834869431", "branch_1_neighbor": "3834869433", "branch_1_bearing": 87.53, "branch_1_street": "", "branch_1_highway": "residential", "branch_2_neighbor": "3834869414", "branch_2_bearing": 178.34, "branch_2_street": "", "branch_2_highway": "residential", "branch_3_neighbor": "3834869430", "branch_3_bearing": 269.0, "branch_3_street": "", "branch_3_highway": "residential", "branch_4_neighbor": "3834869446", "branch_4_bearing": 358.76, "branch_4_street": "", "branch_4_highway": "residential" }, "geometry": { "type": "Point", "coordinates": [ 100.7100591, 13.8656158 ] } },
{ "type": "Feature", "properties": { "osm_node_id": "3840087185", "latitude": 13.8541571, "longitude": 100.6954063, "street_names": "", "highway_types": "residential", "in_degree": 4, "out_degree": 4, "fully_bidirectional": true, "traffic_signals": false, "junction": "", "minimum_branch_angle": 88.9, "maximum_branch_angle": 91.09, "cross_score": 0.9918, "likely_geometric_cross": true, "osm_url": "https://www.openstreetmap.org/node/3840087185", "branch_1_neighbor": "3840087184", "branch_1_bearing": 90.96, "branch_1_street": "", "branch_1_highway": "residential", "branch_2_neighbor": "3840087169", "branch_2_bearing": 179.86, "branch_2_street": "", "branch_2_highway": "residential", "branch_3_neighbor": "6129278606", "branch_3_bearing": 270.24, "branch_3_street": "", "branch_3_highway": "residential", "branch_4_neighbor": "3840087194", "branch_4_bearing": 359.87, "branch_4_street": "", "branch_4_highway": "residential" }, "geometry": { "type": "Point", "coordinates": [ 100.6954063, 13.8541571 ] } },
{ "type": "Feature", "properties": { "osm_node_id": "3840087222", "latitude": 13.8552461, "longitude": 100.6967493, "street_names": "", "highway_types": "residential", "in_degree": 4, "out_degree": 4, "fully_bidirectional": true, "traffic_signals": false, "junction": "", "minimum_branch_angle": 88.93, "maximum_branch_angle": 91.06, "cross_score": 0.9918, "likely_geometric_cross": true, "osm_url": "https://www.openstreetmap.org/node/3840087222", "branch_1_neighbor": "3840087221", "branch_1_bearing": 90.02, "branch_1_street": "", "branch_1_highway": "residential", "branch_2_neighbor": "3840087208", "branch_2_bearing": 179.62, "branch_2_street": "", "branch_2_highway": "residential", "branch_3_neighbor": "3840087220", "branch_3_bearing": 268.55, "branch_3_street": "", "branch_3_highway": "residential", "branch_4_neighbor": "3840087236", "branch_4_bearing": 359.6, "branch_4_street": "", "branch_4_highway": "residential" }, "geometry": { "type": "Point", "coordinates": [ 100.6967493, 13.8552461 ] } },
{ "type": "Feature", "properties": { "osm_node_id": "3840129881", "latitude": 13.8552811, "longitude": 100.6794257, "street_names": "ซอยคู้บอน 36", "highway_types": "residential", "in_degree": 4, "out_degree": 4, "fully_bidirectional": true, "traffic_signals": false, "junction": "", "minimum_branch_angle": 88.68, "maximum_branch_angle": 91.21, "cross_score": 0.9918, "likely_geometric_cross": true, "osm_url": "https://www.openstreetmap.org/node/3840129881", "branch_1_neighbor": "3840129887", "branch_1_bearing": 76.34, "branch_1_street": "", "branch_1_highway": "residential", "branch_2_neighbor": "3834805655", "branch_2_bearing": 166.19, "branch_2_street": "ซอยคู้บอน 36", "branch_2_highway": "residential", "branch_3_neighbor": "3840129878", "branch_3_bearing": 254.86, "branch_3_street": "", "branch_3_highway": "residential", "branch_4_neighbor": "3840129895", "branch_4_bearing": 346.07, "branch_4_street": "ซอยคู้บอน 36", "branch_4_highway": "residential" }, "geometry": { "type": "Point", "coordinates": [ 100.6794257, 13.8552811 ] } },
{ "type": "Feature", "properties": { "osm_node_id": "3841863944", "latitude": 13.8348715, "longitude": 100.7316578, "street_names": "ซอยนิมิตใหม่ 9", "highway_types": "residential", "in_degree": 4, "out_degree": 4, "fully_bidirectional": true, "traffic_signals": false, "junction": "", "minimum_branch_angle": 89.26, "maximum_branch_angle": 90.75, "cross_score": 0.9918, "likely_geometric_cross": true, "osm_url": "https://www.openstreetmap.org/node/3841863944", "branch_1_neighbor": "3841863948", "branch_1_bearing": 70.08, "branch_1_street": "ซอยนิมิตใหม่ 9", "branch_1_highway": "residential", "branch_2_neighbor": "3841863938", "branch_2_bearing": 160.82, "branch_2_street": "", "branch_2_highway": "residential", "branch_3_neighbor": "3841863942", "branch_3_bearing": 250.08, "branch_3_street": "ซอยนิมิตใหม่ 9", "branch_3_highway": "residential", "branch_4_neighbor": "3841863951", "branch_4_bearing": 340.82, "branch_4_street": "", "branch_4_highway": "residential" }, "geometry": { "type": "Point", "coordinates": [ 100.7316578, 13.8348715 ] } },
{ "type": "Feature", "properties": { "osm_node_id": "3841863953", "latitude": 13.83524, "longitude": 100.7327049, "street_names": "ซอยนิมิตใหม่ 9", "highway_types": "residential", "in_degree": 4, "out_degree": 4, "fully_bidirectional": true, "traffic_signals": false, "junction": "", "minimum_branch_angle": 89.25, "maximum_branch_angle": 90.75, "cross_score": 0.9918, "likely_geometric_cross": true, "osm_url": "https://www.openstreetmap.org/node/3841863953", "branch_1_neighbor": "3841863956", "branch_1_bearing": 70.07, "branch_1_street": "ซอยนิมิตใหม่ 9", "branch_1_highway": "residential", "branch_2_neighbor": "8169721635", "branch_2_bearing": 160.82, "branch_2_street": "", "branch_2_highway": "residential", "branch_3_neighbor": "3841863950", "branch_3_bearing": 250.09, "branch_3_street": "ซอยนิมิตใหม่ 9", "branch_3_highway": "residential", "branch_4_neighbor": "3841864159", "branch_4_bearing": 340.81, "branch_4_street": "", "branch_4_highway": "residential" }, "geometry": { "type": "Point", "coordinates": [ 100.7327049, 13.83524 ] } },
{ "type": "Feature", "properties": { "osm_node_id": "6061845996", "latitude": 13.9005448, "longitude": 100.7893968, "street_names": "", "highway_types": "residential", "in_degree": 4, "out_degree": 4, "fully_bidirectional": true, "traffic_signals": false, "junction": "", "minimum_branch_angle": 88.55, "maximum_branch_angle": 90.84, "cross_score": 0.9918, "likely_geometric_cross": true, "osm_url": "https://www.openstreetmap.org/node/6061845996", "branch_1_neighbor": "6061845995", "branch_1_bearing": 1.47, "branch_1_street": "", "branch_1_highway": "residential", "branch_2_neighbor": "6061845997", "branch_2_bearing": 91.45, "branch_2_street": "", "branch_2_highway": "residential", "branch_3_neighbor": "6061846267", "branch_3_bearing": 180.0, "branch_3_street": "", "branch_3_highway": "residential", "branch_4_neighbor": "8410795430", "branch_4_bearing": 270.63, "branch_4_street": "", "branch_4_highway": "residential" }, "geometry": { "type": "Point", "coordinates": [ 100.7893968, 13.9005448 ] } },
{ "type": "Feature", "properties": { "osm_node_id": "3834869463", "latitude": 13.8672474, "longitude": 100.7108455, "street_names": "", "highway_types": "residential", "in_degree": 4, "out_degree": 4, "fully_bidirectional": true, "traffic_signals": false, "junction": "", "minimum_branch_angle": 88.88, "maximum_branch_angle": 90.93, "cross_score": 0.9917, "likely_geometric_cross": true, "osm_url": "https://www.openstreetmap.org/node/3834869463", "branch_1_neighbor": "7990378081", "branch_1_bearing": 88.51, "branch_1_street": "", "branch_1_highway": "residential", "branch_2_neighbor": "3834869447", "branch_2_bearing": 179.07, "branch_2_street": "", "branch_2_highway": "residential", "branch_3_neighbor": "3834869462", "branch_3_bearing": 267.96, "branch_3_street": "", "branch_3_highway": "residential", "branch_4_neighbor": "3834869477", "branch_4_bearing": 358.89, "branch_4_street": "", "branch_4_highway": "residential" }, "geometry": { "type": "Point", "coordinates": [ 100.7108455, 13.8672474 ] } },
{ "type": "Feature", "properties": { "osm_node_id": "3841370438", "latitude": 13.8470555, "longitude": 100.7465227, "street_names": "", "highway_types": "residential", "in_degree": 4, "out_degree": 4, "fully_bidirectional": true, "traffic_signals": false, "junction": "", "minimum_branch_angle": 88.76, "maximum_branch_angle": 91.23, "cross_score": 0.9917, "likely_geometric_cross": true, "osm_url": "https://www.openstreetmap.org/node/3841370438", "branch_1_neighbor": "3841370443", "branch_1_bearing": 70.26, "branch_1_street": "", "branch_1_highway": "residential", "branch_2_neighbor": "3841370433", "branch_2_bearing": 160.52, "branch_2_street": "", "branch_2_highway": "residential", "branch_3_neighbor": "3841370435", "branch_3_bearing": 251.75, "branch_3_street": "", "branch_3_highway": "residential", "branch_4_neighbor": "3841370442", "branch_4_bearing": 340.51, "branch_4_street": "", "branch_4_highway": "residential" }, "geometry": { "type": "Point", "coordinates": [ 100.7465227, 13.8470555 ] } },
{ "type": "Feature", "properties": { "osm_node_id": "8178338319", "latitude": 13.8283534, "longitude": 100.7494164, "street_names": "ประชาชนร่วมใจ 7", "highway_types": "residential", "in_degree": 4, "out_degree": 4, "fully_bidirectional": true, "traffic_signals": false, "junction": "", "minimum_branch_angle": 88.73, "maximum_branch_angle": 91.3, "cross_score": 0.9917, "likely_geometric_cross": true, "osm_url": "https://www.openstreetmap.org/node/8178338319", "branch_1_neighbor": "8178338318", "branch_1_bearing": 54.23, "branch_1_street": "", "branch_1_highway": "residential", "branch_2_neighbor": "8178327616", "branch_2_bearing": 144.43, "branch_2_street": "ประชาชนร่วมใจ 7", "branch_2_highway": "residential", "branch_3_neighbor": "8178338320", "branch_3_bearing": 233.15, "branch_3_street": "", "branch_3_highway": "residential", "branch_4_neighbor": "11221593529", "branch_4_bearing": 324.45, "branch_4_street": "ประชาชนร่วมใจ 7", "branch_4_highway": "residential" }, "geometry": { "type": "Point", "coordinates": [ 100.7494164, 13.8283534 ] } },
{ "type": "Feature", "properties": { "osm_node_id": "3053310349", "latitude": 13.8982798, "longitude": 100.7187724, "street_names": "", "highway_types": "residential", "in_degree": 4, "out_degree": 4, "fully_bidirectional": true, "traffic_signals": false, "junction": "", "minimum_branch_angle": 88.85, "maximum_branch_angle": 91.16, "cross_score": 0.9916, "likely_geometric_cross": true, "osm_url": "https://www.openstreetmap.org/node/3053310349", "branch_1_neighbor": "3053310372", "branch_1_bearing": 88.0, "branch_1_street": "", "branch_1_highway": "residential", "branch_2_neighbor": "3053310345", "branch_2_bearing": 176.84, "branch_2_street": "", "branch_2_highway": "residential", "branch_3_neighbor": "3053310344", "branch_3_bearing": 267.2, "branch_3_street": "", "branch_3_highway": "residential", "branch_4_neighbor": "3053310357", "branch_4_bearing": 356.84, "branch_4_street": "", "branch_4_highway": "residential" }, "geometry": { "type": "Point", "coordinates": [ 100.7187724, 13.8982798 ] } },
{ "type": "Feature", "properties": { "osm_node_id": "3834869462", "latitude": 13.8672335, "longitude": 100.710444, "street_names": "", "highway_types": "residential", "in_degree": 4, "out_degree": 4, "fully_bidirectional": true, "traffic_signals": false, "junction": "", "minimum_branch_angle": 89.19, "maximum_branch_angle": 90.8, "cross_score": 0.9916, "likely_geometric_cross": true, "osm_url": "https://www.openstreetmap.org/node/3834869462", "branch_1_neighbor": "3834869463", "branch_1_bearing": 87.96, "branch_1_street": "", "branch_1_highway": "residential", "branch_2_neighbor": "3834869444", "branch_2_bearing": 178.66, "branch_2_street": "", "branch_2_highway": "residential", "branch_3_neighbor": "3834869461", "branch_3_bearing": 269.46, "branch_3_street": "", "branch_3_highway": "residential", "branch_4_neighbor": "3834869476", "branch_4_bearing": 358.65, "branch_4_street": "", "branch_4_highway": "residential" }, "geometry": { "type": "Point", "coordinates": [ 100.710444, 13.8672335 ] } },
{ "type": "Feature", "properties": { "osm_node_id": "3840058950", "latitude": 13.8539256, "longitude": 100.7086825, "street_names": "", "highway_types": "residential", "in_degree": 4, "out_degree": 4, "fully_bidirectional": true, "traffic_signals": false, "junction": "", "minimum_branch_angle": 88.75, "maximum_branch_angle": 91.3, "cross_score": 0.9916, "likely_geometric_cross": true, "osm_url": "https://www.openstreetmap.org/node/3840058950", "branch_1_neighbor": "3840058951", "branch_1_bearing": 83.57, "branch_1_street": "", "branch_1_highway": "residential", "branch_2_neighbor": "3840058941", "branch_2_bearing": 174.87, "branch_2_street": "", "branch_2_highway": "residential", "branch_3_neighbor": "6521809166", "branch_3_bearing": 263.62, "branch_3_street": "", "branch_3_highway": "residential", "branch_4_neighbor": "3840058958", "branch_4_bearing": 353.83, "branch_4_street": "", "branch_4_highway": "residential" }, "geometry": { "type": "Point", "coordinates": [ 100.7086825, 13.8539256 ] } },
{ "type": "Feature", "properties": { "osm_node_id": "5887077322", "latitude": 13.9078499, "longitude": 100.7862754, "street_names": "", "highway_types": "residential", "in_degree": 4, "out_degree": 4, "fully_bidirectional": true, "traffic_signals": false, "junction": "", "minimum_branch_angle": 88.93, "maximum_branch_angle": 91.38, "cross_score": 0.9916, "likely_geometric_cross": true, "osm_url": "https://www.openstreetmap.org/node/5887077322", "branch_1_neighbor": "5887077382", "branch_1_bearing": 1.19, "branch_1_street": "", "branch_1_highway": "residential", "branch_2_neighbor": "5887077323", "branch_2_bearing": 90.11, "branch_2_street": "", "branch_2_highway": "residential", "branch_3_neighbor": "5887077321", "branch_3_bearing": 179.67, "branch_3_street": "", "branch_3_highway": "residential", "branch_4_neighbor": "8246698127", "branch_4_bearing": 271.05, "branch_4_street": "", "branch_4_highway": "residential" }, "geometry": { "type": "Point", "coordinates": [ 100.7862754, 13.9078499 ] } },
{ "type": "Feature", "properties": { "osm_node_id": "8204460455", "latitude": 13.8951556, "longitude": 100.6975237, "street_names": "", "highway_types": "residential", "in_degree": 4, "out_degree": 4, "fully_bidirectional": true, "traffic_signals": false, "junction": "", "minimum_branch_angle": 89.04, "maximum_branch_angle": 90.77, "cross_score": 0.9916, "likely_geometric_cross": true, "osm_url": "https://www.openstreetmap.org/node/8204460455", "branch_1_neighbor": "8484264523", "branch_1_bearing": 77.88, "branch_1_street": "", "branch_1_highway": "residential", "branch_2_neighbor": "8204460446", "branch_2_bearing": 168.64, "branch_2_street": "", "branch_2_highway": "residential", "branch_3_neighbor": "8204460458", "branch_3_bearing": 258.09, "branch_3_street": "", "branch_3_highway": "residential", "branch_4_neighbor": "8204460447", "branch_4_bearing": 348.83, "branch_4_street": "", "branch_4_highway": "residential" }, "geometry": { "type": "Point", "coordinates": [ 100.6975237, 13.8951556 ] } },
{ "type": "Feature", "properties": { "osm_node_id": "2562521994", "latitude": 13.8680295, "longitude": 100.7200849, "street_names": "", "highway_types": "residential", "in_degree": 4, "out_degree": 4, "fully_bidirectional": true, "traffic_signals": false, "junction": "", "minimum_branch_angle": 89.31, "maximum_branch_angle": 91.52, "cross_score": 0.9915, "likely_geometric_cross": true, "osm_url": "https://www.openstreetmap.org/node/2562521994", "branch_1_neighbor": "2562521995", "branch_1_bearing": 89.16, "branch_1_street": "", "branch_1_highway": "residential", "branch_2_neighbor": "2562521997", "branch_2_bearing": 178.61, "branch_2_street": "", "branch_2_highway": "residential", "branch_3_neighbor": "2562521993", "branch_3_bearing": 267.92, "branch_3_street": "", "branch_3_highway": "residential", "branch_4_neighbor": "2562521991", "branch_4_bearing": 359.44, "branch_4_street": "", "branch_4_highway": "residential" }, "geometry": { "type": "Point", "coordinates": [ 100.7200849, 13.8680295 ] } },
{ "type": "Feature", "properties": { "osm_node_id": "3053324469", "latitude": 13.8643101, "longitude": 100.7445139, "street_names": "", "highway_types": "residential", "in_degree": 4, "out_degree": 4, "fully_bidirectional": true, "traffic_signals": false, "junction": "", "minimum_branch_angle": 89.16, "maximum_branch_angle": 90.84, "cross_score": 0.9915, "likely_geometric_cross": true, "osm_url": "https://www.openstreetmap.org/node/3053324469", "branch_1_neighbor": "3053324422", "branch_1_bearing": 86.01, "branch_1_street": "", "branch_1_highway": "residential", "branch_2_neighbor": "3053324468", "branch_2_bearing": 176.7, "branch_2_street": "", "branch_2_highway": "residential", "branch_3_neighbor": "3053324427", "branch_3_bearing": 265.87, "branch_3_street": "", "branch_3_highway": "residential", "branch_4_neighbor": "3053324426", "branch_4_bearing": 356.71, "branch_4_street": "", "branch_4_highway": "residential" }, "geometry": { "type": "Point", "coordinates": [ 100.7445139, 13.8643101 ] } },
{ "type": "Feature", "properties": { "osm_node_id": "3840058817", "latitude": 13.850416, "longitude": 100.7064957, "street_names": "", "highway_types": "residential", "in_degree": 4, "out_degree": 4, "fully_bidirectional": true, "traffic_signals": false, "junction": "", "minimum_branch_angle": 88.64, "maximum_branch_angle": 90.81, "cross_score": 0.9915, "likely_geometric_cross": true, "osm_url": "https://www.openstreetmap.org/node/3840058817", "branch_1_neighbor": "3840058819", "branch_1_bearing": 86.75, "branch_1_street": "", "branch_1_highway": "residential", "branch_2_neighbor": "3840058797", "branch_2_bearing": 177.56, "branch_2_street": "", "branch_2_highway": "residential", "branch_3_neighbor": "3840058815", "branch_3_bearing": 266.2, "branch_3_street": "", "branch_3_highway": "residential", "branch_4_neighbor": "3840058832", "branch_4_bearing": 356.92, "branch_4_street": "", "branch_4_highway": "residential" }, "geometry": { "type": "Point", "coordinates": [ 100.7064957, 13.850416 ] } },
{ "type": "Feature", "properties": { "osm_node_id": "3841546197", "latitude": 13.842751, "longitude": 100.7059631, "street_names": "สุเหร่าคลองหนึ่ง ซอย 9; สุเหร่าคลองหนึ่ง ซอย 9 แยก 3; สุเหร่าคลองหนึ่ง ซอย 9 แยก 4", "highway_types": "residential", "in_degree": 4, "out_degree": 4, "fully_bidirectional": true, "traffic_signals": false, "junction": "", "minimum_branch_angle": 89.03, "maximum_branch_angle": 90.96, "cross_score": 0.9915, "likely_geometric_cross": true, "osm_url": "https://www.openstreetmap.org/node/3841546197", "branch_1_neighbor": "3841546203", "branch_1_bearing": 81.55, "branch_1_street": "สุเหร่าคลองหนึ่ง ซอย 9 แยก 4", "branch_1_highway": "residential", "branch_2_neighbor": "3841546192", "branch_2_bearing": 170.99, "branch_2_street": "สุเหร่าคลองหนึ่ง ซอย 9", "branch_2_highway": "residential", "branch_3_neighbor": "8295400126", "branch_3_bearing": 261.95, "branch_3_street": "สุเหร่าคลองหนึ่ง ซอย 9 แยก 3", "branch_3_highway": "residential", "branch_4_neighbor": "3841546206", "branch_4_bearing": 350.98, "branch_4_street": "สุเหร่าคลองหนึ่ง ซอย 9", "branch_4_highway": "residential" }, "geometry": { "type": "Point", "coordinates": [ 100.7059631, 13.842751 ] } },
{ "type": "Feature", "properties": { "osm_node_id": "3841912738", "latitude": 13.8387602, "longitude": 100.7179843, "street_names": "", "highway_types": "residential", "in_degree": 4, "out_degree": 4, "fully_bidirectional": true, "traffic_signals": false, "junction": "", "minimum_branch_angle": 89.05, "maximum_branch_angle": 91.53, "cross_score": 0.9915, "likely_geometric_cross": true, "osm_url": "https://www.openstreetmap.org/node/3841912738", "branch_1_neighbor": "3841912740", "branch_1_bearing": 85.12, "branch_1_street": "", "branch_1_highway": "residential", "branch_2_neighbor": "3841912730", "branch_2_bearing": 176.65, "branch_2_street": "", "branch_2_highway": "residential", "branch_3_neighbor": "3841912737", "branch_3_bearing": 266.34, "branch_3_street": "", "branch_3_highway": "residential", "branch_4_neighbor": "8344076499", "branch_4_bearing": 356.07, "branch_4_street": "", "branch_4_highway": "residential" }, "geometry": { "type": "Point", "coordinates": [ 100.7179843, 13.8387602 ] } },
{ "type": "Feature", "properties": { "osm_node_id": "6124182938", "latitude": 13.8751901, "longitude": 100.7175654, "street_names": "", "highway_types": "residential", "in_degree": 4, "out_degree": 4, "fully_bidirectional": true, "traffic_signals": false, "junction": "", "minimum_branch_angle": 89.01, "maximum_branch_angle": 91.44, "cross_score": 0.9915, "likely_geometric_cross": true, "osm_url": "https://www.openstreetmap.org/node/6124182938", "branch_1_neighbor": "6124183011", "branch_1_bearing": 90.65, "branch_1_street": "", "branch_1_highway": "residential", "branch_2_neighbor": "6124182937", "branch_2_bearing": 180.09, "branch_2_street": "", "branch_2_highway": "residential", "branch_3_neighbor": "6124183012", "branch_3_bearing": 270.19, "branch_3_street": "", "branch_3_highway": "residential", "branch_4_neighbor": "8292089807", "branch_4_bearing": 359.21, "branch_4_street": "", "branch_4_highway": "residential" }, "geometry": { "type": "Point", "coordinates": [ 100.7175654, 13.8751901 ] } },
{ "type": "Feature", "properties": { "osm_node_id": "8178327616", "latitude": 13.8281032, "longitude": 100.7496007, "street_names": "ประชาชนร่วมใจ 7", "highway_types": "residential", "in_degree": 4, "out_degree": 4, "fully_bidirectional": true, "traffic_signals": false, "junction": "", "minimum_branch_angle": 88.62, "maximum_branch_angle": 91.02, "cross_score": 0.9915, "likely_geometric_cross": true, "osm_url": "https://www.openstreetmap.org/node/8178327616", "branch_1_neighbor": "8178327615", "branch_1_bearing": 55.45, "branch_1_street": "", "branch_1_highway": "residential", "branch_2_neighbor": "3843843384", "branch_2_bearing": 145.96, "branch_2_street": "ประชาชนร่วมใจ 7", "branch_2_highway": "residential", "branch_3_neighbor": "8178338317", "branch_3_bearing": 234.58, "branch_3_street": "", "branch_3_highway": "residential", "branch_4_neighbor": "8178338319", "branch_4_bearing": 324.43, "branch_4_street": "ประชาชนร่วมใจ 7", "branch_4_highway": "residential" }, "geometry": { "type": "Point", "coordinates": [ 100.7496007, 13.8281032 ] } },
{ "type": "Feature", "properties": { "osm_node_id": "13072213729", "latitude": 13.9002497, "longitude": 100.7168312, "street_names": "", "highway_types": "residential", "in_degree": 4, "out_degree": 4, "fully_bidirectional": true, "traffic_signals": false, "junction": "", "minimum_branch_angle": 89.08, "maximum_branch_angle": 91.55, "cross_score": 0.9914, "likely_geometric_cross": true, "osm_url": "https://www.openstreetmap.org/node/13072213729", "branch_1_neighbor": "13072213728", "branch_1_bearing": 86.73, "branch_1_street": "", "branch_1_highway": "residential", "branch_2_neighbor": "8341596595", "branch_2_bearing": 176.5, "branch_2_street": "", "branch_2_highway": "residential", "branch_3_neighbor": "13072213727", "branch_3_bearing": 265.58, "branch_3_street": "", "branch_3_highway": "residential", "branch_4_neighbor": "13072213726", "branch_4_bearing": 357.13, "branch_4_street": "", "branch_4_highway": "residential" }, "geometry": { "type": "Point", "coordinates": [ 100.7168312, 13.9002497 ] } },
{ "type": "Feature", "properties": { "osm_node_id": "8163776977", "latitude": 13.8296557, "longitude": 100.7484577, "street_names": "ซอย 26; ซอย 27; ประชาชนร่วมใจ 7", "highway_types": "residential", "in_degree": 4, "out_degree": 4, "fully_bidirectional": true, "traffic_signals": false, "junction": "", "minimum_branch_angle": 88.81, "maximum_branch_angle": 91.19, "cross_score": 0.9914, "likely_geometric_cross": true, "osm_url": "https://www.openstreetmap.org/node/8163776977", "branch_1_neighbor": "8163776976", "branch_1_bearing": 53.25, "branch_1_street": "ซอย 26", "branch_1_highway": "residential", "branch_2_neighbor": "8163776975", "branch_2_bearing": 144.44, "branch_2_street": "ประชาชนร่วมใจ 7", "branch_2_highway": "residential", "branch_3_neighbor": "8163776978", "branch_3_bearing": 234.79, "branch_3_street": "ซอย 27", "branch_3_highway": "residential", "branch_4_neighbor": "8163776980", "branch_4_bearing": 324.44, "branch_4_street": "ประชาชนร่วมใจ 7", "branch_4_highway": "residential" }, "geometry": { "type": "Point", "coordinates": [ 100.7484577, 13.8296557 ] } },
{ "type": "Feature", "properties": { "osm_node_id": "8919190650", "latitude": 13.8343945, "longitude": 100.7189199, "street_names": "", "highway_types": "residential", "in_degree": 4, "out_degree": 4, "fully_bidirectional": true, "traffic_signals": false, "junction": "", "minimum_branch_angle": 88.98, "maximum_branch_angle": 90.78, "cross_score": 0.9914, "likely_geometric_cross": true, "osm_url": "https://www.openstreetmap.org/node/8919190650", "branch_1_neighbor": "6124096909", "branch_1_bearing": 86.26, "branch_1_street": "", "branch_1_highway": "residential", "branch_2_neighbor": "8919190649", "branch_2_bearing": 175.73, "branch_2_street": "", "branch_2_highway": "residential", "branch_3_neighbor": "8919190653", "branch_3_bearing": 266.49, "branch_3_street": "", "branch_3_highway": "residential", "branch_4_neighbor": "8919190651", "branch_4_bearing": 355.48, "branch_4_street": "", "branch_4_highway": "residential" }, "geometry": { "type": "Point", "coordinates": [ 100.7189199, 13.8343945 ] } },
{ "type": "Feature", "properties": { "osm_node_id": "3053303655", "latitude": 13.8840466, "longitude": 100.7203575, "street_names": "", "highway_types": "residential", "in_degree": 4, "out_degree": 4, "fully_bidirectional": true, "traffic_signals": false, "junction": "", "minimum_branch_angle": 88.72, "maximum_branch_angle": 91.08, "cross_score": 0.9913, "likely_geometric_cross": true, "osm_url": "https://www.openstreetmap.org/node/3053303655", "branch_1_neighbor": "3053303635", "branch_1_bearing": 89.84, "branch_1_street": "", "branch_1_highway": "residential", "branch_2_neighbor": "3724906679", "branch_2_bearing": 178.56, "branch_2_street": "", "branch_2_highway": "residential", "branch_3_neighbor": "3053303662", "branch_3_bearing": 269.63, "branch_3_street": "", "branch_3_highway": "residential", "branch_4_neighbor": "3053303650", "branch_4_bearing": 359.35, "branch_4_street": "", "branch_4_highway": "residential" }, "geometry": { "type": "Point", "coordinates": [ 100.7203575, 13.8840466 ] } },
{ "type": "Feature", "properties": { "osm_node_id": "3834869477", "latitude": 13.8680702, "longitude": 100.7108291, "street_names": "", "highway_types": "residential", "in_degree": 4, "out_degree": 4, "fully_bidirectional": true, "traffic_signals": false, "junction": "", "minimum_branch_angle": 89.07, "maximum_branch_angle": 90.92, "cross_score": 0.9913, "likely_geometric_cross": true, "osm_url": "https://www.openstreetmap.org/node/3834869477", "branch_1_neighbor": "7990378080", "branch_1_bearing": 88.25, "branch_1_street": "", "branch_1_highway": "residential", "branch_2_neighbor": "3834869463", "branch_2_bearing": 178.89, "branch_2_street": "", "branch_2_highway": "residential", "branch_3_neighbor": "3834869476", "branch_3_bearing": 267.96, "branch_3_street": "", "branch_3_highway": "residential", "branch_4_neighbor": "3834869494", "branch_4_bearing": 358.89, "branch_4_street": "", "branch_4_highway": "residential" }, "geometry": { "type": "Point", "coordinates": [ 100.7108291, 13.8680702 ] } },
{ "type": "Feature", "properties": { "osm_node_id": "3840087139", "latitude": 13.8525718, "longitude": 100.6983179, "street_names": "ซอยพระยาสุเรนทร์ 34", "highway_types": "residential", "in_degree": 4, "out_degree": 4, "fully_bidirectional": true, "traffic_signals": false, "junction": "", "minimum_branch_angle": 89.21, "maximum_branch_angle": 90.79, "cross_score": 0.9913, "likely_geometric_cross": true, "osm_url": "https://www.openstreetmap.org/node/3840087139", "branch_1_neighbor": "3840087161", "branch_1_bearing": 0.06, "branch_1_street": "", "branch_1_highway": "residential", "branch_2_neighbor": "3840087140", "branch_2_bearing": 89.28, "branch_2_street": "ซอยพระยาสุเรนทร์ 34", "branch_2_highway": "residential", "branch_3_neighbor": "6129278575", "branch_3_bearing": 180.07, "branch_3_street": "", "branch_3_highway": "residential", "branch_4_neighbor": "3840087138", "branch_4_bearing": 269.28, "branch_4_street": "ซอยพระยาสุเรนทร์ 34", "branch_4_highway": "residential" }, "geometry": { "type": "Point", "coordinates": [ 100.6983179, 13.8525718 ] } },
{ "type": "Feature", "properties": { "osm_node_id": "3840087367", "latitude": 13.856277, "longitude": 100.6953931, "street_names": "", "highway_types": "residential", "in_degree": 4, "out_degree": 4, "fully_bidirectional": true, "traffic_signals": false, "junction": "", "minimum_branch_angle": 88.58, "maximum_branch_angle": 90.81, "cross_score": 0.9913, "likely_geometric_cross": true, "osm_url": "https://www.openstreetmap.org/node/3840087367", "branch_1_neighbor": "3840087368", "branch_1_bearing": 90.0, "branch_1_street": "", "branch_1_highway": "residential", "branch_2_neighbor": "3840087249", "branch_2_bearing": 178.58, "branch_2_street": "", "branch_2_highway": "residential", "branch_3_neighbor": "3840087366", "branch_3_bearing": 269.34, "branch_3_street": "", "branch_3_highway": "residential", "branch_4_neighbor": "3840087379", "branch_4_bearing": 359.19, "branch_4_street": "", "branch_4_highway": "residential" }, "geometry": { "type": "Point", "coordinates": [ 100.6953931, 13.856277 ] } },
{ "type": "Feature", "properties": { "osm_node_id": "5877540464", "latitude": 13.8506499, "longitude": 100.7316639, "street_names": "ซอยนิมิตรใหม่ 19", "highway_types": "residential", "in_degree": 4, "out_degree": 4, "fully_bidirectional": true, "traffic_signals": false, "junction": "", "minimum_branch_angle": 89.08, "maximum_branch_angle": 90.91, "cross_score": 0.9913, "likely_geometric_cross": true, "osm_url": "https://www.openstreetmap.org/node/5877540464", "branch_1_neighbor": "2555262587", "branch_1_bearing": 79.2, "branch_1_street": "ซอยนิมิตรใหม่ 19", "branch_1_highway": "residential", "branch_2_neighbor": "8186874099", "branch_2_bearing": 168.28, "branch_2_street": "", "branch_2_highway": "residential", "branch_3_neighbor": "5877541507", "branch_3_bearing": 258.93, "branch_3_street": "ซอยนิมิตรใหม่ 19", "branch_3_highway": "residential", "branch_4_neighbor": "5877540460", "branch_4_bearing": 348.3, "branch_4_street": "", "branch_4_highway": "residential" }, "geometry": { "type": "Point", "coordinates": [ 100.7316639, 13.8506499 ] } },
{ "type": "Feature", "properties": { "osm_node_id": "3841547733", "latitude": 13.8494395, "longitude": 100.7024887, "street_names": "", "highway_types": "residential", "in_degree": 4, "out_degree": 4, "fully_bidirectional": true, "traffic_signals": false, "junction": "", "minimum_branch_angle": 89.17, "maximum_branch_angle": 90.83, "cross_score": 0.9912, "likely_geometric_cross": true, "osm_url": "https://www.openstreetmap.org/node/3841547733", "branch_1_neighbor": "3841547734", "branch_1_bearing": 89.0, "branch_1_street": "", "branch_1_highway": "residential", "branch_2_neighbor": "3841547725", "branch_2_bearing": 178.25, "branch_2_street": "", "branch_2_highway": "residential", "branch_3_neighbor": "3841547731", "branch_3_bearing": 267.42, "branch_3_street": "", "branch_3_highway": "residential", "branch_4_neighbor": "3840058793", "branch_4_bearing": 358.24, "branch_4_street": "", "branch_4_highway": "residential" }, "geometry": { "type": "Point", "coordinates": [ 100.7024887, 13.8494395 ] } },
{ "type": "Feature", "properties": { "osm_node_id": "3840059049", "latitude": 13.8572355, "longitude": 100.706012, "street_names": "", "highway_types": "residential", "in_degree": 4, "out_degree": 4, "fully_bidirectional": true, "traffic_signals": false, "junction": "", "minimum_branch_angle": 88.98, "maximum_branch_angle": 91.6, "cross_score": 0.9911, "likely_geometric_cross": true, "osm_url": "https://www.openstreetmap.org/node/3840059049", "branch_1_neighbor": "8299050750", "branch_1_bearing": 89.17, "branch_1_street": "", "branch_1_highway": "residential", "branch_2_neighbor": "3840059028", "branch_2_bearing": 179.1, "branch_2_street": "", "branch_2_highway": "residential", "branch_3_neighbor": "8298981181", "branch_3_bearing": 270.69, "branch_3_street": "", "branch_3_highway": "residential", "branch_4_neighbor": "3840059169", "branch_4_bearing": 359.67, "branch_4_street": "", "branch_4_highway": "residential" }, "geometry": { "type": "Point", "coordinates": [ 100.706012, 13.8572355 ] } },
{ "type": "Feature", "properties": { "osm_node_id": "3840059203", "latitude": 13.8588277, "longitude": 100.7060084, "street_names": "", "highway_types": "residential", "in_degree": 4, "out_degree": 4, "fully_bidirectional": true, "traffic_signals": false, "junction": "", "minimum_branch_angle": 88.88, "maximum_branch_angle": 91.13, "cross_score": 0.9911, "likely_geometric_cross": true, "osm_url": "https://www.openstreetmap.org/node/3840059203", "branch_1_neighbor": "3840059211", "branch_1_bearing": 0.09, "branch_1_street": "", "branch_1_highway": "residential", "branch_2_neighbor": "3840059204", "branch_2_bearing": 89.62, "branch_2_street": "", "branch_2_highway": "residential", "branch_3_neighbor": "3840059192", "branch_3_bearing": 180.09, "branch_3_street": "", "branch_3_highway": "residential", "branch_4_neighbor": "3840059202", "branch_4_bearing": 268.97, "branch_4_street": "", "branch_4_highway": "residential" }, "geometry": { "type": "Point", "coordinates": [ 100.7060084, 13.8588277 ] } },
{ "type": "Feature", "properties": { "osm_node_id": "5935976445", "latitude": 13.9085025, "longitude": 100.7048858, "street_names": "ซอย ๓", "highway_types": "residential", "in_degree": 4, "out_degree": 4, "fully_bidirectional": true, "traffic_signals": false, "junction": "", "minimum_branch_angle": 88.95, "maximum_branch_angle": 91.61, "cross_score": 0.9911, "likely_geometric_cross": true, "osm_url": "https://www.openstreetmap.org/node/5935976445", "branch_1_neighbor": "5935976448", "branch_1_bearing": 48.21, "branch_1_street": "ซอย ๓", "branch_1_highway": "residential", "branch_2_neighbor": "5935976444", "branch_2_bearing": 137.16, "branch_2_street": "", "branch_2_highway": "residential", "branch_3_neighbor": "5935976447", "branch_3_bearing": 228.77, "branch_3_street": "ซอย ๓", "branch_3_highway": "residential", "branch_4_neighbor": "5935976446", "branch_4_bearing": 318.56, "branch_4_street": "", "branch_4_highway": "residential" }, "geometry": { "type": "Point", "coordinates": [ 100.7048858, 13.9085025 ] } },
{ "type": "Feature", "properties": { "osm_node_id": "8424633785", "latitude": 13.8989552, "longitude": 100.7117625, "street_names": "", "highway_types": "residential", "in_degree": 4, "out_degree": 4, "fully_bidirectional": true, "traffic_signals": false, "junction": "", "minimum_branch_angle": 88.61, "maximum_branch_angle": 91.4, "cross_score": 0.9911, "likely_geometric_cross": true, "osm_url": "https://www.openstreetmap.org/node/8424633785", "branch_1_neighbor": "8424633784", "branch_1_bearing": 88.09, "branch_1_street": "", "branch_1_highway": "residential", "branch_2_neighbor": "8424633788", "branch_2_bearing": 176.7, "branch_2_street": "", "branch_2_highway": "residential", "branch_3_neighbor": "8424633786", "branch_3_bearing": 266.89, "branch_3_street": "", "branch_3_highway": "residential", "branch_4_neighbor": "8424633782", "branch_4_bearing": 356.69, "branch_4_street": "", "branch_4_highway": "residential" }, "geometry": { "type": "Point", "coordinates": [ 100.7117625, 13.8989552 ] } },
{ "type": "Feature", "properties": { "osm_node_id": "2562521946", "latitude": 13.8747004, "longitude": 100.720545, "street_names": "ซอย ๑๙", "highway_types": "residential", "in_degree": 4, "out_degree": 4, "fully_bidirectional": true, "traffic_signals": false, "junction": "", "minimum_branch_angle": 89.06, "maximum_branch_angle": 90.94, "cross_score": 0.991, "likely_geometric_cross": true, "osm_url": "https://www.openstreetmap.org/node/2562521946", "branch_1_neighbor": "2562521947", "branch_1_bearing": 90.35, "branch_1_street": "ซอย ๑๙", "branch_1_highway": "residential", "branch_2_neighbor": "2562521949", "branch_2_bearing": 179.68, "branch_2_street": "", "branch_2_highway": "residential", "branch_3_neighbor": "8061345321", "branch_3_bearing": 270.62, "branch_3_street": "ซอย ๑๙", "branch_3_highway": "residential", "branch_4_neighbor": "2562521943", "branch_4_bearing": 359.68, "branch_4_street": "", "branch_4_highway": "residential" }, "geometry": { "type": "Point", "coordinates": [ 100.720545, 13.8747004 ] } },
{ "type": "Feature", "properties": { "osm_node_id": "4415580544", "latitude": 13.8687828, "longitude": 100.7460198, "street_names": "", "highway_types": "residential", "in_degree": 4, "out_degree": 4, "fully_bidirectional": true, "traffic_signals": false, "junction": "", "minimum_branch_angle": 89.18, "maximum_branch_angle": 90.82, "cross_score": 0.991, "likely_geometric_cross": true, "osm_url": "https://www.openstreetmap.org/node/4415580544", "branch_1_neighbor": "3053324457", "branch_1_bearing": 85.5, "branch_1_street": "", "branch_1_highway": "residential", "branch_2_neighbor": "3053324362", "branch_2_bearing": 174.68, "branch_2_street": "", "branch_2_highway": "residential", "branch_3_neighbor": "3053324419", "branch_3_bearing": 265.49, "branch_3_street": "", "branch_3_highway": "residential", "branch_4_neighbor": "3053324380", "branch_4_bearing": 354.69, "branch_4_street": "", "branch_4_highway": "residential" }, "geometry": { "type": "Point", "coordinates": [ 100.7460198, 13.8687828 ] } },
{ "type": "Feature", "properties": { "osm_node_id": "5886741539", "latitude": 13.9198012, "longitude": 100.7889685, "street_names": "", "highway_types": "residential", "in_degree": 4, "out_degree": 4, "fully_bidirectional": true, "traffic_signals": false, "junction": "", "minimum_branch_angle": 88.88, "maximum_branch_angle": 91.32, "cross_score": 0.991, "likely_geometric_cross": true, "osm_url": "https://www.openstreetmap.org/node/5886741539", "branch_1_neighbor": "5886741541", "branch_1_bearing": 89.05, "branch_1_street": "", "branch_1_highway": "residential", "branch_2_neighbor": "5886741538", "branch_2_bearing": 178.55, "branch_2_street": "", "branch_2_highway": "residential", "branch_3_neighbor": "5886741537", "branch_3_bearing": 269.87, "branch_3_street": "", "branch_3_highway": "residential", "branch_4_neighbor": "5886741529", "branch_4_bearing": 358.75, "branch_4_street": "", "branch_4_highway": "residential" }, "geometry": { "type": "Point", "coordinates": [ 100.7889685, 13.9198012 ] } },
{ "type": "Feature", "properties": { "osm_node_id": "5887077311", "latitude": 13.9078845, "longitude": 100.7880927, "street_names": "", "highway_types": "residential", "in_degree": 4, "out_degree": 4, "fully_bidirectional": true, "traffic_signals": false, "junction": "", "minimum_branch_angle": 89.03, "maximum_branch_angle": 91.61, "cross_score": 0.991, "likely_geometric_cross": true, "osm_url": "https://www.openstreetmap.org/node/5887077311", "branch_1_neighbor": "5887077309", "branch_1_bearing": 91.37, "branch_1_street": "", "branch_1_highway": "residential", "branch_2_neighbor": "5887076580", "branch_2_bearing": 181.22, "branch_2_street": "", "branch_2_highway": "residential", "branch_3_neighbor": "5887076582", "branch_3_bearing": 270.25, "branch_3_street": "", "branch_3_highway": "residential", "branch_4_neighbor": "5887077312", "branch_4_bearing": 359.76, "branch_4_street": "", "branch_4_highway": "residential" }, "geometry": { "type": "Point", "coordinates": [ 100.7880927, 13.9078845 ] } },
{ "type": "Feature", "properties": { "osm_node_id": "8341596595", "latitude": 13.8999306, "longitude": 100.7168513, "street_names": "", "highway_types": "residential", "in_degree": 4, "out_degree": 4, "fully_bidirectional": true, "traffic_signals": false, "junction": "", "minimum_branch_angle": 88.38, "maximum_branch_angle": 91.3, "cross_score": 0.991, "likely_geometric_cross": true, "osm_url": "https://www.openstreetmap.org/node/8341596595", "branch_1_neighbor": "8341596594", "branch_1_bearing": 87.8, "branch_1_street": "", "branch_1_highway": "residential", "branch_2_neighbor": "8341596592", "branch_2_bearing": 176.19, "branch_2_street": "", "branch_2_highway": "residential", "branch_3_neighbor": "8341596596", "branch_3_bearing": 266.23, "branch_3_street": "", "branch_3_highway": "residential", "branch_4_neighbor": "13072213729", "branch_4_bearing": 356.5, "branch_4_street": "", "branch_4_highway": "residential" }, "geometry": { "type": "Point", "coordinates": [ 100.7168513, 13.8999306 ] } },
{ "type": "Feature", "properties": { "osm_node_id": "2562522030", "latitude": 13.8651365, "longitude": 100.7201807, "street_names": "", "highway_types": "residential", "in_degree": 4, "out_degree": 4, "fully_bidirectional": true, "traffic_signals": false, "junction": "", "minimum_branch_angle": 88.54, "maximum_branch_angle": 90.82, "cross_score": 0.9909, "likely_geometric_cross": true, "osm_url": "https://www.openstreetmap.org/node/2562522030", "branch_1_neighbor": "2562522032", "branch_1_bearing": 86.97, "branch_1_street": "", "branch_1_highway": "residential", "branch_2_neighbor": "2562522036", "branch_2_bearing": 177.78, "branch_2_street": "", "branch_2_highway": "residential", "branch_3_neighbor": "2562522028", "branch_3_bearing": 268.6, "branch_3_street": "", "branch_3_highway": "residential", "branch_4_neighbor": "2562522024", "branch_4_bearing": 358.43, "branch_4_street": "", "branch_4_highway": "residential" }, "geometry": { "type": "Point", "coordinates": [ 100.7201807, 13.8651365 ] } },
{ "type": "Feature", "properties": { "osm_node_id": "3840087194", "latitude": 13.8545028, "longitude": 100.6954055, "street_names": "", "highway_types": "residential", "in_degree": 4, "out_degree": 4, "fully_bidirectional": true, "traffic_signals": false, "junction": "", "minimum_branch_angle": 88.88, "maximum_branch_angle": 91.13, "cross_score": 0.9909, "likely_geometric_cross": true, "osm_url": "https://www.openstreetmap.org/node/3840087194", "branch_1_neighbor": "3840087192", "branch_1_bearing": 90.99, "branch_1_street": "", "branch_1_highway": "residential", "branch_2_neighbor": "3840087185", "branch_2_bearing": 179.87, "branch_2_street": "", "branch_2_highway": "residential", "branch_3_neighbor": "3840087193", "branch_3_bearing": 269.35, "branch_3_street": "", "branch_3_highway": "residential", "branch_4_neighbor": "3840087206", "branch_4_bearing": 359.86, "branch_4_street": "", "branch_4_highway": "residential" }, "geometry": { "type": "Point", "coordinates": [ 100.6954055, 13.8545028 ] } },
{ "type": "Feature", "properties": { "osm_node_id": "5941639209", "latitude": 13.8890389, "longitude": 100.7190407, "street_names": "", "highway_types": "residential", "in_degree": 4, "out_degree": 4, "fully_bidirectional": true, "traffic_signals": false, "junction": "", "minimum_branch_angle": 88.81, "maximum_branch_angle": 91.15, "cross_score": 0.9909, "likely_geometric_cross": true, "osm_url": "https://www.openstreetmap.org/node/5941639209", "branch_1_neighbor": "5941639212", "branch_1_bearing": 1.16, "branch_1_street": "", "branch_1_highway": "residential", "branch_2_neighbor": "5941639208", "branch_2_bearing": 89.97, "branch_2_street": "", "branch_2_highway": "residential", "branch_3_neighbor": "5941639206", "branch_3_bearing": 180.46, "branch_3_street": "", "branch_3_highway": "residential", "branch_4_neighbor": "5941639210", "branch_4_bearing": 270.01, "branch_4_street": "", "branch_4_highway": "residential" }, "geometry": { "type": "Point", "coordinates": [ 100.7190407, 13.8890389 ] } },
{ "type": "Feature", "properties": { "osm_node_id": "2733467944", "latitude": 13.8618025, "longitude": 100.6919782, "street_names": "", "highway_types": "residential", "in_degree": 4, "out_degree": 4, "fully_bidirectional": true, "traffic_signals": false, "junction": "", "minimum_branch_angle": 88.54, "maximum_branch_angle": 91.01, "cross_score": 0.9908, "likely_geometric_cross": true, "osm_url": "https://www.openstreetmap.org/node/2733467944", "branch_1_neighbor": "2733467945", "branch_1_bearing": 78.7, "branch_1_street": "", "branch_1_highway": "residential", "branch_2_neighbor": "2733467937", "branch_2_bearing": 169.71, "branch_2_street": "", "branch_2_highway": "residential", "branch_3_neighbor": "2733467941", "branch_3_bearing": 259.51, "branch_3_street": "", "branch_3_highway": "residential", "branch_4_neighbor": "2733467951", "branch_4_bearing": 350.16, "branch_4_street": "", "branch_4_highway": "residential" }, "geometry": { "type": "Point", "coordinates": [ 100.6919782, 13.8618025 ] } },
{ "type": "Feature", "properties": { "osm_node_id": "3053303663", "latitude": 13.8862698, "longitude": 100.7203542, "street_names": "", "highway_types": "residential", "in_degree": 4, "out_degree": 4, "fully_bidirectional": true, "traffic_signals": false, "junction": "", "minimum_branch_angle": 88.34, "maximum_branch_angle": 91.08, "cross_score": 0.9908, "likely_geometric_cross": true, "osm_url": "https://www.openstreetmap.org/node/3053303663", "branch_1_neighbor": "3053303661", "branch_1_bearing": 0.76, "branch_1_street": "", "branch_1_highway": "residential", "branch_2_neighbor": "3053301932", "branch_2_bearing": 89.11, "branch_2_street": "", "branch_2_highway": "residential", "branch_3_neighbor": "3053303638", "branch_3_bearing": 180.18, "branch_3_street": "", "branch_3_highway": "residential", "branch_4_neighbor": "3053303659", "branch_4_bearing": 270.3, "branch_4_street": "", "branch_4_highway": "residential" }, "geometry": { "type": "Point", "coordinates": [ 100.7203542, 13.8862698 ] } },
{ "type": "Feature", "properties": { "osm_node_id": "5941639237", "latitude": 13.8900975, "longitude": 100.7190433, "street_names": "", "highway_types": "residential", "in_degree": 4, "out_degree": 4, "fully_bidirectional": true, "traffic_signals": false, "junction": "", "minimum_branch_angle": 89.16, "maximum_branch_angle": 90.88, "cross_score": 0.9908, "likely_geometric_cross": true, "osm_url": "https://www.openstreetmap.org/node/5941639237", "branch_1_neighbor": "5941639238", "branch_1_bearing": 90.24, "branch_1_street": "", "branch_1_highway": "residential", "branch_2_neighbor": "5941639222", "branch_2_bearing": 179.4, "branch_2_street": "", "branch_2_highway": "residential", "branch_3_neighbor": "5941639236", "branch_3_bearing": 270.28, "branch_3_street": "", "branch_3_highway": "residential", "branch_4_neighbor": "5941639240", "branch_4_bearing": 359.46, "branch_4_street": "", "branch_4_highway": "residential" }, "geometry": { "type": "Point", "coordinates": [ 100.7190433, 13.8900975 ] } },
{ "type": "Feature", "properties": { "osm_node_id": "3053347457", "latitude": 13.8696117, "longitude": 100.7136171, "street_names": "บุุรีรมย์ 20", "highway_types": "residential", "in_degree": 4, "out_degree": 4, "fully_bidirectional": true, "traffic_signals": false, "junction": "", "minimum_branch_angle": 88.84, "maximum_branch_angle": 91.17, "cross_score": 0.9907, "likely_geometric_cross": true, "osm_url": "https://www.openstreetmap.org/node/3053347457", "branch_1_neighbor": "3053347103", "branch_1_bearing": 89.88, "branch_1_street": "บุุรีรมย์ 20", "branch_1_highway": "residential", "branch_2_neighbor": "3053347112", "branch_2_bearing": 178.72, "branch_2_street": "", "branch_2_highway": "residential", "branch_3_neighbor": "3053347100", "branch_3_bearing": 269.22, "branch_3_street": "บุุรีรมย์ 20", "branch_3_highway": "residential", "branch_4_neighbor": "3053347132", "branch_4_bearing": 358.71, "branch_4_street": "", "branch_4_highway": "residential" }, "geometry": { "type": "Point", "coordinates": [ 100.7136171, 13.8696117 ] } },
{ "type": "Feature", "properties": { "osm_node_id": "3841909840", "latitude": 13.8327061, "longitude": 100.7175787, "street_names": "นลิน 2; นลิน 2 ซอย 3; นลิน 2 ซอย 4", "highway_types": "residential", "in_degree": 4, "out_degree": 4, "fully_bidirectional": true, "traffic_signals": false, "junction": "", "minimum_branch_angle": 88.9, "maximum_branch_angle": 91.1, "cross_score": 0.9907, "likely_geometric_cross": true, "osm_url": "https://www.openstreetmap.org/node/3841909840", "branch_1_neighbor": "3841909841", "branch_1_bearing": 88.31, "branch_1_street": "นลิน 2 ซอย 3", "branch_1_highway": "residential", "branch_2_neighbor": "3841909833", "branch_2_bearing": 177.74, "branch_2_street": "นลิน 2", "branch_2_highway": "residential", "branch_3_neighbor": "3841909838", "branch_3_bearing": 268.3, "branch_3_street": "นลิน 2 ซอย 4", "branch_3_highway": "residential", "branch_4_neighbor": "3841909847", "branch_4_bearing": 357.2, "branch_4_street": "นลิน 2", "branch_4_highway": "residential" }, "geometry": { "type": "Point", "coordinates": [ 100.7175787, 13.8327061 ] } },
{ "type": "Feature", "properties": { "osm_node_id": "5941639255", "latitude": 13.8921974, "longitude": 100.7190231, "street_names": "", "highway_types": "residential", "in_degree": 4, "out_degree": 4, "fully_bidirectional": true, "traffic_signals": false, "junction": "", "minimum_branch_angle": 88.99, "maximum_branch_angle": 91.67, "cross_score": 0.9907, "likely_geometric_cross": true, "osm_url": "https://www.openstreetmap.org/node/5941639255", "branch_1_neighbor": "5941639256", "branch_1_bearing": 89.28, "branch_1_street": "", "branch_1_highway": "residential", "branch_2_neighbor": "5941639252", "branch_2_bearing": 179.23, "branch_2_street": "", "branch_2_highway": "residential", "branch_3_neighbor": "5941639254", "branch_3_bearing": 270.91, "branch_3_street": "", "branch_3_highway": "residential", "branch_4_neighbor": "5941639258", "branch_4_bearing": 359.89, "branch_4_street": "", "branch_4_highway": "residential" }, "geometry": { "type": "Point", "coordinates": [ 100.7190231, 13.8921974 ] } },
{ "type": "Feature", "properties": { "osm_node_id": "8609373653", "latitude": 13.8974428, "longitude": 100.7166829, "street_names": "", "highway_types": "residential", "in_degree": 4, "out_degree": 4, "fully_bidirectional": true, "traffic_signals": false, "junction": "", "minimum_branch_angle": 88.61, "maximum_branch_angle": 91.4, "cross_score": 0.9907, "likely_geometric_cross": true, "osm_url": "https://www.openstreetmap.org/node/8609373653", "branch_1_neighbor": "8609373652", "branch_1_bearing": 85.46, "branch_1_street": "", "branch_1_highway": "residential", "branch_2_neighbor": "8341609618", "branch_2_bearing": 175.74, "branch_2_street": "", "branch_2_highway": "residential", "branch_3_neighbor": "8609373654", "branch_3_bearing": 267.14, "branch_3_street": "", "branch_3_highway": "residential", "branch_4_neighbor": "8341609621", "branch_4_bearing": 355.75, "branch_4_street": "", "branch_4_highway": "residential" }, "geometry": { "type": "Point", "coordinates": [ 100.7166829, 13.8974428 ] } },
{ "type": "Feature", "properties": { "osm_node_id": "2562521970", "latitude": 13.8718208, "longitude": 100.7205684, "street_names": "ซอย ๓๕", "highway_types": "residential", "in_degree": 4, "out_degree": 4, "fully_bidirectional": true, "traffic_signals": false, "junction": "", "minimum_branch_angle": 89.26, "maximum_branch_angle": 91.68, "cross_score": 0.9906, "likely_geometric_cross": true, "osm_url": "https://www.openstreetmap.org/node/2562521970", "branch_1_neighbor": "2562521971", "branch_1_bearing": 90.28, "branch_1_street": "ซอย ๓๕", "branch_1_highway": "residential", "branch_2_neighbor": "8061345524", "branch_2_bearing": 180.06, "branch_2_street": "", "branch_2_highway": "residential", "branch_3_neighbor": "8061345517", "branch_3_bearing": 269.32, "branch_3_street": "ซอย ๓๕", "branch_3_highway": "residential", "branch_4_neighbor": "2562521967", "branch_4_bearing": 358.6, "branch_4_street": "", "branch_4_highway": "residential" }, "geometry": { "type": "Point", "coordinates": [ 100.7205684, 13.8718208 ] } },
{ "type": "Feature", "properties": { "osm_node_id": "3840058780", "latitude": 13.8491051, "longitude": 100.7074514, "street_names": "", "highway_types": "residential", "in_degree": 4, "out_degree": 4, "fully_bidirectional": true, "traffic_signals": false, "junction": "", "minimum_branch_angle": 88.41, "maximum_branch_angle": 91.42, "cross_score": 0.9906, "likely_geometric_cross": true, "osm_url": "https://www.openstreetmap.org/node/3840058780", "branch_1_neighbor": "3841547727", "branch_1_bearing": 87.83, "branch_1_street": "", "branch_1_highway": "residential", "branch_2_neighbor": "3841547716", "branch_2_bearing": 177.72, "branch_2_street": "", "branch_2_highway": "residential", "branch_3_neighbor": "3841547723", "branch_3_bearing": 269.15, "branch_3_street": "", "branch_3_highway": "residential", "branch_4_neighbor": "3840058784", "branch_4_bearing": 357.56, "branch_4_street": "", "branch_4_highway": "residential" }, "geometry": { "type": "Point", "coordinates": [ 100.7074514, 13.8491051 ] } },
{ "type": "Feature", "properties": { "osm_node_id": "3840099924", "latitude": 13.8500963, "longitude": 100.6860413, "street_names": "ชัยพฤกษ์ A 21", "highway_types": "residential", "in_degree": 4, "out_degree": 4, "fully_bidirectional": true, "traffic_signals": false, "junction": "", "minimum_branch_angle": 89.1, "maximum_branch_angle": 91.36, "cross_score": 0.9906, "likely_geometric_cross": true, "osm_url": "https://www.openstreetmap.org/node/3840099924", "branch_1_neighbor": "3840099933", "branch_1_bearing": 6.07, "branch_1_street": "", "branch_1_highway": "residential", "branch_2_neighbor": "3840099923", "branch_2_bearing": 96.41, "branch_2_street": "ชัยพฤกษ์ A 21", "branch_2_highway": "residential", "branch_3_neighbor": "3840099916", "branch_3_bearing": 187.76, "branch_3_street": "", "branch_3_highway": "residential", "branch_4_neighbor": "3840099926", "branch_4_bearing": 276.86, "branch_4_street": "", "branch_4_highway": "residential" }, "geometry": { "type": "Point", "coordinates": [ 100.6860413, 13.8500963 ] } },
{ "type": "Feature", "properties": { "osm_node_id": "3841863939", "latitude": 13.8346289, "longitude": 100.7309685, "street_names": "ซอยนิมิตใหม่ 9", "highway_types": "residential", "in_degree": 4, "out_degree": 4, "fully_bidirectional": true, "traffic_signals": false, "junction": "", "minimum_branch_angle": 89.16, "maximum_branch_angle": 90.84, "cross_score": 0.9906, "likely_geometric_cross": true, "osm_url": "https://www.openstreetmap.org/node/3841863939", "branch_1_neighbor": "3841863942", "branch_1_bearing": 70.08, "branch_1_street": "ซอยนิมิตใหม่ 9", "branch_1_highway": "residential", "branch_2_neighbor": "3841863932", "branch_2_bearing": 159.23, "branch_2_street": "", "branch_2_highway": "residential", "branch_3_neighbor": "3841863937", "branch_3_bearing": 250.07, "branch_3_street": "ซอยนิมิตใหม่ 9", "branch_3_highway": "residential", "branch_4_neighbor": "3841863946", "branch_4_bearing": 339.23, "branch_4_street": "", "branch_4_highway": "residential" }, "geometry": { "type": "Point", "coordinates": [ 100.7309685, 13.8346289 ] } },
{ "type": "Feature", "properties": { "osm_node_id": "5886741537", "latitude": 13.9198002, "longitude": 100.7885287, "street_names": "", "highway_types": "residential", "in_degree": 4, "out_degree": 4, "fully_bidirectional": true, "traffic_signals": false, "junction": "", "minimum_branch_angle": 88.31, "maximum_branch_angle": 90.86, "cross_score": 0.9906, "likely_geometric_cross": true, "osm_url": "https://www.openstreetmap.org/node/5886741537", "branch_1_neighbor": "5886741539", "branch_1_bearing": 89.87, "branch_1_street": "", "branch_1_highway": "residential", "branch_2_neighbor": "5886741536", "branch_2_bearing": 180.22, "branch_2_street": "", "branch_2_highway": "residential", "branch_3_neighbor": "5886741535", "branch_3_bearing": 271.08, "branch_3_street": "", "branch_3_highway": "residential", "branch_4_neighbor": "5886741530", "branch_4_bearing": 359.39, "branch_4_street": "", "branch_4_highway": "residential" }, "geometry": { "type": "Point", "coordinates": [ 100.7885287, 13.9198002 ] } },
{ "type": "Feature", "properties": { "osm_node_id": "5941663059", "latitude": 13.8953657, "longitude": 100.7106823, "street_names": "ถนนไทยรามัญ", "highway_types": "residential; tertiary", "in_degree": 4, "out_degree": 4, "fully_bidirectional": true, "traffic_signals": false, "junction": "", "minimum_branch_angle": 88.51, "maximum_branch_angle": 91.26, "cross_score": 0.9906, "likely_geometric_cross": true, "osm_url": "https://www.openstreetmap.org/node/5941663059", "branch_1_neighbor": "8424621657", "branch_1_bearing": 87.0, "branch_1_street": "ถนนไทยรามัญ", "branch_1_highway": "tertiary", "branch_2_neighbor": "5941663055", "branch_2_bearing": 177.42, "branch_2_street": "", "branch_2_highway": "residential", "branch_3_neighbor": "4688953677", "branch_3_bearing": 265.93, "branch_3_street": "ถนนไทยรามัญ", "branch_3_highway": "tertiary", "branch_4_neighbor": "5941663054", "branch_4_bearing": 355.73, "branch_4_street": "", "branch_4_highway": "residential" }, "geometry": { "type": "Point", "coordinates": [ 100.7106823, 13.8953657 ] } },
{ "type": "Feature", "properties": { "osm_node_id": "6521877717", "latitude": 13.8513023, "longitude": 100.715439, "street_names": "", "highway_types": "residential", "in_degree": 4, "out_degree": 4, "fully_bidirectional": true, "traffic_signals": false, "junction": "", "minimum_branch_angle": 88.92, "maximum_branch_angle": 91.09, "cross_score": 0.9906, "likely_geometric_cross": true, "osm_url": "https://www.openstreetmap.org/node/6521877717", "branch_1_neighbor": "6521877716", "branch_1_bearing": 86.02, "branch_1_street": "", "branch_1_highway": "residential", "branch_2_neighbor": "6521877721", "branch_2_bearing": 177.1, "branch_2_street": "", "branch_2_highway": "residential", "branch_3_neighbor": "6521877718", "branch_3_bearing": 266.49, "branch_3_street": "", "branch_3_highway": "residential", "branch_4_neighbor": "6521877715", "branch_4_bearing": 357.1, "branch_4_street": "", "branch_4_highway": "residential" }, "geometry": { "type": "Point", "coordinates": [ 100.715439, 13.8513023 ] } },
{ "type": "Feature", "properties": { "osm_node_id": "8080761952", "latitude": 13.8377184, "longitude": 100.7199931, "street_names": "", "highway_types": "residential", "in_degree": 4, "out_degree": 4, "fully_bidirectional": true, "traffic_signals": false, "junction": "", "minimum_branch_angle": 88.81, "maximum_branch_angle": 91.21, "cross_score": 0.9906, "likely_geometric_cross": true, "osm_url": "https://www.openstreetmap.org/node/8080761952", "branch_1_neighbor": "8080761953", "branch_1_bearing": 5.32, "branch_1_street": "", "branch_1_highway": "residential", "branch_2_neighbor": "3841912704", "branch_2_bearing": 95.8, "branch_2_street": "", "branch_2_highway": "residential", "branch_3_neighbor": "8080761951", "branch_3_bearing": 184.61, "branch_3_street": "", "branch_3_highway": "residential", "branch_4_neighbor": "3841912711", "branch_4_bearing": 275.82, "branch_4_street": "", "branch_4_highway": "residential" }, "geometry": { "type": "Point", "coordinates": [ 100.7199931, 13.8377184 ] } },
{ "type": "Feature", "properties": { "osm_node_id": "3053347452", "latitude": 13.869577, "longitude": 100.7121793, "street_names": "อรพิม 13", "highway_types": "residential", "in_degree": 4, "out_degree": 4, "fully_bidirectional": true, "traffic_signals": false, "junction": "", "minimum_branch_angle": 88.98, "maximum_branch_angle": 91.13, "cross_score": 0.9905, "likely_geometric_cross": true, "osm_url": "https://www.openstreetmap.org/node/3053347452", "branch_1_neighbor": "3053347475", "branch_1_bearing": 88.51, "branch_1_street": "อรพิม 13", "branch_1_highway": "residential", "branch_2_neighbor": "3053347443", "branch_2_bearing": 179.09, "branch_2_street": "", "branch_2_highway": "residential", "branch_3_neighbor": "3053347113", "branch_3_bearing": 268.4, "branch_3_street": "", "branch_3_highway": "residential", "branch_4_neighbor": "3053347470", "branch_4_bearing": 357.38, "branch_4_street": "", "branch_4_highway": "residential" }, "geometry": { "type": "Point", "coordinates": [ 100.7121793, 13.869577 ] } },
{ "type": "Feature", "properties": { "osm_node_id": "3841938464", "latitude": 13.8326957, "longitude": 100.6910041, "street_names": "", "highway_types": "residential", "in_degree": 4, "out_degree": 4, "fully_bidirectional": true, "traffic_signals": false, "junction": "", "minimum_branch_angle": 88.64, "maximum_branch_angle": 91.33, "cross_score": 0.9905, "likely_geometric_cross": true, "osm_url": "https://www.openstreetmap.org/node/3841938464", "branch_1_neighbor": "8034727816", "branch_1_bearing": 74.04, "branch_1_street": "", "branch_1_highway": "residential", "branch_2_neighbor": "3841938355", "branch_2_bearing": 162.67, "branch_2_street": "", "branch_2_highway": "residential", "branch_3_neighbor": "3841938461", "branch_3_bearing": 254.01, "branch_3_street": "", "branch_3_highway": "residential", "branch_4_neighbor": "3841938469", "branch_4_bearing": 343.66, "branch_4_street": "", "branch_4_highway": "residential" }, "geometry": { "type": "Point", "coordinates": [ 100.6910041, 13.8326957 ] } },
{ "type": "Feature", "properties": { "osm_node_id": "5887077296", "latitude": 13.9078858, "longitude": 100.7902037, "street_names": "", "highway_types": "residential", "in_degree": 4, "out_degree": 4, "fully_bidirectional": true, "traffic_signals": false, "junction": "", "minimum_branch_angle": 88.62, "maximum_branch_angle": 91.14, "cross_score": 0.9905, "likely_geometric_cross": true, "osm_url": "https://www.openstreetmap.org/node/5887077296", "branch_1_neighbor": "5887077289", "branch_1_bearing": 90.8, "branch_1_street": "", "branch_1_highway": "residential", "branch_2_neighbor": "5887076571", "branch_2_bearing": 181.38, "branch_2_street": "", "branch_2_highway": "residential", "branch_3_neighbor": "5887077299", "branch_3_bearing": 270.0, "branch_3_street": "", "branch_3_highway": "residential", "branch_4_neighbor": "5887077297", "branch_4_bearing": 359.66, "branch_4_street": "", "branch_4_highway": "residential" }, "geometry": { "type": "Point", "coordinates": [ 100.7902037, 13.9078858 ] } },
{ "type": "Feature", "properties": { "osm_node_id": "13472635253", "latitude": 13.8947784, "longitude": 100.6955008, "street_names": "", "highway_types": "residential", "in_degree": 4, "out_degree": 4, "fully_bidirectional": true, "traffic_signals": false, "junction": "", "minimum_branch_angle": 89.11, "maximum_branch_angle": 90.87, "cross_score": 0.9904, "likely_geometric_cross": true, "osm_url": "https://www.openstreetmap.org/node/13472635253", "branch_1_neighbor": "13472635251", "branch_1_bearing": 77.81, "branch_1_street": "", "branch_1_highway": "residential", "branch_2_neighbor": "13475630708", "branch_2_bearing": 166.92, "branch_2_street": "", "branch_2_highway": "residential", "branch_3_neighbor": "13472635259", "branch_3_bearing": 257.79, "branch_3_street": "", "branch_3_highway": "residential", "branch_4_neighbor": "13472635254", "branch_4_bearing": 346.96, "branch_4_street": "", "branch_4_highway": "residential" }, "geometry": { "type": "Point", "coordinates": [ 100.6955008, 13.8947784 ] } },
{ "type": "Feature", "properties": { "osm_node_id": "3834869325", "latitude": 13.860725, "longitude": 100.7169921, "street_names": "", "highway_types": "residential", "in_degree": 4, "out_degree": 4, "fully_bidirectional": true, "traffic_signals": false, "junction": "", "minimum_branch_angle": 89.09, "maximum_branch_angle": 90.93, "cross_score": 0.9904, "likely_geometric_cross": true, "osm_url": "https://www.openstreetmap.org/node/3834869325", "branch_1_neighbor": "3834869324", "branch_1_bearing": 90.46, "branch_1_street": "", "branch_1_highway": "residential", "branch_2_neighbor": "3834869317", "branch_2_bearing": 179.55, "branch_2_street": "", "branch_2_highway": "residential", "branch_3_neighbor": "3834869323", "branch_3_bearing": 268.74, "branch_3_street": "", "branch_3_highway": "residential", "branch_4_neighbor": "3834869337", "branch_4_bearing": 359.53, "branch_4_street": "", "branch_4_highway": "residential" }, "geometry": { "type": "Point", "coordinates": [ 100.7169921, 13.860725 ] } },
{ "type": "Feature", "properties": { "osm_node_id": "3834869444", "latitude": 13.8664067, "longitude": 100.7104639, "street_names": "", "highway_types": "residential", "in_degree": 4, "out_degree": 4, "fully_bidirectional": true, "traffic_signals": false, "junction": "", "minimum_branch_angle": 88.62, "maximum_branch_angle": 91.39, "cross_score": 0.9904, "likely_geometric_cross": true, "osm_url": "https://www.openstreetmap.org/node/3834869444", "branch_1_neighbor": "3834869447", "branch_1_bearing": 88.31, "branch_1_street": "", "branch_1_highway": "residential", "branch_2_neighbor": "3834869433", "branch_2_bearing": 178.65, "branch_2_street": "", "branch_2_highway": "residential", "branch_3_neighbor": "3834869446", "branch_3_bearing": 270.04, "branch_3_street": "", "branch_3_highway": "residential", "branch_4_neighbor": "3834869462", "branch_4_bearing": 358.66, "branch_4_street": "", "branch_4_highway": "residential" }, "geometry": { "type": "Point", "coordinates": [ 100.7104639, 13.8664067 ] } },
{ "type": "Feature", "properties": { "osm_node_id": "3834869466", "latitude": 13.8675305, "longitude": 100.7195392, "street_names": "ซอย 11", "highway_types": "residential", "in_degree": 3, "out_degree": 3, "fully_bidirectional": false, "traffic_signals": false, "junction": "", "minimum_branch_angle": 88.86, "maximum_branch_angle": 91.72, "cross_score": 0.9904, "likely_geometric_cross": true, "osm_url": "https://www.openstreetmap.org/node/3834869466", "branch_1_neighbor": "8061345580", "branch_1_bearing": 88.6, "branch_1_street": "ซอย 11", "branch_1_highway": "residential", "branch_2_neighbor": "3834869459", "branch_2_bearing": 178.4, "branch_2_street": "", "branch_2_highway": "residential", "branch_3_neighbor": "3834869464", "branch_3_bearing": 268.01, "branch_3_street": "ซอย 11", "branch_3_highway": "residential", "branch_4_neighbor": "3834869472", "branch_4_bearing": 356.88, "branch_4_street": "", "branch_4_highway": "residential" }, "geometry": { "type": "Point", "coordinates": [ 100.7195392, 13.8675305 ] } },
{ "type": "Feature", "properties": { "osm_node_id": "3834868734", "latitude": 13.8567096, "longitude": 100.7138658, "street_names": "", "highway_types": "residential", "in_degree": 3, "out_degree": 3, "fully_bidirectional": false, "traffic_signals": false, "junction": "", "minimum_branch_angle": 88.94, "maximum_branch_angle": 91.02, "cross_score": 0.9903, "likely_geometric_cross": true, "osm_url": "https://www.openstreetmap.org/node/3834868734", "branch_1_neighbor": "3834868741", "branch_1_bearing": 0.02, "branch_1_street": "", "branch_1_highway": "residential", "branch_2_neighbor": "3834868735", "branch_2_bearing": 90.75, "branch_2_street": "", "branch_2_highway": "residential", "branch_3_neighbor": "3834868731", "branch_3_bearing": 179.69, "branch_3_street": "", "branch_3_highway": "residential", "branch_4_neighbor": "8144523503", "branch_4_bearing": 270.71, "branch_4_street": "", "branch_4_highway": "residential" }, "geometry": { "type": "Point", "coordinates": [ 100.7138658, 13.8567096 ] } },
{ "type": "Feature", "properties": { "osm_node_id": "2562521997", "latitude": 13.8676695, "longitude": 100.7200939, "street_names": "เมืองประชา ซอย ๕๔; เมืองประชา ซอย ๕๕", "highway_types": "residential", "in_degree": 4, "out_degree": 4, "fully_bidirectional": true, "traffic_signals": false, "junction": "", "minimum_branch_angle": 88.87, "maximum_branch_angle": 91.61, "cross_score": 0.9902, "likely_geometric_cross": true, "osm_url": "https://www.openstreetmap.org/node/2562521997", "branch_1_neighbor": "2562521998", "branch_1_bearing": 87.97, "branch_1_street": "เมืองประชา ซอย ๕๔", "branch_1_highway": "residential", "branch_2_neighbor": "2562522000", "branch_2_bearing": 176.84, "branch_2_street": "", "branch_2_highway": "residential", "branch_3_neighbor": "2562521996", "branch_3_bearing": 267.0, "branch_3_street": "เมืองประชา ซอย ๕๕", "branch_3_highway": "residential", "branch_4_neighbor": "2562521994", "branch_4_bearing": 358.61, "branch_4_street": "", "branch_4_highway": "residential" }, "geometry": { "type": "Point", "coordinates": [ 100.7200939, 13.8676695 ] } },
{ "type": "Feature", "properties": { "osm_node_id": "3053324351", "latitude": 13.8695312, "longitude": 100.7437436, "street_names": "", "highway_types": "residential", "in_degree": 4, "out_degree": 4, "fully_bidirectional": true, "traffic_signals": false, "junction": "", "minimum_branch_angle": 88.23, "maximum_branch_angle": 91.18, "cross_score": 0.9902, "likely_geometric_cross": true, "osm_url": "https://www.openstreetmap.org/node/3053324351", "branch_1_neighbor": "3053324439", "branch_1_bearing": 84.3, "branch_1_street": "", "branch_1_highway": "residential", "branch_2_neighbor": "3053324341", "branch_2_bearing": 174.64, "branch_2_street": "", "branch_2_highway": "residential", "branch_3_neighbor": "3053324390", "branch_3_bearing": 265.82, "branch_3_street": "", "branch_3_highway": "residential", "branch_4_neighbor": "8185698787", "branch_4_bearing": 354.06, "branch_4_street": "", "branch_4_highway": "residential" }, "geometry": { "type": "Point", "coordinates": [ 100.7437436, 13.8695312 ] } },
{ "type": "Feature", "properties": { "osm_node_id": "3840011353", "latitude": 13.8498125, "longitude": 100.7133947, "street_names": "", "highway_types": "residential", "in_degree": 4, "out_degree": 4, "fully_bidirectional": true, "traffic_signals": false, "junction": "", "minimum_branch_angle": 88.84, "maximum_branch_angle": 91.14, "cross_score": 0.9902, "likely_geometric_cross": true, "osm_url": "https://www.openstreetmap.org/node/3840011353", "branch_1_neighbor": "3840011355", "branch_1_bearing": 86.8, "branch_1_street": "", "branch_1_highway": "residential", "branch_2_neighbor": "3840011343", "branch_2_bearing": 176.19, "branch_2_street": "", "branch_2_highway": "residential", "branch_3_neighbor": "3840011354", "branch_3_bearing": 267.33, "branch_3_street": "", "branch_3_highway": "residential", "branch_4_neighbor": "3840012462", "branch_4_bearing": 356.17, "branch_4_street": "", "branch_4_highway": "residential" }, "geometry": { "type": "Point", "coordinates": [ 100.7133947, 13.8498125 ] } },
{ "type": "Feature", "properties": { "osm_node_id": "3053324360", "latitude": 13.8731165, "longitude": 100.7434945, "street_names": "", "highway_types": "residential", "in_degree": 4, "out_degree": 4, "fully_bidirectional": true, "traffic_signals": false, "junction": "", "minimum_branch_angle": 88.97, "maximum_branch_angle": 91.35, "cross_score": 0.9901, "likely_geometric_cross": true, "osm_url": "https://www.openstreetmap.org/node/3053324360", "branch_1_neighbor": "3053324372", "branch_1_bearing": 85.79, "branch_1_street": "", "branch_1_highway": "residential", "branch_2_neighbor": "8162839773", "branch_2_bearing": 174.76, "branch_2_street": "", "branch_2_highway": "residential", "branch_3_neighbor": "3053322524", "branch_3_bearing": 265.2, "branch_3_street": "", "branch_3_highway": "residential", "branch_4_neighbor": "3053324377", "branch_4_bearing": 356.55, "branch_4_street": "", "branch_4_highway": "residential" }, "geometry": { "type": "Point", "coordinates": [ 100.7434945, 13.8731165 ] } },
{ "type": "Feature", "properties": { "osm_node_id": "3840100074", "latitude": 13.8565698, "longitude": 100.6824542, "street_names": "", "highway_types": "residential", "in_degree": 4, "out_degree": 4, "fully_bidirectional": true, "traffic_signals": false, "junction": "", "minimum_branch_angle": 88.94, "maximum_branch_angle": 91.5, "cross_score": 0.9901, "likely_geometric_cross": true, "osm_url": "https://www.openstreetmap.org/node/3840100074", "branch_1_neighbor": "3840100076", "branch_1_bearing": 76.37, "branch_1_street": "", "branch_1_highway": "residential", "branch_2_neighbor": "3840100066", "branch_2_bearing": 165.31, "branch_2_street": "", "branch_2_highway": "residential", "branch_3_neighbor": "3840100071", "branch_3_bearing": 255.59, "branch_3_street": "", "branch_3_highway": "residential", "branch_4_neighbor": "3840100083", "branch_4_bearing": 344.86, "branch_4_street": "", "branch_4_highway": "residential" }, "geometry": { "type": "Point", "coordinates": [ 100.6824542, 13.8565698 ] } },
{ "type": "Feature", "properties": { "osm_node_id": "3841546192", "latitude": 13.8424113, "longitude": 100.7060186, "street_names": "สุเหร่าคลองหนึ่ง ซอย 9; สุเหร่าคลองหนึ่ง ซอย 9 แยก 1; สุเหร่าคลองหนึ่ง ซอย 9 แยก 2", "highway_types": "residential", "in_degree": 4, "out_degree": 4, "fully_bidirectional": true, "traffic_signals": false, "junction": "", "minimum_branch_angle": 89.1, "maximum_branch_angle": 90.89, "cross_score": 0.9901, "likely_geometric_cross": true, "osm_url": "https://www.openstreetmap.org/node/3841546192", "branch_1_neighbor": "3841546196", "branch_1_bearing": 81.88, "branch_1_street": "สุเหร่าคลองหนึ่ง ซอย 9 แยก 2", "branch_1_highway": "residential", "branch_2_neighbor": "3841546187", "branch_2_bearing": 170.98, "branch_2_street": "สุเหร่าคลองหนึ่ง ซอย 9", "branch_2_highway": "residential", "branch_3_neighbor": "8295400125", "branch_3_bearing": 261.87, "branch_3_street": "สุเหร่าคลองหนึ่ง ซอย 9 แยก 1", "branch_3_highway": "residential", "branch_4_neighbor": "3841546197", "branch_4_bearing": 350.99, "branch_4_street": "สุเหร่าคลองหนึ่ง ซอย 9", "branch_4_highway": "residential" }, "geometry": { "type": "Point", "coordinates": [ 100.7060186, 13.8424113 ] } },
{ "type": "Feature", "properties": { "osm_node_id": "5880882708", "latitude": 13.8849464, "longitude": 100.7302929, "street_names": "", "highway_types": "residential", "in_degree": 4, "out_degree": 4, "fully_bidirectional": true, "traffic_signals": false, "junction": "", "minimum_branch_angle": 88.96, "maximum_branch_angle": 91.41, "cross_score": 0.9901, "likely_geometric_cross": true, "osm_url": "https://www.openstreetmap.org/node/5880882708", "branch_1_neighbor": "5880882726", "branch_1_bearing": 82.08, "branch_1_street": "", "branch_1_highway": "residential", "branch_2_neighbor": "5880882710", "branch_2_bearing": 172.45, "branch_2_street": "", "branch_2_highway": "residential", "branch_3_neighbor": "5880882724", "branch_3_bearing": 261.4, "branch_3_street": "", "branch_3_highway": "residential", "branch_4_neighbor": "5880882705", "branch_4_bearing": 352.82, "branch_4_street": "", "branch_4_highway": "residential" }, "geometry": { "type": "Point", "coordinates": [ 100.7302929, 13.8849464 ] } },
{ "type": "Feature", "properties": { "osm_node_id": "8424633791", "latitude": 13.8981626, "longitude": 100.7118097, "street_names": "", "highway_types": "residential", "in_degree": 4, "out_degree": 4, "fully_bidirectional": true, "traffic_signals": false, "junction": "", "minimum_branch_angle": 88.79, "maximum_branch_angle": 91.21, "cross_score": 0.9901, "likely_geometric_cross": true, "osm_url": "https://www.openstreetmap.org/node/8424633791", "branch_1_neighbor": "8424633790", "branch_1_bearing": 87.9, "branch_1_street": "", "branch_1_highway": "residential", "branch_2_neighbor": "8424633794", "branch_2_bearing": 176.69, "branch_2_street": "", "branch_2_highway": "residential", "branch_3_neighbor": "8424633792", "branch_3_bearing": 267.26, "branch_3_street": "", "branch_3_highway": "residential", "branch_4_neighbor": "8424633788", "branch_4_bearing": 356.69, "branch_4_street": "", "branch_4_highway": "residential" }, "geometry": { "type": "Point", "coordinates": [ 100.7118097, 13.8981626 ] } },
{ "type": "Feature", "properties": { "osm_node_id": "3053324333", "latitude": 13.8699616, "longitude": 100.7459069, "street_names": "", "highway_types": "residential", "in_degree": 4, "out_degree": 4, "fully_bidirectional": true, "traffic_signals": false, "junction": "", "minimum_branch_angle": 88.98, "maximum_branch_angle": 91.02, "cross_score": 0.99, "likely_geometric_cross": true, "osm_url": "https://www.openstreetmap.org/node/3053324333", "branch_1_neighbor": "3053324373", "branch_1_bearing": 85.7, "branch_1_street": "", "branch_1_highway": "residential", "branch_2_neighbor": "3053324414", "branch_2_bearing": 174.68, "branch_2_street": "", "branch_2_highway": "residential", "branch_3_neighbor": "3053324424", "branch_3_bearing": 265.47, "branch_3_street": "", "branch_3_highway": "residential", "branch_4_neighbor": "3053324428", "branch_4_bearing": 354.69, "branch_4_street": "", "branch_4_highway": "residential" }, "geometry": { "type": "Point", "coordinates": [ 100.7459069, 13.8699616 ] } },
{ "type": "Feature", "properties": { "osm_node_id": "3835124944", "latitude": 13.8629483, "longitude": 100.6882728, "street_names": "", "highway_types": "residential", "in_degree": 4, "out_degree": 4, "fully_bidirectional": true, "traffic_signals": false, "junction": "", "minimum_branch_angle": 88.42, "maximum_branch_angle": 91.26, "cross_score": 0.99, "likely_geometric_cross": true, "osm_url": "https://www.openstreetmap.org/node/3835124944", "branch_1_neighbor": "3835124952", "branch_1_bearing": 21.17, "branch_1_street": "", "branch_1_highway": "residential", "branch_2_neighbor": "3835124938", "branch_2_bearing": 111.7, "branch_2_street": "", "branch_2_highway": "residential", "branch_3_neighbor": "3835124933", "branch_3_bearing": 202.96, "branch_3_street": "", "branch_3_highway": "residential", "branch_4_neighbor": "3835124949", "branch_4_bearing": 291.38, "branch_4_street": "", "branch_4_highway": "residential" }, "geometry": { "type": "Point", "coordinates": [ 100.6882728, 13.8629483 ] } },
{ "type": "Feature", "properties": { "osm_node_id": "2562522000", "latitude": 13.8673016, "longitude": 100.7201148, "street_names": "เมืองประชา ซอย ๕๖; เมืองประชา ซอย ๕๗", "highway_types": "residential", "in_degree": 4, "out_degree": 4, "fully_bidirectional": true, "traffic_signals": false, "junction": "", "minimum_branch_angle": 88.27, "maximum_branch_angle": 91.17, "cross_score": 0.9899, "likely_geometric_cross": true, "osm_url": "https://www.openstreetmap.org/node/2562522000", "branch_1_neighbor": "2562522001", "branch_1_bearing": 88.02, "branch_1_street": "เมืองประชา ซอย ๕๖", "branch_1_highway": "residential", "branch_2_neighbor": "2562522003", "branch_2_bearing": 177.93, "branch_2_street": "", "branch_2_highway": "residential", "branch_3_neighbor": "2562521999", "branch_3_bearing": 268.58, "branch_3_street": "เมืองประชา ซอย ๕๗", "branch_3_highway": "residential", "branch_4_neighbor": "2562521997", "branch_4_bearing": 356.84, "branch_4_street": "", "branch_4_highway": "residential" }, "geometry": { "type": "Point", "coordinates": [ 100.7201148, 13.8673016 ] } },
{ "type": "Feature", "properties": { "osm_node_id": "3053347460", "latitude": 13.8656732, "longitude": 100.7118895, "street_names": "ชมนาด 3", "highway_types": "residential", "in_degree": 4, "out_degree": 4, "fully_bidirectional": true, "traffic_signals": false, "junction": "", "minimum_branch_angle": 89.08, "maximum_branch_angle": 90.91, "cross_score": 0.9899, "likely_geometric_cross": true, "osm_url": "https://www.openstreetmap.org/node/3053347460", "branch_1_neighbor": "3053347461", "branch_1_bearing": 88.66, "branch_1_street": "ชมนาด 3", "branch_1_highway": "residential", "branch_2_neighbor": "3053347436", "branch_2_bearing": 179.57, "branch_2_street": "", "branch_2_highway": "residential", "branch_3_neighbor": "3053347477", "branch_3_bearing": 268.65, "branch_3_street": "ชมนาด 3", "branch_3_highway": "residential", "branch_4_neighbor": "3053347086", "branch_4_bearing": 359.55, "branch_4_street": "", "branch_4_highway": "residential" }, "geometry": { "type": "Point", "coordinates": [ 100.7118895, 13.8656732 ] } },
{ "type": "Feature", "properties": { "osm_node_id": "3840099933", "latitude": 13.8504595, "longitude": 100.6860811, "street_names": "", "highway_types": "residential", "in_degree": 4, "out_degree": 4, "fully_bidirectional": true, "traffic_signals": false, "junction": "", "minimum_branch_angle": 88.56, "maximum_branch_angle": 91.43, "cross_score": 0.9899, "likely_geometric_cross": true, "osm_url": "https://www.openstreetmap.org/node/3840099933", "branch_1_neighbor": "3840099939", "branch_1_bearing": 6.06, "branch_1_street": "", "branch_1_highway": "residential", "branch_2_neighbor": "3840099932", "branch_2_bearing": 95.69, "branch_2_street": "", "branch_2_highway": "residential", "branch_3_neighbor": "3840099924", "branch_3_bearing": 186.07, "branch_3_street": "", "branch_3_highway": "residential", "branch_4_neighbor": "3840099934", "branch_4_bearing": 277.5, "branch_4_street": "", "branch_4_highway": "residential" }, "geometry": { "type": "Point", "coordinates": [ 100.6860811, 13.8504595 ] } },
{ "type": "Feature", "properties": { "osm_node_id": "8163776975", "latitude": 13.8294012, "longitude": 100.7486451, "street_names": "ซอย 25; ประชาชนร่วมใจ 7", "highway_types": "residential", "in_degree": 4, "out_degree": 4, "fully_bidirectional": true, "traffic_signals": false, "junction": "", "minimum_branch_angle": 88.93, "maximum_branch_angle": 91.05, "cross_score": 0.9899, "likely_geometric_cross": true, "osm_url": "https://www.openstreetmap.org/node/8163776975", "branch_1_neighbor": "8163776974", "branch_1_bearing": 55.2, "branch_1_street": "", "branch_1_highway": "residential", "branch_2_neighbor": "8178338326", "branch_2_bearing": 144.45, "branch_2_street": "ประชาชนร่วมใจ 7", "branch_2_highway": "residential", "branch_3_neighbor": "8178338324", "branch_3_bearing": 233.39, "branch_3_street": "ซอย 25", "branch_3_highway": "residential", "branch_4_neighbor": "8163776977", "branch_4_bearing": 324.44, "branch_4_street": "ประชาชนร่วมใจ 7", "branch_4_highway": "residential" }, "geometry": { "type": "Point", "coordinates": [ 100.7486451, 13.8294012 ] } },
{ "type": "Feature", "properties": { "osm_node_id": "3053347073", "latitude": 13.8683052, "longitude": 100.7136445, "street_names": "", "highway_types": "residential", "in_degree": 4, "out_degree": 4, "fully_bidirectional": true, "traffic_signals": false, "junction": "", "minimum_branch_angle": 88.67, "maximum_branch_angle": 91.37, "cross_score": 0.9898, "likely_geometric_cross": true, "osm_url": "https://www.openstreetmap.org/node/3053347073", "branch_1_neighbor": "3053347472", "branch_1_bearing": 89.19, "branch_1_street": "", "branch_1_highway": "residential", "branch_2_neighbor": "3053347060", "branch_2_bearing": 177.86, "branch_2_street": "", "branch_2_highway": "residential", "branch_3_neighbor": "3053347078", "branch_3_bearing": 269.24, "branch_3_street": "", "branch_3_highway": "residential", "branch_4_neighbor": "3053347437", "branch_4_bearing": 358.73, "branch_4_street": "", "branch_4_highway": "residential" }, "geometry": { "type": "Point", "coordinates": [ 100.7136445, 13.8683052 ] } },
{ "type": "Feature", "properties": { "osm_node_id": "3840099948", "latitude": 13.8511914, "longitude": 100.6861612, "street_names": "", "highway_types": "residential", "in_degree": 4, "out_degree": 4, "fully_bidirectional": true, "traffic_signals": false, "junction": "", "minimum_branch_angle": 88.73, "maximum_branch_angle": 91.27, "cross_score": 0.9898, "likely_geometric_cross": true, "osm_url": "https://www.openstreetmap.org/node/3840099948", "branch_1_neighbor": "3840099954", "branch_1_bearing": 6.07, "branch_1_street": "", "branch_1_highway": "residential", "branch_2_neighbor": "3840099947", "branch_2_bearing": 95.5, "branch_2_street": "", "branch_2_highway": "residential", "branch_3_neighbor": "3840099939", "branch_3_bearing": 186.07, "branch_3_street": "", "branch_3_highway": "residential", "branch_4_neighbor": "3840099949", "branch_4_bearing": 277.34, "branch_4_street": "", "branch_4_highway": "residential" }, "geometry": { "type": "Point", "coordinates": [ 100.6861612, 13.8511914 ] } },
{ "type": "Feature", "properties": { "osm_node_id": "3053310379", "latitude": 13.8971563, "longitude": 100.7188362, "street_names": "", "highway_types": "residential", "in_degree": 4, "out_degree": 4, "fully_bidirectional": true, "traffic_signals": false, "junction": "", "minimum_branch_angle": 88.83, "maximum_branch_angle": 91.18, "cross_score": 0.9897, "likely_geometric_cross": true, "osm_url": "https://www.openstreetmap.org/node/3053310379", "branch_1_neighbor": "3053310338", "branch_1_bearing": 86.16, "branch_1_street": "", "branch_1_highway": "residential", "branch_2_neighbor": "3053310343", "branch_2_bearing": 176.84, "branch_2_street": "", "branch_2_highway": "residential", "branch_3_neighbor": "3053310376", "branch_3_bearing": 265.68, "branch_3_street": "", "branch_3_highway": "residential", "branch_4_neighbor": "3053310356", "branch_4_bearing": 356.86, "branch_4_street": "", "branch_4_highway": "residential" }, "geometry": { "type": "Point", "coordinates": [ 100.7188362, 13.8971563 ] } },
{ "type": "Feature", "properties": { "osm_node_id": "3053324426", "latitude": 13.8647508, "longitude": 100.7444878, "street_names": "", "highway_types": "residential", "in_degree": 4, "out_degree": 4, "fully_bidirectional": true, "traffic_signals": false, "junction": "", "minimum_branch_angle": 88.23, "maximum_branch_angle": 91.76, "cross_score": 0.9897, "likely_geometric_cross": true, "osm_url": "https://www.openstreetmap.org/node/3053324426", "branch_1_neighbor": "3053324423", "branch_1_bearing": 84.95, "branch_1_street": "", "branch_1_highway": "residential", "branch_2_neighbor": "3053324469", "branch_2_bearing": 176.71, "branch_2_street": "", "branch_2_highway": "residential", "branch_3_neighbor": "3053324418", "branch_3_bearing": 266.81, "branch_3_street": "", "branch_3_highway": "residential", "branch_4_neighbor": "3053324444", "branch_4_bearing": 356.72, "branch_4_street": "", "branch_4_highway": "residential" }, "geometry": { "type": "Point", "coordinates": [ 100.7444878, 13.8647508 ] } },
{ "type": "Feature", "properties": { "osm_node_id": "3053324444", "latitude": 13.8651849, "longitude": 100.7444622, "street_names": "", "highway_types": "residential", "in_degree": 4, "out_degree": 4, "fully_bidirectional": true, "traffic_signals": false, "junction": "", "minimum_branch_angle": 88.56, "maximum_branch_angle": 91.46, "cross_score": 0.9897, "likely_geometric_cross": true, "osm_url": "https://www.openstreetmap.org/node/3053324444", "branch_1_neighbor": "3053324376", "branch_1_bearing": 85.26, "branch_1_street": "", "branch_1_highway": "residential", "branch_2_neighbor": "3053324426", "branch_2_bearing": 176.72, "branch_2_street": "", "branch_2_highway": "residential", "branch_3_neighbor": "3053324459", "branch_3_bearing": 267.12, "branch_3_street": "", "branch_3_highway": "residential", "branch_4_neighbor": "3053324357", "branch_4_bearing": 356.7, "branch_4_street": "", "branch_4_highway": "residential" }, "geometry": { "type": "Point", "coordinates": [ 100.7444622, 13.8651849 ] } },
{ "type": "Feature", "properties": { "osm_node_id": "3840087218", "latitude": 13.8552106, "longitude": 100.6954037, "street_names": "", "highway_types": "residential", "in_degree": 4, "out_degree": 4, "fully_bidirectional": true, "traffic_signals": false, "junction": "", "minimum_branch_angle": 88.74, "maximum_branch_angle": 91.26, "cross_score": 0.9896, "likely_geometric_cross": true, "osm_url": "https://www.openstreetmap.org/node/3840087218", "branch_1_neighbor": "3840087217", "branch_1_bearing": 90.47, "branch_1_street": "", "branch_1_highway": "residential", "branch_2_neighbor": "3840087206", "branch_2_bearing": 179.86, "branch_2_street": "", "branch_2_highway": "residential", "branch_3_neighbor": "3840087216", "branch_3_bearing": 268.6, "branch_3_street": "", "branch_3_highway": "residential", "branch_4_neighbor": "3840087235", "branch_4_bearing": 359.86, "branch_4_street": "", "branch_4_highway": "residential" }, "geometry": { "type": "Point", "coordinates": [ 100.6954037, 13.8552106 ] } },
{ "type": "Feature", "properties": { "osm_node_id": "2562521991", "latitude": 13.8683879, "longitude": 100.7200813, "street_names": "เมืองประชา ซอย ๕๐; เมืองประชา ซอย ๕๑", "highway_types": "residential", "in_degree": 4, "out_degree": 4, "fully_bidirectional": true, "traffic_signals": false, "junction": "", "minimum_branch_angle": 89.03, "maximum_branch_angle": 91.34, "cross_score": 0.9895, "likely_geometric_cross": true, "osm_url": "https://www.openstreetmap.org/node/2562521991", "branch_1_neighbor": "2562521992", "branch_1_bearing": 88.1, "branch_1_street": "เมืองประชา ซอย ๕๐", "branch_1_highway": "residential", "branch_2_neighbor": "2562521994", "branch_2_bearing": 179.44, "branch_2_street": "", "branch_2_highway": "residential", "branch_3_neighbor": "2562521990", "branch_3_bearing": 268.47, "branch_3_street": "เมืองประชา ซอย ๕๑", "branch_3_highway": "residential", "branch_4_neighbor": "2562521988", "branch_4_bearing": 357.55, "branch_4_street": "", "branch_4_highway": "residential" }, "geometry": { "type": "Point", "coordinates": [ 100.7200813, 13.8683879 ] } },
{ "type": "Feature", "properties": { "osm_node_id": "3053310363", "latitude": 13.9008531, "longitude": 100.7186262, "street_names": "", "highway_types": "residential", "in_degree": 4, "out_degree": 4, "fully_bidirectional": true, "traffic_signals": false, "junction": "", "minimum_branch_angle": 89.03, "maximum_branch_angle": 90.96, "cross_score": 0.9895, "likely_geometric_cross": true, "osm_url": "https://www.openstreetmap.org/node/3053310363", "branch_1_neighbor": "3053310334", "branch_1_bearing": 85.91, "branch_1_street": "", "branch_1_highway": "residential", "branch_2_neighbor": "3053310373", "branch_2_bearing": 176.84, "branch_2_street": "", "branch_2_highway": "residential", "branch_3_neighbor": "3053310346", "branch_3_bearing": 265.87, "branch_3_street": "", "branch_3_highway": "residential", "branch_4_neighbor": "3053310335", "branch_4_bearing": 356.83, "branch_4_street": "", "branch_4_highway": "residential" }, "geometry": { "type": "Point", "coordinates": [ 100.7186262, 13.9008531 ] } },
{ "type": "Feature", "properties": { "osm_node_id": "3053324357", "latitude": 13.865628, "longitude": 100.7444359, "street_names": "", "highway_types": "residential", "in_degree": 4, "out_degree": 4, "fully_bidirectional": true, "traffic_signals": false, "junction": "", "minimum_branch_angle": 88.1, "maximum_branch_angle": 91.5, "cross_score": 0.9895, "likely_geometric_cross": true, "osm_url": "https://www.openstreetmap.org/node/3053324357", "branch_1_neighbor": "3053324347", "branch_1_bearing": 85.2, "branch_1_street": "", "branch_1_highway": "residential", "branch_2_neighbor": "3053324444", "branch_2_bearing": 176.7, "branch_2_street": "", "branch_2_highway": "residential", "branch_3_neighbor": "3053324387", "branch_3_bearing": 267.08, "branch_3_street": "", "branch_3_highway": "residential", "branch_4_neighbor": "8177832445", "branch_4_bearing": 357.1, "branch_4_street": "", "branch_4_highway": "residential" }, "geometry": { "type": "Point", "coordinates": [ 100.7444359, 13.865628 ] } },
{ "type": "Feature", "properties": { "osm_node_id": "3834869450", "latitude": 13.8665387, "longitude": 100.7195685, "street_names": "ซอย 8", "highway_types": "residential", "in_degree": 3, "out_degree": 3, "fully_bidirectional": false, "traffic_signals": false, "junction": "", "minimum_branch_angle": 88.53, "maximum_branch_angle": 91.89, "cross_score": 0.9895, "likely_geometric_cross": true, "osm_url": "https://www.openstreetmap.org/node/3834869450", "branch_1_neighbor": "8061345577", "branch_1_bearing": 86.53, "branch_1_street": "ซอย 8", "branch_1_highway": "residential", "branch_2_neighbor": "3834869443", "branch_2_bearing": 178.42, "branch_2_street": "", "branch_2_highway": "residential", "branch_3_neighbor": "3834869448", "branch_3_bearing": 268.0, "branch_3_street": "ซอย 8", "branch_3_highway": "residential", "branch_4_neighbor": "3834869455", "branch_4_bearing": 358.0, "branch_4_street": "", "branch_4_highway": "residential" }, "geometry": { "type": "Point", "coordinates": [ 100.7195685, 13.8665387 ] } },
{ "type": "Feature", "properties": { "osm_node_id": "3835124883", "latitude": 13.8609736, "longitude": 100.6872448, "street_names": "", "highway_types": "residential", "in_degree": 4, "out_degree": 4, "fully_bidirectional": true, "traffic_signals": false, "junction": "", "minimum_branch_angle": 88.56, "maximum_branch_angle": 91.4, "cross_score": 0.9895, "likely_geometric_cross": true, "osm_url": "https://www.openstreetmap.org/node/3835124883", "branch_1_neighbor": "3835124890", "branch_1_bearing": 23.12, "branch_1_street": "", "branch_1_highway": "residential", "branch_2_neighbor": "3835124881", "branch_2_bearing": 111.68, "branch_2_street": "", "branch_2_highway": "residential", "branch_3_neighbor": "3835124879", "branch_3_bearing": 201.22, "branch_3_street": "", "branch_3_highway": "residential", "branch_4_neighbor": "3835124891", "branch_4_bearing": 292.62, "branch_4_street": "", "branch_4_highway": "residential" }, "geometry": { "type": "Point", "coordinates": [ 100.6872448, 13.8609736 ] } },
{ "type": "Feature", "properties": { "osm_node_id": "3840087401", "latitude": 13.8572605, "longitude": 100.6967475, "street_names": "", "highway_types": "residential", "in_degree": 4, "out_degree": 4, "fully_bidirectional": true, "traffic_signals": false, "junction": "", "minimum_branch_angle": 88.19, "maximum_branch_angle": 91.25, "cross_score": 0.9895, "likely_geometric_cross": true, "osm_url": "https://www.openstreetmap.org/node/3840087401", "branch_1_neighbor": "3840087400", "branch_1_bearing": 90.64, "branch_1_street": "", "branch_1_highway": "residential", "branch_2_neighbor": "3840087387", "branch_2_bearing": 180.55, "branch_2_street": "", "branch_2_highway": "residential", "branch_3_neighbor": "3840087399", "branch_3_bearing": 268.74, "branch_3_street": "", "branch_3_highway": "residential", "branch_4_neighbor": "3840087412", "branch_4_bearing": 359.39, "branch_4_street": "", "branch_4_highway": "residential" }, "geometry": { "type": "Point", "coordinates": [ 100.6967475, 13.8572605 ] } },
{ "type": "Feature", "properties": { "osm_node_id": "3841470040", "latitude": 13.8487595, "longitude": 100.7278017, "street_names": "", "highway_types": "residential", "in_degree": 4, "out_degree": 4, "fully_bidirectional": true, "traffic_signals": false, "junction": "", "minimum_branch_angle": 88.79, "maximum_branch_angle": 91.21, "cross_score": 0.9895, "likely_geometric_cross": true, "osm_url": "https://www.openstreetmap.org/node/3841470040", "branch_1_neighbor": "3841470043", "branch_1_bearing": 82.02, "branch_1_street": "", "branch_1_highway": "residential", "branch_2_neighbor": "3841470037", "branch_2_bearing": 171.35, "branch_2_street": "", "branch_2_highway": "residential", "branch_3_neighbor": "3841470039", "branch_3_bearing": 260.14, "branch_3_street": "", "branch_3_highway": "residential", "branch_4_neighbor": "3841470047", "branch_4_bearing": 351.35, "branch_4_street": "", "branch_4_highway": "residential" }, "geometry": { "type": "Point", "coordinates": [ 100.7278017, 13.8487595 ] } },
{ "type": "Feature", "properties": { "osm_node_id": "3841547699", "latitude": 13.8484461, "longitude": 100.7025201, "street_names": "", "highway_types": "residential", "in_degree": 4, "out_degree": 4, "fully_bidirectional": true, "traffic_signals": false, "junction": "", "minimum_branch_angle": 88.93, "maximum_branch_angle": 91.07, "cross_score": 0.9895, "likely_geometric_cross": true, "osm_url": "https://www.openstreetmap.org/node/3841547699", "branch_1_neighbor": "3841547700", "branch_1_bearing": 89.31, "branch_1_street": "", "branch_1_highway": "residential", "branch_2_neighbor": "3841547690", "branch_2_bearing": 178.24, "branch_2_street": "", "branch_2_highway": "residential", "branch_3_neighbor": "3841547695", "branch_3_bearing": 267.42, "branch_3_street": "", "branch_3_highway": "residential", "branch_4_neighbor": "3841547717", "branch_4_bearing": 358.24, "branch_4_street": "", "branch_4_highway": "residential" }, "geometry": { "type": "Point", "coordinates": [ 100.7025201, 13.8484461 ] } },
{ "type": "Feature", "properties": { "osm_node_id": "3840059000", "latitude": 13.8558838, "longitude": 100.7026774, "street_names": "", "highway_types": "residential", "in_degree": 4, "out_degree": 4, "fully_bidirectional": true, "traffic_signals": false, "junction": "", "minimum_branch_angle": 88.97, "maximum_branch_angle": 91.9, "cross_score": 0.9894, "likely_geometric_cross": true, "osm_url": "https://www.openstreetmap.org/node/3840059000", "branch_1_neighbor": "3840059010", "branch_1_bearing": 0.17, "branch_1_street": "", "branch_1_highway": "residential", "branch_2_neighbor": "3840059001", "branch_2_bearing": 89.46, "branch_2_street": "", "branch_2_highway": "residential", "branch_3_neighbor": "3840058992", "branch_3_bearing": 179.3, "branch_3_street": "", "branch_3_highway": "residential", "branch_4_neighbor": "3840058999", "branch_4_bearing": 268.27, "branch_4_street": "", "branch_4_highway": "residential" }, "geometry": { "type": "Point", "coordinates": [ 100.7026774, 13.8558838 ] } },
{ "type": "Feature", "properties": { "osm_node_id": "8233827902", "latitude": 13.8361699, "longitude": 100.7074582, "street_names": "", "highway_types": "residential", "in_degree": 4, "out_degree": 4, "fully_bidirectional": true, "traffic_signals": false, "junction": "", "minimum_branch_angle": 88.33, "maximum_branch_angle": 91.66, "cross_score": 0.9894, "likely_geometric_cross": true, "osm_url": "https://www.openstreetmap.org/node/8233827902", "branch_1_neighbor": "8140757434", "branch_1_bearing": 81.59, "branch_1_street": "", "branch_1_highway": "residential", "branch_2_neighbor": "8233827901", "branch_2_bearing": 173.26, "branch_2_street": "", "branch_2_highway": "residential", "branch_3_neighbor": "8140757428", "branch_3_bearing": 261.59, "branch_3_street": "", "branch_3_highway": "residential", "branch_4_neighbor": "8233827903", "branch_4_bearing": 351.36, "branch_4_street": "", "branch_4_highway": "residential" }, "geometry": { "type": "Point", "coordinates": [ 100.7074582, 13.8361699 ] } },
{ "type": "Feature", "properties": { "osm_node_id": "10255219351", "latitude": 13.9008835, "longitude": 100.7167931, "street_names": "", "highway_types": "residential", "in_degree": 4, "out_degree": 4, "fully_bidirectional": true, "traffic_signals": false, "junction": "", "minimum_branch_angle": 88.85, "maximum_branch_angle": 91.92, "cross_score": 0.9893, "likely_geometric_cross": true, "osm_url": "https://www.openstreetmap.org/node/10255219351", "branch_1_neighbor": "10255219350", "branch_1_bearing": 87.33, "branch_1_street": "", "branch_1_highway": "residential", "branch_2_neighbor": "13072213726", "branch_2_bearing": 176.18, "branch_2_street": "", "branch_2_highway": "residential", "branch_3_neighbor": "10255219352", "branch_3_bearing": 265.5, "branch_3_street": "", "branch_3_highway": "residential", "branch_4_neighbor": "8323506113", "branch_4_bearing": 357.42, "branch_4_street": "", "branch_4_highway": "residential" }, "geometry": { "type": "Point", "coordinates": [ 100.7167931, 13.9008835 ] } },
{ "type": "Feature", "properties": { "osm_node_id": "3841601573", "latitude": 13.8489479, "longitude": 100.6859069, "street_names": "", "highway_types": "residential", "in_degree": 4, "out_degree": 4, "fully_bidirectional": true, "traffic_signals": false, "junction": "", "minimum_branch_angle": 89.03, "maximum_branch_angle": 91.86, "cross_score": 0.9893, "likely_geometric_cross": true, "osm_url": "https://www.openstreetmap.org/node/3841601573", "branch_1_neighbor": "3840099909", "branch_1_bearing": 5.0, "branch_1_street": "", "branch_1_highway": "residential", "branch_2_neighbor": "3841601569", "branch_2_bearing": 95.06, "branch_2_street": "", "branch_2_highway": "residential", "branch_3_neighbor": "3840099905", "branch_3_bearing": 186.92, "branch_3_street": "", "branch_3_highway": "residential", "branch_4_neighbor": "3841601574", "branch_4_bearing": 275.95, "branch_4_street": "", "branch_4_highway": "residential" }, "geometry": { "type": "Point", "coordinates": [ 100.6859069, 13.8489479 ] } },
{ "type": "Feature", "properties": { "osm_node_id": "8211708100", "latitude": 13.8276855, "longitude": 100.7498968, "street_names": "ประชาชนร่วมใจ 7", "highway_types": "residential", "in_degree": 4, "out_degree": 4, "fully_bidirectional": true, "traffic_signals": false, "junction": "", "minimum_branch_angle": 88.27, "maximum_branch_angle": 91.74, "cross_score": 0.9893, "likely_geometric_cross": true, "osm_url": "https://www.openstreetmap.org/node/8211708100", "branch_1_neighbor": "8211708099", "branch_1_bearing": 56.72, "branch_1_street": "", "branch_1_highway": "residential", "branch_2_neighbor": "5883467506", "branch_2_bearing": 144.99, "branch_2_street": "ประชาชนร่วมใจ 7", "branch_2_highway": "residential", "branch_3_neighbor": "8211708101", "branch_3_bearing": 235.18, "branch_3_street": "", "branch_3_highway": "residential", "branch_4_neighbor": "3843843384", "branch_4_bearing": 324.98, "branch_4_street": "ประชาชนร่วมใจ 7", "branch_4_highway": "residential" }, "geometry": { "type": "Point", "coordinates": [ 100.7498968, 13.8276855 ] } },
{ "type": "Feature", "properties": { "osm_node_id": "3840087198", "latitude": 13.8545811, "longitude": 100.6967539, "street_names": "", "highway_types": "residential", "in_degree": 4, "out_degree": 4, "fully_bidirectional": true, "traffic_signals": false, "junction": "", "minimum_branch_angle": 88.47, "maximum_branch_angle": 91.54, "cross_score": 0.9892, "likely_geometric_cross": true, "osm_url": "https://www.openstreetmap.org/node/3840087198", "branch_1_neighbor": "3840087197", "branch_1_bearing": 90.02, "branch_1_street": "", "branch_1_highway": "residential", "branch_2_neighbor": "3840087188", "branch_2_bearing": 179.61, "branch_2_street": "", "branch_2_highway": "residential", "branch_3_neighbor": "3840087196", "branch_3_bearing": 268.08, "branch_3_street": "", "branch_3_highway": "residential", "branch_4_neighbor": "3840087208", "branch_4_bearing": 359.62, "branch_4_street": "", "branch_4_highway": "residential" }, "geometry": { "type": "Point", "coordinates": [ 100.6967539, 13.8545811 ] } },
{ "type": "Feature", "properties": { "osm_node_id": "3840058977", "latitude": 13.854864, "longitude": 100.7026852, "street_names": "", "highway_types": "residential", "in_degree": 4, "out_degree": 4, "fully_bidirectional": true, "traffic_signals": false, "junction": "", "minimum_branch_angle": 88.03, "maximum_branch_angle": 90.81, "cross_score": 0.9891, "likely_geometric_cross": true, "osm_url": "https://www.openstreetmap.org/node/3840058977", "branch_1_neighbor": "3840058978", "branch_1_bearing": 89.72, "branch_1_street": "", "branch_1_highway": "residential", "branch_2_neighbor": "3840058962", "branch_2_bearing": 180.53, "branch_2_street": "", "branch_2_highway": "residential", "branch_3_neighbor": "3840058976", "branch_3_bearing": 268.56, "branch_3_street": "", "branch_3_highway": "residential", "branch_4_neighbor": "3840058983", "branch_4_bearing": 359.27, "branch_4_street": "", "branch_4_highway": "residential" }, "geometry": { "type": "Point", "coordinates": [ 100.7026852, 13.854864 ] } },
{ "type": "Feature", "properties": { "osm_node_id": "6521856578", "latitude": 13.8524556, "longitude": 100.7167929, "street_names": "", "highway_types": "residential", "in_degree": 4, "out_degree": 4, "fully_bidirectional": true, "traffic_signals": false, "junction": "", "minimum_branch_angle": 88.56, "maximum_branch_angle": 91.46, "cross_score": 0.9891, "likely_geometric_cross": true, "osm_url": "https://www.openstreetmap.org/node/6521856578", "branch_1_neighbor": "6521878787", "branch_1_bearing": 86.54, "branch_1_street": "", "branch_1_highway": "residential", "branch_2_neighbor": "6521881705", "branch_2_bearing": 178.0, "branch_2_street": "", "branch_2_highway": "residential", "branch_3_neighbor": "6521856579", "branch_3_bearing": 267.47, "branch_3_street": "", "branch_3_highway": "residential", "branch_4_neighbor": "6521881707", "branch_4_bearing": 357.98, "branch_4_street": "", "branch_4_highway": "residential" }, "geometry": { "type": "Point", "coordinates": [ 100.7167929, 13.8524556 ] } },
{ "type": "Feature", "properties": { "osm_node_id": "6521872183", "latitude": 13.8549866, "longitude": 100.7129004, "street_names": "", "highway_types": "residential", "in_degree": 4, "out_degree": 4, "fully_bidirectional": true, "traffic_signals": false, "junction": "", "minimum_branch_angle": 89.0, "maximum_branch_angle": 90.98, "cross_score": 0.9891, "likely_geometric_cross": true, "osm_url": "https://www.openstreetmap.org/node/6521872183", "branch_1_neighbor": "6521872182", "branch_1_bearing": 88.11, "branch_1_street": "", "branch_1_highway": "residential", "branch_2_neighbor": "6521872180", "branch_2_bearing": 179.09, "branch_2_street": "", "branch_2_highway": "residential", "branch_3_neighbor": "6521872181", "branch_3_bearing": 268.13, "branch_3_street": "", "branch_3_highway": "residential", "branch_4_neighbor": "6117202206", "branch_4_bearing": 359.11, "branch_4_street": "", "branch_4_highway": "residential" }, "geometry": { "type": "Point", "coordinates": [ 100.7129004, 13.8549866 ] } },
{ "type": "Feature", "properties": { "osm_node_id": "3053324433", "latitude": 13.8860863, "longitude": 100.7221994, "street_names": "ถนนหทัยราษฎร์", "highway_types": "residential; secondary", "in_degree": 4, "out_degree": 4, "fully_bidirectional": true, "traffic_signals": false, "junction": "", "minimum_branch_angle": 88.26, "maximum_branch_angle": 91.45, "cross_score": 0.989, "likely_geometric_cross": true, "osm_url": "https://www.openstreetmap.org/node/3053324433", "branch_1_neighbor": "3053324448", "branch_1_bearing": 87.82, "branch_1_street": "", "branch_1_highway": "residential", "branch_2_neighbor": "6124182917", "branch_2_bearing": 178.36, "branch_2_street": "ถนนหทัยราษฎร์", "branch_2_highway": "secondary", "branch_3_neighbor": "8073679424", "branch_3_bearing": 268.11, "branch_3_street": "", "branch_3_highway": "residential", "branch_4_neighbor": "5941639349", "branch_4_bearing": 359.56, "branch_4_street": "ถนนหทัยราษฎร์", "branch_4_highway": "secondary" }, "geometry": { "type": "Point", "coordinates": [ 100.7221994, 13.8860863 ] } },
{ "type": "Feature", "properties": { "osm_node_id": "3841863942", "latitude": 13.8347504, "longitude": 100.7313137, "street_names": "ซอยนิมิตใหม่ 9", "highway_types": "residential", "in_degree": 4, "out_degree": 4, "fully_bidirectional": true, "traffic_signals": false, "junction": "", "minimum_branch_angle": 89.01, "maximum_branch_angle": 90.99, "cross_score": 0.989, "likely_geometric_cross": true, "osm_url": "https://www.openstreetmap.org/node/3841863942", "branch_1_neighbor": "3841863944", "branch_1_bearing": 70.08, "branch_1_street": "ซอยนิมิตใหม่ 9", "branch_1_highway": "residential", "branch_2_neighbor": "3841863934", "branch_2_bearing": 159.09, "branch_2_street": "", "branch_2_highway": "residential", "branch_3_neighbor": "3841863939", "branch_3_bearing": 250.08, "branch_3_street": "ซอยนิมิตใหม่ 9", "branch_3_highway": "residential", "branch_4_neighbor": "3841863949", "branch_4_bearing": 339.09, "branch_4_street": "", "branch_4_highway": "residential" }, "geometry": { "type": "Point", "coordinates": [ 100.7313137, 13.8347504 ] } },
{ "type": "Feature", "properties": { "osm_node_id": "5941639258", "latitude": 13.8925541, "longitude": 100.7190224, "street_names": "", "highway_types": "residential", "in_degree": 4, "out_degree": 4, "fully_bidirectional": true, "traffic_signals": false, "junction": "", "minimum_branch_angle": 88.89, "maximum_branch_angle": 91.12, "cross_score": 0.989, "likely_geometric_cross": true, "osm_url": "https://www.openstreetmap.org/node/5941639258", "branch_1_neighbor": "5941639259", "branch_1_bearing": 89.04, "branch_1_street": "", "branch_1_highway": "residential", "branch_2_neighbor": "5941639255", "branch_2_bearing": 179.89, "branch_2_street": "", "branch_2_highway": "residential", "branch_3_neighbor": "5941639257", "branch_3_bearing": 271.01, "branch_3_street": "", "branch_3_highway": "residential", "branch_4_neighbor": "5941639263", "branch_4_bearing": 359.9, "branch_4_street": "", "branch_4_highway": "residential" }, "geometry": { "type": "Point", "coordinates": [ 100.7190224, 13.8925541 ] } },
{ "type": "Feature", "properties": { "osm_node_id": "2373578039", "latitude": 13.8939668, "longitude": 100.7610047, "street_names": "เคซีการ์เด้นโฮม 7", "highway_types": "residential", "in_degree": 4, "out_degree": 4, "fully_bidirectional": true, "traffic_signals": false, "junction": "", "minimum_branch_angle": 88.0, "maximum_branch_angle": 90.89, "cross_score": 0.9889, "likely_geometric_cross": true, "osm_url": "https://www.openstreetmap.org/node/2373578039", "branch_1_neighbor": "2373578040", "branch_1_bearing": 79.48, "branch_1_street": "เคซีการ์เด้นโฮม 7", "branch_1_highway": "residential", "branch_2_neighbor": "2373578034", "branch_2_bearing": 167.48, "branch_2_street": "เคซีการ์เด้นโฮม 7", "branch_2_highway": "residential", "branch_3_neighbor": "2373578038", "branch_3_bearing": 258.12, "branch_3_street": "เคซีการ์เด้นโฮม 7", "branch_3_highway": "residential", "branch_4_neighbor": "5877714059", "branch_4_bearing": 348.59, "branch_4_street": "เคซีการ์เด้นโฮม 7", "branch_4_highway": "residential" }, "geometry": { "type": "Point", "coordinates": [ 100.7610047, 13.8939668 ] } },
{ "type": "Feature", "properties": { "osm_node_id": "3053324355", "latitude": 13.8663833, "longitude": 100.7372241, "street_names": "", "highway_types": "residential", "in_degree": 4, "out_degree": 4, "fully_bidirectional": true, "traffic_signals": false, "junction": "", "minimum_branch_angle": 88.37, "maximum_branch_angle": 91.04, "cross_score": 0.9889, "likely_geometric_cross": true, "osm_url": "https://www.openstreetmap.org/node/3053324355", "branch_1_neighbor": "3053324411", "branch_1_bearing": 89.75, "branch_1_street": "", "branch_1_highway": "residential", "branch_2_neighbor": "3053324440", "branch_2_bearing": 178.13, "branch_2_street": "", "branch_2_highway": "residential", "branch_3_neighbor": "3053324449", "branch_3_bearing": 269.17, "branch_3_street": "", "branch_3_highway": "residential", "branch_4_neighbor": "3053324401", "branch_4_bearing": 358.8, "branch_4_street": "", "branch_4_highway": "residential" }, "geometry": { "type": "Point", "coordinates": [ 100.7372241, 13.8663833 ] } },
{ "type": "Feature", "properties": { "osm_node_id": "4688951083", "latitude": 13.9020651, "longitude": 100.7098424, "street_names": "", "highway_types": "residential", "in_degree": 4, "out_degree": 4, "fully_bidirectional": true, "traffic_signals": false, "junction": "", "minimum_branch_angle": 88.87, "maximum_branch_angle": 91.12, "cross_score": 0.9889, "likely_geometric_cross": true, "osm_url": "https://www.openstreetmap.org/node/4688951083", "branch_1_neighbor": "4688951084", "branch_1_bearing": 79.89, "branch_1_street": "", "branch_1_highway": "residential", "branch_2_neighbor": "4688954690", "branch_2_bearing": 170.75, "branch_2_street": "", "branch_2_highway": "residential", "branch_3_neighbor": "5935976428", "branch_3_bearing": 259.62, "branch_3_street": "", "branch_3_highway": "residential", "branch_4_neighbor": "4688953682", "branch_4_bearing": 350.74, "branch_4_street": "", "branch_4_highway": "residential" }, "geometry": { "type": "Point", "coordinates": [ 100.7098424, 13.9020651 ] } },
{ "type": "Feature", "properties": { "osm_node_id": "6124129504", "latitude": 13.83817, "longitude": 100.7026721, "street_names": "", "highway_types": "residential", "in_degree": 4, "out_degree": 4, "fully_bidirectional": true, "traffic_signals": false, "junction": "", "minimum_branch_angle": 88.9, "maximum_branch_angle": 91.29, "cross_score": 0.9889, "likely_geometric_cross": true, "osm_url": "https://www.openstreetmap.org/node/6124129504", "branch_1_neighbor": "6124129517", "branch_1_bearing": 53.72, "branch_1_street": "", "branch_1_highway": "residential", "branch_2_neighbor": "6124129508", "branch_2_bearing": 144.43, "branch_2_street": "", "branch_2_highway": "residential", "branch_3_neighbor": "6124129509", "branch_3_bearing": 233.52, "branch_3_street": "", "branch_3_highway": "residential", "branch_4_neighbor": "6124129505", "branch_4_bearing": 322.42, "branch_4_street": "", "branch_4_highway": "residential" }, "geometry": { "type": "Point", "coordinates": [ 100.7026721, 13.83817 ] } },
{ "type": "Feature", "properties": { "osm_node_id": "3835124935", "latitude": 13.8627414, "longitude": 100.6870832, "street_names": "", "highway_types": "residential", "in_degree": 4, "out_degree": 4, "fully_bidirectional": true, "traffic_signals": false, "junction": "", "minimum_branch_angle": 87.99, "maximum_branch_angle": 91.53, "cross_score": 0.9888, "likely_geometric_cross": true, "osm_url": "https://www.openstreetmap.org/node/3835124935", "branch_1_neighbor": "3835124947", "branch_1_bearing": 20.54, "branch_1_street": "", "branch_1_highway": "residential", "branch_2_neighbor": "3835124922", "branch_2_bearing": 112.06, "branch_2_street": "", "branch_2_highway": "residential", "branch_3_neighbor": "3835124925", "branch_3_bearing": 202.21, "branch_3_street": "", "branch_3_highway": "residential", "branch_4_neighbor": "8011646066", "branch_4_bearing": 290.2, "branch_4_street": "", "branch_4_highway": "residential" }, "geometry": { "type": "Point", "coordinates": [ 100.6870832, 13.8627414 ] } },
{ "type": "Feature", "properties": { "osm_node_id": "5883669298", "latitude": 13.8345323, "longitude": 100.7418694, "street_names": "ซอยนิมิตใหม่ 10", "highway_types": "residential", "in_degree": 4, "out_degree": 4, "fully_bidirectional": true, "traffic_signals": false, "junction": "", "minimum_branch_angle": 88.59, "maximum_branch_angle": 91.52, "cross_score": 0.9888, "likely_geometric_cross": true, "osm_url": "https://www.openstreetmap.org/node/5883669298", "branch_1_neighbor": "5883669299", "branch_1_bearing": 79.45, "branch_1_street": "ซอยนิมิตใหม่ 10", "branch_1_highway": "residential", "branch_2_neighbor": "8122808160", "branch_2_bearing": 168.84, "branch_2_street": "", "branch_2_highway": "residential", "branch_3_neighbor": "5883577120", "branch_3_bearing": 260.36, "branch_3_street": "ซอยนิมิตใหม่ 10", "branch_3_highway": "residential", "branch_4_neighbor": "8122808157", "branch_4_bearing": 350.86, "branch_4_street": "", "branch_4_highway": "residential" }, "geometry": { "type": "Point", "coordinates": [ 100.7418694, 13.8345323 ] } },
{ "type": "Feature", "properties": { "osm_node_id": "5886741541", "latitude": 13.9198087, "longitude": 100.7894326, "street_names": "", "highway_types": "residential", "in_degree": 4, "out_degree": 4, "fully_bidirectional": true, "traffic_signals": false, "junction": "", "minimum_branch_angle": 88.63, "maximum_branch_angle": 91.14, "cross_score": 0.9888, "likely_geometric_cross": true, "osm_url": "https://www.openstreetmap.org/node/5886741541", "branch_1_neighbor": "5886741540", "branch_1_bearing": 0.19, "branch_1_street": "", "branch_1_highway": "residential", "branch_2_neighbor": "5886741542", "branch_2_bearing": 91.07, "branch_2_street": "", "branch_2_highway": "residential", "branch_3_neighbor": "5886741528", "branch_3_bearing": 179.7, "branch_3_street": "", "branch_3_highway": "residential", "branch_4_neighbor": "5886741539", "branch_4_bearing": 269.05, "branch_4_street": "", "branch_4_highway": "residential" }, "geometry": { "type": "Point", "coordinates": [ 100.7894326, 13.9198087 ] } },
{ "type": "Feature", "properties": { "osm_node_id": "3834869261", "latitude": 13.8580247, "longitude": 100.7138276, "street_names": "", "highway_types": "residential", "in_degree": 3, "out_degree": 3, "fully_bidirectional": false, "traffic_signals": false, "junction": "", "minimum_branch_angle": 88.75, "maximum_branch_angle": 91.54, "cross_score": 0.9887, "likely_geometric_cross": true, "osm_url": "https://www.openstreetmap.org/node/3834869261", "branch_1_neighbor": "3834869260", "branch_1_bearing": 88.72, "branch_1_street": "", "branch_1_highway": "residential", "branch_2_neighbor": "3834868753", "branch_2_bearing": 179.22, "branch_2_street": "", "branch_2_highway": "residential", "branch_3_neighbor": "8144523510", "branch_3_bearing": 267.97, "branch_3_street": "", "branch_3_highway": "residential", "branch_4_neighbor": "3834869267", "branch_4_bearing": 359.51, "branch_4_street": "", "branch_4_highway": "residential" }, "geometry": { "type": "Point", "coordinates": [ 100.7138276, 13.8580247 ] } },
{ "type": "Feature", "properties": { "osm_node_id": "3834869337", "latitude": 13.8610221, "longitude": 100.7169896, "street_names": "", "highway_types": "residential", "in_degree": 4, "out_degree": 4, "fully_bidirectional": true, "traffic_signals": false, "junction": "", "minimum_branch_angle": 88.89, "maximum_branch_angle": 91.18, "cross_score": 0.9887, "likely_geometric_cross": true, "osm_url": "https://www.openstreetmap.org/node/3834869337", "branch_1_neighbor": "3834869336", "branch_1_bearing": 90.45, "branch_1_street": "", "branch_1_highway": "residential", "branch_2_neighbor": "3834869325", "branch_2_bearing": 179.53, "branch_2_street": "", "branch_2_highway": "residential", "branch_3_neighbor": "3834869335", "branch_3_bearing": 268.42, "branch_3_street": "", "branch_3_highway": "residential", "branch_4_neighbor": "3834869345", "branch_4_bearing": 359.61, "branch_4_street": "", "branch_4_highway": "residential" }, "geometry": { "type": "Point", "coordinates": [ 100.7169896, 13.8610221 ] } },
{ "type": "Feature", "properties": { "osm_node_id": "3840059186", "latitude": 13.8580852, "longitude": 100.7067317, "street_names": "", "highway_types": "residential", "in_degree": 4, "out_degree": 4, "fully_bidirectional": true, "traffic_signals": false, "junction": "", "minimum_branch_angle": 88.7, "maximum_branch_angle": 91.3, "cross_score": 0.9887, "likely_geometric_cross": true, "osm_url": "https://www.openstreetmap.org/node/3840059186", "branch_1_neighbor": "3840059194", "branch_1_bearing": 0.35, "branch_1_street": "", "branch_1_highway": "residential", "branch_2_neighbor": "3840059183", "branch_2_bearing": 91.64, "branch_2_street": "", "branch_2_highway": "residential", "branch_3_neighbor": "3840059168", "branch_3_bearing": 180.34, "branch_3_street": "", "branch_3_highway": "residential", "branch_4_neighbor": "3840059185", "branch_4_bearing": 269.62, "branch_4_street": "", "branch_4_highway": "residential" }, "geometry": { "type": "Point", "coordinates": [ 100.7067317, 13.8580852 ] } },
{ "type": "Feature", "properties": { "osm_node_id": "3840099929", "latitude": 13.8502375, "longitude": 100.6847453, "street_names": "ชัยพฤกษ์ B14", "highway_types": "residential", "in_degree": 4, "out_degree": 4, "fully_bidirectional": true, "traffic_signals": false, "junction": "", "minimum_branch_angle": 88.34, "maximum_branch_angle": 91.32, "cross_score": 0.9887, "likely_geometric_cross": true, "osm_url": "https://www.openstreetmap.org/node/3840099929", "branch_1_neighbor": "3840099936", "branch_1_bearing": 5.44, "branch_1_street": "", "branch_1_highway": "residential", "branch_2_neighbor": "3840099928", "branch_2_bearing": 96.16, "branch_2_street": "", "branch_2_highway": "residential", "branch_3_neighbor": "3840099920", "branch_3_bearing": 185.78, "branch_3_street": "", "branch_3_highway": "residential", "branch_4_neighbor": "3840099930", "branch_4_bearing": 274.12, "branch_4_street": "ชัยพฤกษ์ B14", "branch_4_highway": "residential" }, "geometry": { "type": "Point", "coordinates": [ 100.6847453, 13.8502375 ] } },
{ "type": "Feature", "properties": { "osm_node_id": "5941639252", "latitude": 13.8918563, "longitude": 100.7190278, "street_names": "", "highway_types": "residential", "in_degree": 4, "out_degree": 4, "fully_bidirectional": true, "traffic_signals": false, "junction": "", "minimum_branch_angle": 88.37, "maximum_branch_angle": 91.21, "cross_score": 0.9887, "likely_geometric_cross": true, "osm_url": "https://www.openstreetmap.org/node/5941639252", "branch_1_neighbor": "5941639253", "branch_1_bearing": 88.84, "branch_1_street": "", "branch_1_highway": "residential", "branch_2_neighbor": "5941639249", "branch_2_bearing": 179.66, "branch_2_street": "", "branch_2_highway": "residential", "branch_3_neighbor": "5941639251", "branch_3_bearing": 270.87, "branch_3_street": "", "branch_3_highway": "residential", "branch_4_neighbor": "5941639255", "branch_4_bearing": 359.23, "branch_4_street": "", "branch_4_highway": "residential" }, "geometry": { "type": "Point", "coordinates": [ 100.7190278, 13.8918563 ] } },
{ "type": "Feature", "properties": { "osm_node_id": "2733467951", "latitude": 13.862154, "longitude": 100.6919154, "street_names": "", "highway_types": "residential", "in_degree": 4, "out_degree": 4, "fully_bidirectional": true, "traffic_signals": false, "junction": "", "minimum_branch_angle": 88.38, "maximum_branch_angle": 91.49, "cross_score": 0.9886, "likely_geometric_cross": true, "osm_url": "https://www.openstreetmap.org/node/2733467951", "branch_1_neighbor": "2733467953", "branch_1_bearing": 78.67, "branch_1_street": "", "branch_1_highway": "residential", "branch_2_neighbor": "2733467944", "branch_2_bearing": 170.16, "branch_2_street": "", "branch_2_highway": "residential", "branch_3_neighbor": "2733467949", "branch_3_bearing": 260.72, "branch_3_street": "", "branch_3_highway": "residential", "branch_4_neighbor": "2733467959", "branch_4_bearing": 349.1, "branch_4_street": "", "branch_4_highway": "residential" }, "geometry": { "type": "Point", "coordinates": [ 100.6919154, 13.862154 ] } },
{ "type": "Feature", "properties": { "osm_node_id": "3834869310", "latitude": 13.8601431, "longitude": 100.7169969, "street_names": "", "highway_types": "residential", "in_degree": 4, "out_degree": 4, "fully_bidirectional": true, "traffic_signals": false, "junction": "", "minimum_branch_angle": 88.63, "maximum_branch_angle": 91.38, "cross_score": 0.9886, "likely_geometric_cross": true, "osm_url": "https://www.openstreetmap.org/node/3834869310", "branch_1_neighbor": "3834869308", "branch_1_bearing": 90.91, "branch_1_street": "", "branch_1_highway": "residential", "branch_2_neighbor": "3834869301", "branch_2_bearing": 179.54, "branch_2_street": "", "branch_2_highway": "residential", "branch_3_neighbor": "3834869307", "branch_3_bearing": 268.86, "branch_3_street": "", "branch_3_highway": "residential", "branch_4_neighbor": "3834869317", "branch_4_bearing": 359.53, "branch_4_street": "", "branch_4_highway": "residential" }, "geometry": { "type": "Point", "coordinates": [ 100.7169969, 13.8601431 ] } },
{ "type": "Feature", "properties": { "osm_node_id": "13472635261", "latitude": 13.8946126, "longitude": 100.6947539, "street_names": "", "highway_types": "residential", "in_degree": 4, "out_degree": 4, "fully_bidirectional": true, "traffic_signals": false, "junction": "", "minimum_branch_angle": 88.05, "maximum_branch_angle": 91.11, "cross_score": 0.9885, "likely_geometric_cross": true, "osm_url": "https://www.openstreetmap.org/node/13472635261", "branch_1_neighbor": "13472635259", "branch_1_bearing": 76.44, "branch_1_street": "", "branch_1_highway": "residential", "branch_2_neighbor": "13475630710", "branch_2_bearing": 167.39, "branch_2_street": "", "branch_2_highway": "residential", "branch_3_neighbor": "13472635248", "branch_3_bearing": 258.5, "branch_3_street": "", "branch_3_highway": "residential", "branch_4_neighbor": "13472635262", "branch_4_bearing": 346.56, "branch_4_street": "", "branch_4_highway": "residential" }, "geometry": { "type": "Point", "coordinates": [ 100.6947539, 13.8946126 ] } },
{ "type": "Feature", "properties": { "osm_node_id": "3840087376", "latitude": 13.8565978, "longitude": 100.6967396, "street_names": "", "highway_types": "residential", "in_degree": 4, "out_degree": 4, "fully_bidirectional": true, "traffic_signals": false, "junction": "", "minimum_branch_angle": 88.53, "maximum_branch_angle": 92.07, "cross_score": 0.9885, "likely_geometric_cross": true, "osm_url": "https://www.openstreetmap.org/node/3840087376", "branch_1_neighbor": "3840087387", "branch_1_bearing": 0.77, "branch_1_street": "", "branch_1_highway": "residential", "branch_2_neighbor": "3840087377", "branch_2_bearing": 89.3, "branch_2_street": "", "branch_2_highway": "residential", "branch_3_neighbor": "3840087369", "branch_3_bearing": 179.07, "branch_3_street": "", "branch_3_highway": "residential", "branch_4_neighbor": "3840087375", "branch_4_bearing": 268.7, "branch_4_street": "", "branch_4_highway": "residential" }, "geometry": { "type": "Point", "coordinates": [ 100.6967396, 13.8565978 ] } },
{ "type": "Feature", "properties": { "osm_node_id": "3840058790", "latitude": 13.8497834, "longitude": 100.7074234, "street_names": "", "highway_types": "residential", "in_degree": 4, "out_degree": 4, "fully_bidirectional": true, "traffic_signals": false, "junction": "", "minimum_branch_angle": 88.36, "maximum_branch_angle": 91.57, "cross_score": 0.9884, "likely_geometric_cross": true, "osm_url": "https://www.openstreetmap.org/node/3840058790", "branch_1_neighbor": "3841547740", "branch_1_bearing": 87.33, "branch_1_street": "", "branch_1_highway": "residential", "branch_2_neighbor": "3840058784", "branch_2_bearing": 177.85, "branch_2_street": "", "branch_2_highway": "residential", "branch_3_neighbor": "3841547739", "branch_3_bearing": 266.21, "branch_3_street": "", "branch_3_highway": "residential", "branch_4_neighbor": "3840058803", "branch_4_bearing": 357.78, "branch_4_street": "", "branch_4_highway": "residential" }, "geometry": { "type": "Point", "coordinates": [ 100.7074234, 13.8497834 ] } },
{ "type": "Feature", "properties": { "osm_node_id": "3845068416", "latitude": 13.8260517, "longitude": 100.7075836, "street_names": "ซอยเจริญพัฒนา 7", "highway_types": "residential", "in_degree": 4, "out_degree": 4, "fully_bidirectional": true, "traffic_signals": false, "junction": "", "minimum_branch_angle": 88.87, "maximum_branch_angle": 91.51, "cross_score": 0.9884, "likely_geometric_cross": true, "osm_url": "https://www.openstreetmap.org/node/3845068416", "branch_1_neighbor": "3845068426", "branch_1_bearing": 80.69, "branch_1_street": "ซอยเจริญพัฒนา 7", "branch_1_highway": "residential", "branch_2_neighbor": "3845068422", "branch_2_bearing": 172.2, "branch_2_street": "", "branch_2_highway": "residential", "branch_3_neighbor": "7956553934", "branch_3_bearing": 261.24, "branch_3_street": "ซอยเจริญพัฒนา 7", "branch_3_highway": "residential", "branch_4_neighbor": "3845068423", "branch_4_bearing": 351.82, "branch_4_street": "", "branch_4_highway": "residential" }, "geometry": { "type": "Point", "coordinates": [ 100.7075836, 13.8260517 ] } },
{ "type": "Feature", "properties": { "osm_node_id": "6117202623", "latitude": 13.8512315, "longitude": 100.7085902, "street_names": "", "highway_types": "residential", "in_degree": 4, "out_degree": 4, "fully_bidirectional": true, "traffic_signals": false, "junction": "", "minimum_branch_angle": 88.75, "maximum_branch_angle": 91.41, "cross_score": 0.9883, "likely_geometric_cross": true, "osm_url": "https://www.openstreetmap.org/node/6117202623", "branch_1_neighbor": "6117202624", "branch_1_bearing": 88.92, "branch_1_street": "", "branch_1_highway": "residential", "branch_2_neighbor": "6117202620", "branch_2_bearing": 177.67, "branch_2_street": "", "branch_2_highway": "residential", "branch_3_neighbor": "6117202622", "branch_3_bearing": 268.38, "branch_3_street": "", "branch_3_highway": "residential", "branch_4_neighbor": "7908343242", "branch_4_bearing": 357.51, "branch_4_street": "", "branch_4_highway": "residential" }, "geometry": { "type": "Point", "coordinates": [ 100.7085902, 13.8512315 ] } },
{ "type": "Feature", "properties": { "osm_node_id": "3840087445", "latitude": 13.8582549, "longitude": 100.696745, "street_names": "", "highway_types": "residential", "in_degree": 4, "out_degree": 4, "fully_bidirectional": true, "traffic_signals": false, "junction": "", "minimum_branch_angle": 88.69, "maximum_branch_angle": 91.25, "cross_score": 0.9881, "likely_geometric_cross": true, "osm_url": "https://www.openstreetmap.org/node/3840087445", "branch_1_neighbor": "3840087446", "branch_1_bearing": 88.62, "branch_1_street": "", "branch_1_highway": "residential", "branch_2_neighbor": "3840087424", "branch_2_bearing": 179.87, "branch_2_street": "", "branch_2_highway": "residential", "branch_3_neighbor": "3840087444", "branch_3_bearing": 268.56, "branch_3_street": "", "branch_3_highway": "residential", "branch_4_neighbor": "3840087460", "branch_4_bearing": 359.45, "branch_4_street": "", "branch_4_highway": "residential" }, "geometry": { "type": "Point", "coordinates": [ 100.696745, 13.8582549 ] } },
{ "type": "Feature", "properties": { "osm_node_id": "5887077309", "latitude": 13.907878, "longitude": 100.7883731, "street_names": "", "highway_types": "residential", "in_degree": 4, "out_degree": 4, "fully_bidirectional": true, "traffic_signals": false, "junction": "", "minimum_branch_angle": 88.08, "maximum_branch_angle": 92.13, "cross_score": 0.9881, "likely_geometric_cross": true, "osm_url": "https://www.openstreetmap.org/node/5887077309", "branch_1_neighbor": "5887077310", "branch_1_bearing": 1.27, "branch_1_street": "", "branch_1_highway": "residential", "branch_2_neighbor": "5887077307", "branch_2_bearing": 89.36, "branch_2_street": "", "branch_2_highway": "residential", "branch_3_neighbor": "5887076579", "branch_3_bearing": 179.23, "branch_3_street": "", "branch_3_highway": "residential", "branch_4_neighbor": "5887077311", "branch_4_bearing": 271.37, "branch_4_street": "", "branch_4_highway": "residential" }, "geometry": { "type": "Point", "coordinates": [ 100.7883731, 13.907878 ] } },
{ "type": "Feature", "properties": { "osm_node_id": "3840059180", "latitude": 13.8579059, "longitude": 100.702605, "street_names": "", "highway_types": "residential", "in_degree": 4, "out_degree": 4, "fully_bidirectional": true, "traffic_signals": false, "junction": "", "minimum_branch_angle": 88.49, "maximum_branch_angle": 91.42, "cross_score": 0.988, "likely_geometric_cross": true, "osm_url": "https://www.openstreetmap.org/node/3840059180", "branch_1_neighbor": "3840059178", "branch_1_bearing": 90.77, "branch_1_street": "", "branch_1_highway": "residential", "branch_2_neighbor": "3840059162", "branch_2_bearing": 179.26, "branch_2_street": "", "branch_2_highway": "residential", "branch_3_neighbor": "3840059179", "branch_3_bearing": 270.0, "branch_3_street": "", "branch_3_highway": "residential", "branch_4_neighbor": "3840059190", "branch_4_bearing": 359.35, "branch_4_street": "", "branch_4_highway": "residential" }, "geometry": { "type": "Point", "coordinates": [ 100.702605, 13.8579059 ] } },
{ "type": "Feature", "properties": { "osm_node_id": "3840087140", "latitude": 13.8525764, "longitude": 100.6986933, "street_names": "ซอยพระยาสุเรนทร์ 34", "highway_types": "residential", "in_degree": 4, "out_degree": 4, "fully_bidirectional": true, "traffic_signals": false, "junction": "", "minimum_branch_angle": 87.85, "maximum_branch_angle": 92.15, "cross_score": 0.988, "likely_geometric_cross": true, "osm_url": "https://www.openstreetmap.org/node/3840087140", "branch_1_neighbor": "3840087142", "branch_1_bearing": 89.28, "branch_1_street": "ซอยพระยาสุเรนทร์ 34", "branch_1_highway": "residential", "branch_2_neighbor": "3840087133", "branch_2_bearing": 181.43, "branch_2_street": "", "branch_2_highway": "residential", "branch_3_neighbor": "3840087139", "branch_3_bearing": 269.28, "branch_3_street": "ซอยพระยาสุเรนทร์ 34", "branch_3_highway": "residential", "branch_4_neighbor": "3840087155", "branch_4_bearing": 359.28, "branch_4_street": "", "branch_4_highway": "residential" }, "geometry": { "type": "Point", "coordinates": [ 100.6986933, 13.8525764 ] } },
{ "type": "Feature", "properties": { "osm_node_id": "5877431364", "latitude": 13.9013086, "longitude": 100.7234078, "street_names": "ซอยหทัยราษฎร์ 34/3ก", "highway_types": "residential", "in_degree": 4, "out_degree": 4, "fully_bidirectional": true, "traffic_signals": false, "junction": "", "minimum_branch_angle": 88.22, "maximum_branch_angle": 91.14, "cross_score": 0.988, "likely_geometric_cross": true, "osm_url": "https://www.openstreetmap.org/node/5877431364", "branch_1_neighbor": "5877431405", "branch_1_bearing": 78.54, "branch_1_street": "ซอยหทัยราษฎร์ 34/3ก", "branch_1_highway": "residential", "branch_2_neighbor": "8323506185", "branch_2_bearing": 169.55, "branch_2_street": "", "branch_2_highway": "residential", "branch_3_neighbor": "8323506133", "branch_3_bearing": 259.18, "branch_3_street": "ซอยหทัยราษฎร์ 34/3ก", "branch_3_highway": "residential", "branch_4_neighbor": "8323506180", "branch_4_bearing": 347.39, "branch_4_street": "", "branch_4_highway": "residential" }, "geometry": { "type": "Point", "coordinates": [ 100.7234078, 13.9013086 ] } },
{ "type": "Feature", "properties": { "osm_node_id": "3835124879", "latitude": 13.8606711, "longitude": 100.6871238, "street_names": "", "highway_types": "residential", "in_degree": 4, "out_degree": 4, "fully_bidirectional": true, "traffic_signals": false, "junction": "", "minimum_branch_angle": 88.49, "maximum_branch_angle": 91.45, "cross_score": 0.9878, "likely_geometric_cross": true, "osm_url": "https://www.openstreetmap.org/node/3835124879", "branch_1_neighbor": "3835124883", "branch_1_bearing": 21.22, "branch_1_street": "", "branch_1_highway": "residential", "branch_2_neighbor": "3835124875", "branch_2_bearing": 110.54, "branch_2_street": "", "branch_2_highway": "residential", "branch_3_neighbor": "3835124871", "branch_3_bearing": 202.0, "branch_3_street": "", "branch_3_highway": "residential", "branch_4_neighbor": "12848165524", "branch_4_bearing": 290.49, "branch_4_street": "", "branch_4_highway": "residential" }, "geometry": { "type": "Point", "coordinates": [ 100.6871238, 13.8606711 ] } },
{ "type": "Feature", "properties": { "osm_node_id": "3840087235", "latitude": 13.8555694, "longitude": 100.6954028, "street_names": "", "highway_types": "residential", "in_degree": 4, "out_degree": 4, "fully_bidirectional": true, "traffic_signals": false, "junction": "", "minimum_branch_angle": 88.86, "maximum_branch_angle": 91.16, "cross_score": 0.9878, "likely_geometric_cross": true, "osm_url": "https://www.openstreetmap.org/node/3840087235", "branch_1_neighbor": "3840087234", "branch_1_bearing": 90.91, "branch_1_street": "", "branch_1_highway": "residential", "branch_2_neighbor": "3840087218", "branch_2_bearing": 179.86, "branch_2_street": "", "branch_2_highway": "residential", "branch_3_neighbor": "3840087233", "branch_3_bearing": 268.72, "branch_3_street": "", "branch_3_highway": "residential", "branch_4_neighbor": "3840087249", "branch_4_bearing": 359.88, "branch_4_street": "", "branch_4_highway": "residential" }, "geometry": { "type": "Point", "coordinates": [ 100.6954028, 13.8555694 ] } },
{ "type": "Feature", "properties": { "osm_node_id": "5887076577", "latitude": 13.9078761, "longitude": 100.78899, "street_names": "", "highway_types": "residential", "in_degree": 4, "out_degree": 4, "fully_bidirectional": true, "traffic_signals": false, "junction": "", "minimum_branch_angle": 88.52, "maximum_branch_angle": 91.43, "cross_score": 0.9878, "likely_geometric_cross": true, "osm_url": "https://www.openstreetmap.org/node/5887076577", "branch_1_neighbor": "5887077303", "branch_1_bearing": 88.43, "branch_1_street": "", "branch_1_highway": "residential", "branch_2_neighbor": "5887076576", "branch_2_bearing": 179.86, "branch_2_street": "", "branch_2_highway": "residential", "branch_3_neighbor": "5887077307", "branch_3_bearing": 270.62, "branch_3_street": "", "branch_3_highway": "residential", "branch_4_neighbor": "5887077306", "branch_4_bearing": 359.9, "branch_4_street": "", "branch_4_highway": "residential" }, "geometry": { "type": "Point", "coordinates": [ 100.78899, 13.9078761 ] } },
{ "type": "Feature", "properties": { "osm_node_id": "5941639240", "latitude": 13.8904477, "longitude": 100.7190399, "street_names": "", "highway_types": "residential", "in_degree": 4, "out_degree": 4, "fully_bidirectional": true, "traffic_signals": false, "junction": "", "minimum_branch_angle": 88.81, "maximum_branch_angle": 91.2, "cross_score": 0.9878, "likely_geometric_cross": true, "osm_url": "https://www.openstreetmap.org/node/5941639240", "branch_1_neighbor": "5941639241", "branch_1_bearing": 90.46, "branch_1_street": "", "branch_1_highway": "residential", "branch_2_neighbor": "5941639237", "branch_2_bearing": 179.46, "branch_2_street": "", "branch_2_highway": "residential", "branch_3_neighbor": "5941639239", "branch_3_bearing": 270.66, "branch_3_street": "", "branch_3_highway": "residential", "branch_4_neighbor": "5941639243", "branch_4_bearing": 359.46, "branch_4_street": "", "branch_4_highway": "residential" }, "geometry": { "type": "Point", "coordinates": [ 100.7190399, 13.8904477 ] } },
{ "type": "Feature", "properties": { "osm_node_id": "3840059005", "latitude": 13.855967, "longitude": 100.7067289, "street_names": "", "highway_types": "residential", "in_degree": 4, "out_degree": 4, "fully_bidirectional": true, "traffic_signals": false, "junction": "", "minimum_branch_angle": 88.8, "maximum_branch_angle": 91.2, "cross_score": 0.9877, "likely_geometric_cross": true, "osm_url": "https://www.openstreetmap.org/node/3840059005", "branch_1_neighbor": "3840059017", "branch_1_bearing": 1.0, "branch_1_street": "", "branch_1_highway": "residential", "branch_2_neighbor": "3840059003", "branch_2_bearing": 92.2, "branch_2_street": "", "branch_2_highway": "residential", "branch_3_neighbor": "3840058993", "branch_3_bearing": 181.0, "branch_3_street": "", "branch_3_highway": "residential", "branch_4_neighbor": "3840059004", "branch_4_bearing": 269.99, "branch_4_street": "", "branch_4_highway": "residential" }, "geometry": { "type": "Point", "coordinates": [ 100.7067289, 13.855967 ] } },
{ "type": "Feature", "properties": { "osm_node_id": "3834809015", "latitude": 13.8651677, "longitude": 100.7273356, "street_names": "", "highway_types": "residential", "in_degree": 4, "out_degree": 4, "fully_bidirectional": true, "traffic_signals": false, "junction": "", "minimum_branch_angle": 88.76, "maximum_branch_angle": 92.22, "cross_score": 0.9876, "likely_geometric_cross": true, "osm_url": "https://www.openstreetmap.org/node/3834809015", "branch_1_neighbor": "3834809017", "branch_1_bearing": 83.79, "branch_1_street": "", "branch_1_highway": "residential", "branch_2_neighbor": "3834808993", "branch_2_bearing": 172.55, "branch_2_street": "", "branch_2_highway": "residential", "branch_3_neighbor": "3834809012", "branch_3_bearing": 264.77, "branch_3_street": "", "branch_3_highway": "residential", "branch_4_neighbor": "3834809024", "branch_4_bearing": 354.48, "branch_4_street": "", "branch_4_highway": "residential" }, "geometry": { "type": "Point", "coordinates": [ 100.7273356, 13.8651677 ] } },
{ "type": "Feature", "properties": { "osm_node_id": "3840058941", "latitude": 13.8535807, "longitude": 100.7087144, "street_names": "", "highway_types": "residential", "in_degree": 4, "out_degree": 4, "fully_bidirectional": true, "traffic_signals": false, "junction": "", "minimum_branch_angle": 88.4, "maximum_branch_angle": 91.71, "cross_score": 0.9876, "likely_geometric_cross": true, "osm_url": "https://www.openstreetmap.org/node/3840058941", "branch_1_neighbor": "3840058942", "branch_1_bearing": 85.39, "branch_1_street": "", "branch_1_highway": "residential", "branch_2_neighbor": "3840058936", "branch_2_bearing": 174.76, "branch_2_street": "", "branch_2_highway": "residential", "branch_3_neighbor": "3840058940", "branch_3_bearing": 263.16, "branch_3_street": "", "branch_3_highway": "residential", "branch_4_neighbor": "3840058950", "branch_4_bearing": 354.87, "branch_4_street": "", "branch_4_highway": "residential" }, "geometry": { "type": "Point", "coordinates": [ 100.7087144, 13.8535807 ] } },
{ "type": "Feature", "properties": { "osm_node_id": "3841863950", "latitude": 13.8351148, "longitude": 100.7323489, "street_names": "ซอยนิมิตใหม่ 9", "highway_types": "residential", "in_degree": 4, "out_degree": 4, "fully_bidirectional": true, "traffic_signals": false, "junction": "", "minimum_branch_angle": 88.86, "maximum_branch_angle": 91.12, "cross_score": 0.9876, "likely_geometric_cross": true, "osm_url": "https://www.openstreetmap.org/node/3841863950", "branch_1_neighbor": "3841863953", "branch_1_bearing": 70.09, "branch_1_street": "ซอยนิมิตใหม่ 9", "branch_1_highway": "residential", "branch_2_neighbor": "3841863943", "branch_2_bearing": 158.95, "branch_2_street": "", "branch_2_highway": "residential", "branch_3_neighbor": "3841863948", "branch_3_bearing": 250.06, "branch_3_street": "ซอยนิมิตใหม่ 9", "branch_3_highway": "residential", "branch_4_neighbor": "3841864157", "branch_4_bearing": 338.97, "branch_4_street": "", "branch_4_highway": "residential" }, "geometry": { "type": "Point", "coordinates": [ 100.7323489, 13.8351148 ] } },
{ "type": "Feature", "properties": { "osm_node_id": "8341596599", "latitude": 13.8986657, "longitude": 100.7169308, "street_names": "", "highway_types": "residential", "in_degree": 4, "out_degree": 4, "fully_bidirectional": true, "traffic_signals": false, "junction": "", "minimum_branch_angle": 88.11, "maximum_branch_angle": 91.27, "cross_score": 0.9876, "likely_geometric_cross": true, "osm_url": "https://www.openstreetmap.org/node/8341596599", "branch_1_neighbor": "8341596598", "branch_1_bearing": 86.94, "branch_1_street": "", "branch_1_highway": "residential", "branch_2_neighbor": "8341596605", "branch_2_bearing": 178.22, "branch_2_street": "", "branch_2_highway": "residential", "branch_3_neighbor": "8341596600", "branch_3_bearing": 266.33, "branch_3_street": "", "branch_3_highway": "residential", "branch_4_neighbor": "8341596602", "branch_4_bearing": 355.98, "branch_4_street": "", "branch_4_highway": "residential" }, "geometry": { "type": "Point", "coordinates": [ 100.7169308, 13.8986657 ] } },
{ "type": "Feature", "properties": { "osm_node_id": "3053292424", "latitude": 13.8852556, "longitude": 100.7326349, "street_names": "ซอยนิมิตใหม่ 42", "highway_types": "residential", "in_degree": 4, "out_degree": 4, "fully_bidirectional": true, "traffic_signals": false, "junction": "", "minimum_branch_angle": 87.76, "maximum_branch_angle": 91.28, "cross_score": 0.9875, "likely_geometric_cross": true, "osm_url": "https://www.openstreetmap.org/node/3053292424", "branch_1_neighbor": "3053299151", "branch_1_bearing": 81.81, "branch_1_street": "ซอยนิมิตใหม่ 42", "branch_1_highway": "residential", "branch_2_neighbor": "3053292426", "branch_2_bearing": 172.79, "branch_2_street": "", "branch_2_highway": "residential", "branch_3_neighbor": "8962650221", "branch_3_bearing": 262.76, "branch_3_street": "", "branch_3_highway": "residential", "branch_4_neighbor": "3053299140", "branch_4_bearing": 354.05, "branch_4_street": "", "branch_4_highway": "residential" }, "geometry": { "type": "Point", "coordinates": [ 100.7326349, 13.8852556 ] } },
{ "type": "Feature", "properties": { "osm_node_id": "3840012524", "latitude": 13.8524013, "longitude": 100.7132032, "street_names": "", "highway_types": "residential", "in_degree": 4, "out_degree": 4, "fully_bidirectional": true, "traffic_signals": false, "junction": "", "minimum_branch_angle": 87.75, "maximum_branch_angle": 91.58, "cross_score": 0.9875, "likely_geometric_cross": true, "osm_url": "https://www.openstreetmap.org/node/3840012524", "branch_1_neighbor": "3840012525", "branch_1_bearing": 87.68, "branch_1_street": "", "branch_1_highway": "residential", "branch_2_neighbor": "3840012517", "branch_2_bearing": 177.98, "branch_2_street": "", "branch_2_highway": "residential", "branch_3_neighbor": "3840012522", "branch_3_bearing": 265.74, "branch_3_street": "", "branch_3_highway": "residential", "branch_4_neighbor": "3840012532", "branch_4_bearing": 357.32, "branch_4_street": "", "branch_4_highway": "residential" }, "geometry": { "type": "Point", "coordinates": [ 100.7132032, 13.8524013 ] } },
{ "type": "Feature", "properties": { "osm_node_id": "3840059198", "latitude": 13.8585742, "longitude": 100.7025972, "street_names": "", "highway_types": "residential", "in_degree": 4, "out_degree": 4, "fully_bidirectional": true, "traffic_signals": false, "junction": "", "minimum_branch_angle": 88.07, "maximum_branch_angle": 91.93, "cross_score": 0.9875, "likely_geometric_cross": true, "osm_url": "https://www.openstreetmap.org/node/3840059198", "branch_1_neighbor": "3840059196", "branch_1_bearing": 91.28, "branch_1_street": "", "branch_1_highway": "residential", "branch_2_neighbor": "3840059190", "branch_2_bearing": 179.35, "branch_2_street": "", "branch_2_highway": "residential", "branch_3_neighbor": "3840059197", "branch_3_bearing": 269.67, "branch_3_street": "", "branch_3_highway": "residential", "branch_4_neighbor": "3840059208", "branch_4_bearing": 359.35, "branch_4_street": "", "branch_4_highway": "residential" }, "geometry": { "type": "Point", "coordinates": [ 100.7025972, 13.8585742 ] } },
{ "type": "Feature", "properties": { "osm_node_id": "8424633788", "latitude": 13.8985635, "longitude": 100.7117858, "street_names": "", "highway_types": "residential", "in_degree": 4, "out_degree": 4, "fully_bidirectional": true, "traffic_signals": false, "junction": "", "minimum_branch_angle": 88.5, "maximum_branch_angle": 91.49, "cross_score": 0.9875, "likely_geometric_cross": true, "osm_url": "https://www.openstreetmap.org/node/8424633788", "branch_1_neighbor": "8424633787", "branch_1_bearing": 88.19, "branch_1_street": "", "branch_1_highway": "residential", "branch_2_neighbor": "8424633791", "branch_2_bearing": 176.69, "branch_2_street": "", "branch_2_highway": "residential", "branch_3_neighbor": "8424633789", "branch_3_bearing": 267.43, "branch_3_street": "", "branch_3_highway": "residential", "branch_4_neighbor": "8424633785", "branch_4_bearing": 356.7, "branch_4_street": "", "branch_4_highway": "residential" }, "geometry": { "type": "Point", "coordinates": [ 100.7117858, 13.8985635 ] } },
{ "type": "Feature", "properties": { "osm_node_id": "9708386522", "latitude": 13.9039137, "longitude": 100.6981525, "street_names": "", "highway_types": "residential", "in_degree": 4, "out_degree": 4, "fully_bidirectional": true, "traffic_signals": false, "junction": "", "minimum_branch_angle": 87.75, "maximum_branch_angle": 90.9, "cross_score": 0.9875, "likely_geometric_cross": true, "osm_url": "https://www.openstreetmap.org/node/9708386522", "branch_1_neighbor": "10008675114", "branch_1_bearing": 54.56, "branch_1_street": "", "branch_1_highway": "residential", "branch_2_neighbor": "10008675111", "branch_2_bearing": 145.44, "branch_2_street": "", "branch_2_highway": "residential", "branch_3_neighbor": "10008675113", "branch_3_bearing": 236.35, "branch_3_street": "", "branch_3_highway": "residential", "branch_4_neighbor": "10008675116", "branch_4_bearing": 326.81, "branch_4_street": "", "branch_4_highway": "residential" }, "geometry": { "type": "Point", "coordinates": [ 100.6981525, 13.9039137 ] } },
{ "type": "Feature", "properties": { "osm_node_id": "3053324447", "latitude": 13.8727925, "longitude": 100.7456231, "street_names": "", "highway_types": "residential", "in_degree": 4, "out_degree": 4, "fully_bidirectional": true, "traffic_signals": false, "junction": "", "minimum_branch_angle": 88.85, "maximum_branch_angle": 91.15, "cross_score": 0.9874, "likely_geometric_cross": true, "osm_url": "https://www.openstreetmap.org/node/3053324447", "branch_1_neighbor": "3053324410", "branch_1_bearing": 85.62, "branch_1_street": "", "branch_1_highway": "residential", "branch_2_neighbor": "3053324353", "branch_2_bearing": 174.48, "branch_2_street": "", "branch_2_highway": "residential", "branch_3_neighbor": "3053324350", "branch_3_bearing": 265.59, "branch_3_street": "", "branch_3_highway": "residential", "branch_4_neighbor": "3053324372", "branch_4_bearing": 354.48, "branch_4_street": "", "branch_4_highway": "residential" }, "geometry": { "type": "Point", "coordinates": [ 100.7456231, 13.8727925 ] } },
{ "type": "Feature", "properties": { "osm_node_id": "6117202396", "latitude": 13.8537759, "longitude": 100.7115438, "street_names": "", "highway_types": "residential", "in_degree": 3, "out_degree": 3, "fully_bidirectional": false, "traffic_signals": false, "junction": "", "minimum_branch_angle": 87.88, "maximum_branch_angle": 92.11, "cross_score": 0.9874, "likely_geometric_cross": true, "osm_url": "https://www.openstreetmap.org/node/6117202396", "branch_1_neighbor": "6117202397", "branch_1_bearing": 84.37, "branch_1_street": "", "branch_1_highway": "residential", "branch_2_neighbor": "6117202393", "branch_2_bearing": 174.52, "branch_2_street": "", "branch_2_highway": "residential", "branch_3_neighbor": "11968488071", "branch_3_bearing": 262.41, "branch_3_street": "", "branch_3_highway": "residential", "branch_4_neighbor": "6117202240", "branch_4_bearing": 354.52, "branch_4_street": "", "branch_4_highway": "residential" }, "geometry": { "type": "Point", "coordinates": [ 100.7115438, 13.8537759 ] } },
{ "type": "Feature", "properties": { "osm_node_id": "7908343242", "latitude": 13.8515286, "longitude": 100.7085769, "street_names": "", "highway_types": "residential", "in_degree": 4, "out_degree": 4, "fully_bidirectional": true, "traffic_signals": false, "junction": "", "minimum_branch_angle": 87.84, "maximum_branch_angle": 92.15, "cross_score": 0.9874, "likely_geometric_cross": true, "osm_url": "https://www.openstreetmap.org/node/7908343242", "branch_1_neighbor": "7908343241", "branch_1_bearing": 87.63, "branch_1_street": "", "branch_1_highway": "residential", "branch_2_neighbor": "6117202623", "branch_2_bearing": 177.51, "branch_2_street": "", "branch_2_highway": "residential", "branch_3_neighbor": "7908343243", "branch_3_bearing": 265.35, "branch_3_street": "", "branch_3_highway": "residential", "branch_4_neighbor": "7908343245", "branch_4_bearing": 357.5, "branch_4_street": "", "branch_4_highway": "residential" }, "geometry": { "type": "Point", "coordinates": [ 100.7085769, 13.8515286 ] } },
{ "type": "Feature", "properties": { "osm_node_id": "10052681650", "latitude": 13.8538543, "longitude": 100.707242, "street_names": "ถนนปัญญาอินทรา", "highway_types": "residential; tertiary", "in_degree": 2, "out_degree": 2, "fully_bidirectional": false, "traffic_signals": false, "junction": "", "minimum_branch_angle": 88.38, "maximum_branch_angle": 92.02, "cross_score": 0.9873, "likely_geometric_cross": true, "osm_url": "https://www.openstreetmap.org/node/10052681650", "branch_1_neighbor": "10052681651", "branch_1_bearing": 89.6, "branch_1_street": "", "branch_1_highway": "residential", "branch_2_neighbor": "3840058931", "branch_2_bearing": 181.63, "branch_2_street": "ถนนปัญญาอินทรา", "branch_2_highway": "tertiary", "branch_3_neighbor": "13161347679", "branch_3_bearing": 270.97, "branch_3_street": "", "branch_3_highway": "residential", "branch_4_neighbor": "10052681646", "branch_4_bearing": 359.35, "branch_4_street": "ถนนปัญญาอินทรา", "branch_4_highway": "tertiary" }, "geometry": { "type": "Point", "coordinates": [ 100.707242, 13.8538543 ] } },
{ "type": "Feature", "properties": { "osm_node_id": "10008675111", "latitude": 13.9036407, "longitude": 100.6983462, "street_names": "", "highway_types": "residential", "in_degree": 4, "out_degree": 4, "fully_bidirectional": true, "traffic_signals": false, "junction": "", "minimum_branch_angle": 87.72, "maximum_branch_angle": 92.28, "cross_score": 0.9872, "likely_geometric_cross": true, "osm_url": "https://www.openstreetmap.org/node/10008675111", "branch_1_neighbor": "10008675112", "branch_1_bearing": 55.42, "branch_1_street": "", "branch_1_highway": "residential", "branch_2_neighbor": "10008675108", "branch_2_bearing": 147.69, "branch_2_street": "", "branch_2_highway": "residential", "branch_3_neighbor": "10008675110", "branch_3_bearing": 235.42, "branch_3_street": "", "branch_3_highway": "residential", "branch_4_neighbor": "9708386522", "branch_4_bearing": 325.44, "branch_4_street": "", "branch_4_highway": "residential" }, "geometry": { "type": "Point", "coordinates": [ 100.6983462, 13.9036407 ] } },
{ "type": "Feature", "properties": { "osm_node_id": "3834808977", "latitude": 13.8646009, "longitude": 100.7232517, "street_names": "", "highway_types": "residential", "in_degree": 4, "out_degree": 4, "fully_bidirectional": true, "traffic_signals": false, "junction": "", "minimum_branch_angle": 88.54, "maximum_branch_angle": 91.32, "cross_score": 0.9871, "likely_geometric_cross": true, "osm_url": "https://www.openstreetmap.org/node/3834808977", "branch_1_neighbor": "3834808978", "branch_1_bearing": 83.52, "branch_1_street": "", "branch_1_highway": "residential", "branch_2_neighbor": "3834808973", "branch_2_bearing": 172.06, "branch_2_street": "", "branch_2_highway": "residential", "branch_3_neighbor": "3834808976", "branch_3_bearing": 263.38, "branch_3_street": "", "branch_3_highway": "residential", "branch_4_neighbor": "3834808995", "branch_4_bearing": 352.52, "branch_4_street": "", "branch_4_highway": "residential" }, "geometry": { "type": "Point", "coordinates": [ 100.7232517, 13.8646009 ] } },
{ "type": "Feature", "properties": { "osm_node_id": "8186556268", "latitude": 13.8523201, "longitude": 100.7720438, "street_names": "", "highway_types": "residential", "in_degree": 4, "out_degree": 4, "fully_bidirectional": true, "traffic_signals": false, "junction": "", "minimum_branch_angle": 87.98, "maximum_branch_angle": 92.03, "cross_score": 0.9871, "likely_geometric_cross": true, "osm_url": "https://www.openstreetmap.org/node/8186556268", "branch_1_neighbor": "8186556273", "branch_1_bearing": 64.39, "branch_1_street": "", "branch_1_highway": "residential", "branch_2_neighbor": "8186556267", "branch_2_bearing": 152.37, "branch_2_street": "", "branch_2_highway": "residential", "branch_3_neighbor": "8186556274", "branch_3_bearing": 244.4, "branch_3_street": "", "branch_3_highway": "residential", "branch_4_neighbor": "8186556269", "branch_4_bearing": 334.1, "branch_4_street": "", "branch_4_highway": "residential" }, "geometry": { "type": "Point", "coordinates": [ 100.7720438, 13.8523201 ] } },
{ "type": "Feature", "properties": { "osm_node_id": "3834973579", "latitude": 13.8677014, "longitude": 100.708778, "street_names": "", "highway_types": "residential", "in_degree": 4, "out_degree": 4, "fully_bidirectional": true, "traffic_signals": false, "junction": "", "minimum_branch_angle": 87.77, "maximum_branch_angle": 92.24, "cross_score": 0.9869, "likely_geometric_cross": true, "osm_url": "https://www.openstreetmap.org/node/3834973579", "branch_1_neighbor": "3834973580", "branch_1_bearing": 87.05, "branch_1_street": "", "branch_1_highway": "residential", "branch_2_neighbor": "3834973570", "branch_2_bearing": 177.17, "branch_2_street": "", "branch_2_highway": "residential", "branch_3_neighbor": "3834973577", "branch_3_bearing": 264.95, "branch_3_street": "", "branch_3_highway": "residential", "branch_4_neighbor": "3834973586", "branch_4_bearing": 357.18, "branch_4_street": "", "branch_4_highway": "residential" }, "geometry": { "type": "Point", "coordinates": [ 100.708778, 13.8677014 ] } },
{ "type": "Feature", "properties": { "osm_node_id": "3840087460", "latitude": 13.8586005, "longitude": 100.6967416, "street_names": "", "highway_types": "residential", "in_degree": 4, "out_degree": 4, "fully_bidirectional": true, "traffic_signals": false, "junction": "", "minimum_branch_angle": 88.54, "maximum_branch_angle": 91.54, "cross_score": 0.9869, "likely_geometric_cross": true, "osm_url": "https://www.openstreetmap.org/node/3840087460", "branch_1_neighbor": "8086796515", "branch_1_bearing": 0.1, "branch_1_street": "", "branch_1_highway": "residential", "branch_2_neighbor": "3840087461", "branch_2_bearing": 88.64, "branch_2_street": "", "branch_2_highway": "residential", "branch_3_neighbor": "3840087445", "branch_3_bearing": 179.45, "branch_3_street": "", "branch_3_highway": "residential", "branch_4_neighbor": "3840087459", "branch_4_bearing": 268.56, "branch_4_street": "", "branch_4_highway": "residential" }, "geometry": { "type": "Point", "coordinates": [ 100.6967416, 13.8586005 ] } },
{ "type": "Feature", "properties": { "osm_node_id": "3053324353", "latitude": 13.8723557, "longitude": 100.7456666, "street_names": "", "highway_types": "residential", "in_degree": 4, "out_degree": 4, "fully_bidirectional": true, "traffic_signals": false, "junction": "", "minimum_branch_angle": 88.76, "maximum_branch_angle": 91.23, "cross_score": 0.9868, "likely_geometric_cross": true, "osm_url": "https://www.openstreetmap.org/node/3053324353", "branch_1_neighbor": "11221739481", "branch_1_bearing": 85.71, "branch_1_street": "", "branch_1_highway": "residential", "branch_2_neighbor": "8177832441", "branch_2_bearing": 174.58, "branch_2_street": "", "branch_2_highway": "residential", "branch_3_neighbor": "4415609843", "branch_3_bearing": 265.72, "branch_3_street": "", "branch_3_highway": "residential", "branch_4_neighbor": "3053324447", "branch_4_bearing": 354.48, "branch_4_street": "", "branch_4_highway": "residential" }, "geometry": { "type": "Point", "coordinates": [ 100.7456666, 13.8723557 ] } },
{ "type": "Feature", "properties": { "osm_node_id": "3053347060", "latitude": 13.8679722, "longitude": 100.7136573, "street_names": "", "highway_types": "residential", "in_degree": 4, "out_degree": 4, "fully_bidirectional": true, "traffic_signals": false, "junction": "", "minimum_branch_angle": 88.6, "maximum_branch_angle": 91.77, "cross_score": 0.9867, "likely_geometric_cross": true, "osm_url": "https://www.openstreetmap.org/node/3053347060", "branch_1_neighbor": "3053347043", "branch_1_bearing": 88.48, "branch_1_street": "", "branch_1_highway": "residential", "branch_2_neighbor": "3053347114", "branch_2_bearing": 180.25, "branch_2_street": "", "branch_2_highway": "residential", "branch_3_neighbor": "3053347466", "branch_3_bearing": 269.26, "branch_3_street": "", "branch_3_highway": "residential", "branch_4_neighbor": "3053347073", "branch_4_bearing": 357.86, "branch_4_street": "", "branch_4_highway": "residential" }, "geometry": { "type": "Point", "coordinates": [ 100.7136573, 13.8679722 ] } },
{ "type": "Feature", "properties": { "osm_node_id": "3840100041", "latitude": 13.8552013, "longitude": 100.6828237, "street_names": "ซอย 10", "highway_types": "residential", "in_degree": 4, "out_degree": 4, "fully_bidirectional": true, "traffic_signals": false, "junction": "", "minimum_branch_angle": 88.68, "maximum_branch_angle": 91.33, "cross_score": 0.9867, "likely_geometric_cross": true, "osm_url": "https://www.openstreetmap.org/node/3840100041", "branch_1_neighbor": "3840100043", "branch_1_bearing": 76.64, "branch_1_street": "ซอย 10", "branch_1_highway": "residential", "branch_2_neighbor": "3840100030", "branch_2_bearing": 165.32, "branch_2_street": "", "branch_2_highway": "residential", "branch_3_neighbor": "3840100038", "branch_3_bearing": 256.37, "branch_3_street": "ซอย 10", "branch_3_highway": "residential", "branch_4_neighbor": "3840100054", "branch_4_bearing": 345.31, "branch_4_street": "", "branch_4_highway": "residential" }, "geometry": { "type": "Point", "coordinates": [ 100.6828237, 13.8552013 ] } },
{ "type": "Feature", "properties": { "osm_node_id": "350390643", "latitude": 13.841924, "longitude": 100.7131838, "street_names": "ถนนสุเหร่าคลองหนึ่ง; ถนนเจริญพัฒนา", "highway_types": "secondary; tertiary", "in_degree": 4, "out_degree": 4, "fully_bidirectional": true, "traffic_signals": false, "junction": "", "minimum_branch_angle": 88.46, "maximum_branch_angle": 92.41, "cross_score": 0.9866, "likely_geometric_cross": true, "osm_url": "https://www.openstreetmap.org/node/350390643", "branch_1_neighbor": "8201564391", "branch_1_bearing": 5.31, "branch_1_street": "ถนนเจริญพัฒนา", "branch_1_highway": "tertiary", "branch_2_neighbor": "8201071378", "branch_2_bearing": 94.87, "branch_2_street": "ถนนสุเหร่าคลองหนึ่ง", "branch_2_highway": "secondary", "branch_3_neighbor": "6124096991", "branch_3_bearing": 187.28, "branch_3_street": "ถนนเจริญพัฒนา", "branch_3_highway": "tertiary", "branch_4_neighbor": "6124096990", "branch_4_bearing": 276.85, "branch_4_street": "ถนนสุเหร่าคลองหนึ่ง", "branch_4_highway": "secondary" }, "geometry": { "type": "Point", "coordinates": [ 100.7131838, 13.841924 ] } },
{ "type": "Feature", "properties": { "osm_node_id": "7908343251", "latitude": 13.8524516, "longitude": 100.7085354, "street_names": "", "highway_types": "residential", "in_degree": 4, "out_degree": 4, "fully_bidirectional": true, "traffic_signals": false, "junction": "", "minimum_branch_angle": 88.29, "maximum_branch_angle": 91.72, "cross_score": 0.9866, "likely_geometric_cross": true, "osm_url": "https://www.openstreetmap.org/node/7908343251", "branch_1_neighbor": "7908343250", "branch_1_bearing": 86.81, "branch_1_street": "", "branch_1_highway": "residential", "branch_2_neighbor": "7908343248", "branch_2_bearing": 177.5, "branch_2_street": "", "branch_2_highway": "residential", "branch_3_neighbor": "7908343252", "branch_3_bearing": 269.22, "branch_3_street": "", "branch_3_highway": "residential", "branch_4_neighbor": "6117202157", "branch_4_bearing": 357.52, "branch_4_street": "", "branch_4_highway": "residential" }, "geometry": { "type": "Point", "coordinates": [ 100.7085354, 13.8524516 ] } },
{ "type": "Feature", "properties": { "osm_node_id": "8392623429", "latitude": 13.8655435, "longitude": 100.6930147, "street_names": "", "highway_types": "residential", "in_degree": 4, "out_degree": 4, "fully_bidirectional": true, "traffic_signals": false, "junction": "", "minimum_branch_angle": 88.77, "maximum_branch_angle": 91.23, "cross_score": 0.9866, "likely_geometric_cross": true, "osm_url": "https://www.openstreetmap.org/node/8392623429", "branch_1_neighbor": "8392623428", "branch_1_bearing": 88.39, "branch_1_street": "", "branch_1_highway": "residential", "branch_2_neighbor": "8392623437", "branch_2_bearing": 177.17, "branch_2_street": "", "branch_2_highway": "residential", "branch_3_neighbor": "8392623430", "branch_3_bearing": 268.34, "branch_3_street": "", "branch_3_highway": "residential", "branch_4_neighbor": "8392623432", "branch_4_bearing": 357.16, "branch_4_street": "", "branch_4_highway": "residential" }, "geometry": { "type": "Point", "coordinates": [ 100.6930147, 13.8655435 ] } },
{ "type": "Feature", "properties": { "osm_node_id": "13472635259", "latitude": 13.8946992, "longitude": 100.6951238, "street_names": "", "highway_types": "residential", "in_degree": 4, "out_degree": 4, "fully_bidirectional": true, "traffic_signals": false, "junction": "", "minimum_branch_angle": 88.53, "maximum_branch_angle": 92.31, "cross_score": 0.9865, "likely_geometric_cross": true, "osm_url": "https://www.openstreetmap.org/node/13472635259", "branch_1_neighbor": "13472635253", "branch_1_bearing": 77.79, "branch_1_street": "", "branch_1_highway": "residential", "branch_2_neighbor": "13475630709", "branch_2_bearing": 166.31, "branch_2_street": "", "branch_2_highway": "residential", "branch_3_neighbor": "13472635261", "branch_3_bearing": 256.44, "branch_3_street": "", "branch_3_highway": "residential", "branch_4_neighbor": "13472635260", "branch_4_bearing": 348.75, "branch_4_street": "", "branch_4_highway": "residential" }, "geometry": { "type": "Point", "coordinates": [ 100.6951238, 13.8946992 ] } },
{ "type": "Feature", "properties": { "osm_node_id": "3834869416", "latitude": 13.8648087, "longitude": 100.7104932, "street_names": "ซอย เลียบคลองสอง 19", "highway_types": "residential", "in_degree": 3, "out_degree": 3, "fully_bidirectional": false, "traffic_signals": false, "junction": "", "minimum_branch_angle": 88.77, "maximum_branch_angle": 91.81, "cross_score": 0.9865, "likely_geometric_cross": true, "osm_url": "https://www.openstreetmap.org/node/3834869416", "branch_1_neighbor": "8144706301", "branch_1_bearing": 89.91, "branch_1_street": "ซอย เลียบคลองสอง 19", "branch_1_highway": "residential", "branch_2_neighbor": "8144706294", "branch_2_bearing": 178.68, "branch_2_street": "", "branch_2_highway": "residential", "branch_3_neighbor": "3834869415", "branch_3_bearing": 270.49, "branch_3_street": "ซอย เลียบคลองสอง 19", "branch_3_highway": "residential", "branch_4_neighbor": "3834869433", "branch_4_bearing": 359.29, "branch_4_street": "", "branch_4_highway": "residential" }, "geometry": { "type": "Point", "coordinates": [ 100.7104932, 13.8648087 ] } },
{ "type": "Feature", "properties": { "osm_node_id": "3835124914", "latitude": 13.8620688, "longitude": 100.6879123, "street_names": "", "highway_types": "residential", "in_degree": 4, "out_degree": 4, "fully_bidirectional": true, "traffic_signals": false, "junction": "", "minimum_branch_angle": 87.57, "maximum_branch_angle": 91.6, "cross_score": 0.9865, "likely_geometric_cross": true, "osm_url": "https://www.openstreetmap.org/node/3835124914", "branch_1_neighbor": "3835124922", "branch_1_bearing": 21.15, "branch_1_street": "", "branch_1_highway": "residential", "branch_2_neighbor": "3835124910", "branch_2_bearing": 111.43, "branch_2_street": "", "branch_2_highway": "residential", "branch_3_neighbor": "3835124906", "branch_3_bearing": 198.99, "branch_3_street": "", "branch_3_highway": "residential", "branch_4_neighbor": "12848165525", "branch_4_bearing": 290.59, "branch_4_street": "", "branch_4_highway": "residential" }, "geometry": { "type": "Point", "coordinates": [ 100.6879123, 13.8620688 ] } },
{ "type": "Feature", "properties": { "osm_node_id": "3834869461", "latitude": 13.8672297, "longitude": 100.7100252, "street_names": "", "highway_types": "residential", "in_degree": 4, "out_degree": 4, "fully_bidirectional": true, "traffic_signals": false, "junction": "", "minimum_branch_angle": 88.08, "maximum_branch_angle": 91.92, "cross_score": 0.9864, "likely_geometric_cross": true, "osm_url": "https://www.openstreetmap.org/node/3834869461", "branch_1_neighbor": "3834869462", "branch_1_bearing": 89.46, "branch_1_street": "", "branch_1_highway": "residential", "branch_2_neighbor": "3834869446", "branch_2_bearing": 178.93, "branch_2_street": "", "branch_2_highway": "residential", "branch_3_neighbor": "3834869460", "branch_3_bearing": 267.01, "branch_3_street": "", "branch_3_highway": "residential", "branch_4_neighbor": "3834869475", "branch_4_bearing": 358.94, "branch_4_street": "", "branch_4_highway": "residential" }, "geometry": { "type": "Point", "coordinates": [ 100.7100252, 13.8672297 ] } },
{ "type": "Feature", "properties": { "osm_node_id": "3841928435", "latitude": 13.8306336, "longitude": 100.7043826, "street_names": "", "highway_types": "residential", "in_degree": 4, "out_degree": 4, "fully_bidirectional": true, "traffic_signals": false, "junction": "", "minimum_branch_angle": 88.78, "maximum_branch_angle": 92.45, "cross_score": 0.9864, "likely_geometric_cross": true, "osm_url": "https://www.openstreetmap.org/node/3841928435", "branch_1_neighbor": "3841928450", "branch_1_bearing": 23.35, "branch_1_street": "", "branch_1_highway": "residential", "branch_2_neighbor": "3841928405", "branch_2_bearing": 115.8, "branch_2_street": "", "branch_2_highway": "residential", "branch_3_neighbor": "3841928421", "branch_3_bearing": 205.06, "branch_3_street": "", "branch_3_highway": "residential", "branch_4_neighbor": "3841928451", "branch_4_bearing": 294.57, "branch_4_street": "", "branch_4_highway": "residential" }, "geometry": { "type": "Point", "coordinates": [ 100.7043826, 13.8306336 ] } },
{ "type": "Feature", "properties": { "osm_node_id": "5941639285", "latitude": 13.8872672, "longitude": 100.7168037, "street_names": "", "highway_types": "residential", "in_degree": 4, "out_degree": 4, "fully_bidirectional": true, "traffic_signals": false, "junction": "", "minimum_branch_angle": 87.99, "maximum_branch_angle": 91.54, "cross_score": 0.9863, "likely_geometric_cross": true, "osm_url": "https://www.openstreetmap.org/node/5941639285", "branch_1_neighbor": "5941639159", "branch_1_bearing": 1.17, "branch_1_street": "", "branch_1_highway": "residential", "branch_2_neighbor": "5941639286", "branch_2_bearing": 89.16, "branch_2_street": "", "branch_2_highway": "residential", "branch_3_neighbor": "5941639284", "branch_3_bearing": 180.7, "branch_3_street": "", "branch_3_highway": "residential", "branch_4_neighbor": "5941658271", "branch_4_bearing": 271.62, "branch_4_street": "", "branch_4_highway": "residential" }, "geometry": { "type": "Point", "coordinates": [ 100.7168037, 13.8872672 ] } },
{ "type": "Feature", "properties": { "osm_node_id": "3834869446", "latitude": 13.866407, "longitude": 100.7100415, "street_names": "", "highway_types": "residential", "in_degree": 4, "out_degree": 4, "fully_bidirectional": true, "traffic_signals": false, "junction": "", "minimum_branch_angle": 88.72, "maximum_branch_angle": 91.28, "cross_score": 0.9862, "likely_geometric_cross": true, "osm_url": "https://www.openstreetmap.org/node/3834869446", "branch_1_neighbor": "3834869444", "branch_1_bearing": 90.04, "branch_1_street": "", "branch_1_highway": "residential", "branch_2_neighbor": "3834869431", "branch_2_bearing": 178.76, "branch_2_street": "", "branch_2_highway": "residential", "branch_3_neighbor": "3834869445", "branch_3_bearing": 269.97, "branch_3_street": "", "branch_3_highway": "residential", "branch_4_neighbor": "3834869461", "branch_4_bearing": 358.76, "branch_4_street": "", "branch_4_highway": "residential" }, "geometry": { "type": "Point", "coordinates": [ 100.7100415, 13.866407 ] } },
{ "type": "Feature", "properties": { "osm_node_id": "3834869263", "latitude": 13.8581203, "longitude": 100.7169987, "street_names": "", "highway_types": "residential", "in_degree": 4, "out_degree": 4, "fully_bidirectional": true, "traffic_signals": false, "junction": "", "minimum_branch_angle": 88.24, "maximum_branch_angle": 91.76, "cross_score": 0.9861, "likely_geometric_cross": true, "osm_url": "https://www.openstreetmap.org/node/3834869263", "branch_1_neighbor": "3834869270", "branch_1_bearing": 0.46, "branch_1_street": "", "branch_1_highway": "residential", "branch_2_neighbor": "3834869262", "branch_2_bearing": 92.21, "branch_2_street": "", "branch_2_highway": "residential", "branch_3_neighbor": "3834869257", "branch_3_bearing": 180.45, "branch_3_street": "", "branch_3_highway": "residential", "branch_4_neighbor": "3834869264", "branch_4_bearing": 271.19, "branch_4_street": "", "branch_4_highway": "residential" }, "geometry": { "type": "Point", "coordinates": [ 100.7169987, 13.8581203 ] } },
{ "type": "Feature", "properties": { "osm_node_id": "3834869275", "latitude": 13.8586972, "longitude": 100.7170034, "street_names": "", "highway_types": "residential", "in_degree": 4, "out_degree": 4, "fully_bidirectional": true, "traffic_signals": false, "junction": "", "minimum_branch_angle": 88.53, "maximum_branch_angle": 91.47, "cross_score": 0.9861, "likely_geometric_cross": true, "osm_url": "https://www.openstreetmap.org/node/3834869275", "branch_1_neighbor": "3834869282", "branch_1_bearing": 0.45, "branch_1_street": "", "branch_1_highway": "residential", "branch_2_neighbor": "3834869273", "branch_2_bearing": 91.92, "branch_2_street": "", "branch_2_highway": "residential", "branch_3_neighbor": "3834869270", "branch_3_bearing": 180.45, "branch_3_street": "", "branch_3_highway": "residential", "branch_4_neighbor": "3834869274", "branch_4_bearing": 269.42, "branch_4_street": "", "branch_4_highway": "residential" }, "geometry": { "type": "Point", "coordinates": [ 100.7170034, 13.8586972 ] } },
{ "type": "Feature", "properties": { "osm_node_id": "5936141599", "latitude": 13.9087297, "longitude": 100.6942618, "street_names": "", "highway_types": "residential", "in_degree": 3, "out_degree": 3, "fully_bidirectional": false, "traffic_signals": false, "junction": "", "minimum_branch_angle": 87.5, "maximum_branch_angle": 91.49, "cross_score": 0.9861, "likely_geometric_cross": true, "osm_url": "https://www.openstreetmap.org/node/5936141599", "branch_1_neighbor": "5936140567", "branch_1_bearing": 52.46, "branch_1_street": "", "branch_1_highway": "residential", "branch_2_neighbor": "5936141601", "branch_2_bearing": 142.81, "branch_2_street": "", "branch_2_highway": "residential", "branch_3_neighbor": "5936141596", "branch_3_bearing": 230.32, "branch_3_street": "", "branch_3_highway": "residential", "branch_4_neighbor": "5936140558", "branch_4_bearing": 321.8, "branch_4_street": "", "branch_4_highway": "residential" }, "geometry": { "type": "Point", "coordinates": [ 100.6942618, 13.9087297 ] } },
{ "type": "Feature", "properties": { "osm_node_id": "3834809012", "latitude": 13.865128, "longitude": 100.7269958, "street_names": "", "highway_types": "residential", "in_degree": 4, "out_degree": 4, "fully_bidirectional": true, "traffic_signals": false, "junction": "", "minimum_branch_angle": 87.81, "maximum_branch_angle": 92.21, "cross_score": 0.986, "likely_geometric_cross": true, "osm_url": "https://www.openstreetmap.org/node/3834809012", "branch_1_neighbor": "3834809015", "branch_1_bearing": 81.23, "branch_1_street": "", "branch_1_highway": "residential", "branch_2_neighbor": "3834808991", "branch_2_bearing": 173.45, "branch_2_street": "", "branch_2_highway": "residential", "branch_3_neighbor": "8336337847", "branch_3_bearing": 261.25, "branch_3_street": "", "branch_3_highway": "residential", "branch_4_neighbor": "3834809026", "branch_4_bearing": 350.92, "branch_4_street": "", "branch_4_highway": "residential" }, "geometry": { "type": "Point", "coordinates": [ 100.7269958, 13.865128 ] } },
{ "type": "Feature", "properties": { "osm_node_id": "3053324401", "latitude": 13.8667497, "longitude": 100.7372162, "street_names": "", "highway_types": "residential", "in_degree": 4, "out_degree": 4, "fully_bidirectional": true, "traffic_signals": false, "junction": "", "minimum_branch_angle": 87.9, "maximum_branch_angle": 91.32, "cross_score": 0.9859, "likely_geometric_cross": true, "osm_url": "https://www.openstreetmap.org/node/3053324401", "branch_1_neighbor": "3053324416", "branch_1_bearing": 90.9, "branch_1_street": "", "branch_1_highway": "residential", "branch_2_neighbor": "3053324355", "branch_2_bearing": 178.8, "branch_2_street": "", "branch_2_highway": "residential", "branch_3_neighbor": "3053324405", "branch_3_bearing": 270.02, "branch_3_street": "", "branch_3_highway": "residential", "branch_4_neighbor": "8451931633", "branch_4_bearing": 359.58, "branch_4_street": "", "branch_4_highway": "residential" }, "geometry": { "type": "Point", "coordinates": [ 100.7372162, 13.8667497 ] } },
{ "type": "Feature", "properties": { "osm_node_id": "3053347114", "latitude": 13.8676379, "longitude": 100.7136558, "street_names": "", "highway_types": "residential", "in_degree": 4, "out_degree": 4, "fully_bidirectional": true, "traffic_signals": false, "junction": "", "minimum_branch_angle": 88.1, "maximum_branch_angle": 91.52, "cross_score": 0.9859, "likely_geometric_cross": true, "osm_url": "https://www.openstreetmap.org/node/3053347114", "branch_1_neighbor": "3053347060", "branch_1_bearing": 0.25, "branch_1_street": "", "branch_1_highway": "residential", "branch_2_neighbor": "3053347045", "branch_2_bearing": 88.35, "branch_2_street": "", "branch_2_highway": "residential", "branch_3_neighbor": "3053347077", "branch_3_bearing": 179.87, "branch_3_street": "", "branch_3_highway": "residential", "branch_4_neighbor": "3053347122", "branch_4_bearing": 269.23, "branch_4_street": "", "branch_4_highway": "residential" }, "geometry": { "type": "Point", "coordinates": [ 100.7136558, 13.8676379 ] } },
{ "type": "Feature", "properties": { "osm_node_id": "5936141592", "latitude": 13.9082172, "longitude": 100.6935634, "street_names": "", "highway_types": "residential", "in_degree": 3, "out_degree": 3, "fully_bidirectional": false, "traffic_signals": false, "junction": "", "minimum_branch_angle": 87.65, "maximum_branch_angle": 92.34, "cross_score": 0.9859, "likely_geometric_cross": true, "osm_url": "https://www.openstreetmap.org/node/5936141592", "branch_1_neighbor": "5936141596", "branch_1_bearing": 53.27, "branch_1_street": "", "branch_1_highway": "residential", "branch_2_neighbor": "5936141594", "branch_2_bearing": 143.07, "branch_2_street": "", "branch_2_highway": "residential", "branch_3_neighbor": "5936141588", "branch_3_bearing": 233.28, "branch_3_street": "", "branch_3_highway": "residential", "branch_4_neighbor": "5936141591", "branch_4_bearing": 325.61, "branch_4_street": "", "branch_4_highway": "residential" }, "geometry": { "type": "Point", "coordinates": [ 100.6935634, 13.9082172 ] } },
{ "type": "Feature", "properties": { "osm_node_id": "8392856252", "latitude": 13.839238, "longitude": 100.7348958, "street_names": "ซอยนิมิตใหม่ 13/2", "highway_types": "residential", "in_degree": 3, "out_degree": 3, "fully_bidirectional": false, "traffic_signals": false, "junction": "", "minimum_branch_angle": 88.65, "maximum_branch_angle": 91.37, "cross_score": 0.9859, "likely_geometric_cross": true, "osm_url": "https://www.openstreetmap.org/node/8392856252", "branch_1_neighbor": "5883226967", "branch_1_bearing": 70.66, "branch_1_street": "ซอยนิมิตใหม่ 13/2", "branch_1_highway": "residential", "branch_2_neighbor": "8392856251", "branch_2_bearing": 161.83, "branch_2_street": "", "branch_2_highway": "residential", "branch_3_neighbor": "5883226969", "branch_3_bearing": 250.48, "branch_3_street": "ซอยนิมิตใหม่ 13/2", "branch_3_highway": "residential", "branch_4_neighbor": "8392856253", "branch_4_bearing": 341.85, "branch_4_street": "", "branch_4_highway": "residential" }, "geometry": { "type": "Point", "coordinates": [ 100.7348958, 13.839238 ] } },
{ "type": "Feature", "properties": { "osm_node_id": "3840100066", "latitude": 13.8562339, "longitude": 100.6825449, "street_names": "ซอย 3; ซอย 4", "highway_types": "residential", "in_degree": 4, "out_degree": 4, "fully_bidirectional": true, "traffic_signals": false, "junction": "", "minimum_branch_angle": 88.11, "maximum_branch_angle": 91.88, "cross_score": 0.9858, "likely_geometric_cross": true, "osm_url": "https://www.openstreetmap.org/node/3840100066", "branch_1_neighbor": "3840100068", "branch_1_bearing": 75.98, "branch_1_street": "ซอย 3", "branch_1_highway": "residential", "branch_2_neighbor": "3840100060", "branch_2_bearing": 165.31, "branch_2_street": "", "branch_2_highway": "residential", "branch_3_neighbor": "3840100064", "branch_3_bearing": 257.2, "branch_3_street": "ซอย 4", "branch_3_highway": "residential", "branch_4_neighbor": "3840100074", "branch_4_bearing": 345.31, "branch_4_street": "", "branch_4_highway": "residential" }, "geometry": { "type": "Point", "coordinates": [ 100.6825449, 13.8562339 ] } },
{ "type": "Feature", "properties": { "osm_node_id": "2733467937", "latitude": 13.861451, "longitude": 100.6920439, "street_names": "", "highway_types": "residential", "in_degree": 4, "out_degree": 4, "fully_bidirectional": true, "traffic_signals": false, "junction": "", "minimum_branch_angle": 87.43, "maximum_branch_angle": 92.1, "cross_score": 0.9857, "likely_geometric_cross": true, "osm_url": "https://www.openstreetmap.org/node/2733467937", "branch_1_neighbor": "2733467939", "branch_1_bearing": 79.77, "branch_1_street": "", "branch_1_highway": "residential", "branch_2_neighbor": "2733467931", "branch_2_bearing": 171.87, "branch_2_street": "", "branch_2_highway": "residential", "branch_3_neighbor": "2733467935", "branch_3_bearing": 259.3, "branch_3_street": "", "branch_3_highway": "residential", "branch_4_neighbor": "2733467944", "branch_4_bearing": 349.71, "branch_4_street": "", "branch_4_highway": "residential" }, "geometry": { "type": "Point", "coordinates": [ 100.6920439, 13.861451 ] } },
{ "type": "Feature", "properties": { "osm_node_id": "3840058784", "latitude": 13.8494443, "longitude": 100.7074365, "street_names": "", "highway_types": "residential", "in_degree": 4, "out_degree": 4, "fully_bidirectional": true, "traffic_signals": false, "junction": "", "minimum_branch_angle": 87.96, "maximum_branch_angle": 92.34, "cross_score": 0.9857, "likely_geometric_cross": true, "osm_url": "https://www.openstreetmap.org/node/3840058784", "branch_1_neighbor": "3841547735", "branch_1_bearing": 87.32, "branch_1_street": "", "branch_1_highway": "residential", "branch_2_neighbor": "3840058780", "branch_2_bearing": 177.56, "branch_2_street": "", "branch_2_highway": "residential", "branch_3_neighbor": "3841547732", "branch_3_bearing": 265.52, "branch_3_street": "", "branch_3_highway": "residential", "branch_4_neighbor": "3840058790", "branch_4_bearing": 357.85, "branch_4_street": "", "branch_4_highway": "residential" }, "geometry": { "type": "Point", "coordinates": [ 100.7074365, 13.8494443 ] } },
{ "type": "Feature", "properties": { "osm_node_id": "5819567007", "latitude": 13.8375338, "longitude": 100.770152, "street_names": "ซอยประชาร่วมใจ 35", "highway_types": "residential", "in_degree": 4, "out_degree": 4, "fully_bidirectional": true, "traffic_signals": false, "junction": "", "minimum_branch_angle": 88.29, "maximum_branch_angle": 91.82, "cross_score": 0.9857, "likely_geometric_cross": true, "osm_url": "https://www.openstreetmap.org/node/5819567007", "branch_1_neighbor": "5819566970", "branch_1_bearing": 55.34, "branch_1_street": "", "branch_1_highway": "residential", "branch_2_neighbor": "8606157435", "branch_2_bearing": 147.16, "branch_2_street": "ซอยประชาร่วมใจ 35", "branch_2_highway": "residential", "branch_3_neighbor": "5817100937", "branch_3_bearing": 235.46, "branch_3_street": "", "branch_3_highway": "residential", "branch_4_neighbor": "5817100950", "branch_4_bearing": 326.21, "branch_4_street": "ซอยประชาร่วมใจ 35", "branch_4_highway": "residential" }, "geometry": { "type": "Point", "coordinates": [ 100.770152, 13.8375338 ] } },
{ "type": "Feature", "properties": { "osm_node_id": "6061846267", "latitude": 13.9001749, "longitude": 100.7893968, "street_names": "", "highway_types": "residential", "in_degree": 4, "out_degree": 4, "fully_bidirectional": true, "traffic_signals": false, "junction": "", "minimum_branch_angle": 88.08, "maximum_branch_angle": 91.45, "cross_score": 0.9857, "likely_geometric_cross": true, "osm_url": "https://www.openstreetmap.org/node/6061846267", "branch_1_neighbor": "6061845996", "branch_1_bearing": 0.0, "branch_1_street": "", "branch_1_highway": "residential", "branch_2_neighbor": "6061846268", "branch_2_bearing": 91.13, "branch_2_street": "", "branch_2_highway": "residential", "branch_3_neighbor": "8410795433", "branch_3_bearing": 179.21, "branch_3_street": "", "branch_3_highway": "residential", "branch_4_neighbor": "8410795431", "branch_4_bearing": 270.66, "branch_4_street": "", "branch_4_highway": "residential" }, "geometry": { "type": "Point", "coordinates": [ 100.7893968, 13.9001749 ] } },
{ "type": "Feature", "properties": { "osm_node_id": "8359517724", "latitude": 13.914089, "longitude": 100.7030543, "street_names": "", "highway_types": "residential", "in_degree": 4, "out_degree": 4, "fully_bidirectional": true, "traffic_signals": false, "junction": "", "minimum_branch_angle": 87.86, "maximum_branch_angle": 92.16, "cross_score": 0.9857, "likely_geometric_cross": true, "osm_url": "https://www.openstreetmap.org/node/8359517724", "branch_1_neighbor": "8359517723", "branch_1_bearing": 58.61, "branch_1_street": "", "branch_1_highway": "residential", "branch_2_neighbor": "8359517721", "branch_2_bearing": 150.77, "branch_2_street": "", "branch_2_highway": "residential", "branch_3_neighbor": "8359517725", "branch_3_bearing": 240.33, "branch_3_street": "", "branch_3_highway": "residential", "branch_4_neighbor": "8359517743", "branch_4_bearing": 330.75, "branch_4_street": "", "branch_4_highway": "residential" }, "geometry": { "type": "Point", "coordinates": [ 100.7030543, 13.914089 ] } },
{ "type": "Feature", "properties": { "osm_node_id": "7908280074", "latitude": 13.8541925, "longitude": 100.7071232, "street_names": "ถนนปัญญาอินทรา", "highway_types": "residential; tertiary", "in_degree": 3, "out_degree": 3, "fully_bidirectional": false, "traffic_signals": false, "junction": "", "minimum_branch_angle": 87.81, "maximum_branch_angle": 91.34, "cross_score": 0.9856, "likely_geometric_cross": true, "osm_url": "https://www.openstreetmap.org/node/7908280074", "branch_1_neighbor": "7908280072", "branch_1_bearing": 0.03, "branch_1_street": "ถนนปัญญาอินทรา", "branch_1_highway": "tertiary", "branch_2_neighbor": "7908280073", "branch_2_bearing": 91.27, "branch_2_street": "", "branch_2_highway": "residential", "branch_3_neighbor": "7908343120", "branch_3_bearing": 179.08, "branch_3_street": "ถนนปัญญาอินทรา", "branch_3_highway": "tertiary", "branch_4_neighbor": "8140821558", "branch_4_bearing": 268.69, "branch_4_street": "", "branch_4_highway": "residential" }, "geometry": { "type": "Point", "coordinates": [ 100.7071232, 13.8541925 ] } },
{ "type": "Feature", "properties": { "osm_node_id": "3840012517", "latitude": 13.8520897, "longitude": 100.7132145, "street_names": "", "highway_types": "residential", "in_degree": 4, "out_degree": 4, "fully_bidirectional": true, "traffic_signals": false, "junction": "", "minimum_branch_angle": 87.49, "maximum_branch_angle": 91.94, "cross_score": 0.9855, "likely_geometric_cross": true, "osm_url": "https://www.openstreetmap.org/node/3840012517", "branch_1_neighbor": "3840012518", "branch_1_bearing": 87.89, "branch_1_street": "", "branch_1_highway": "residential", "branch_2_neighbor": "3840012513", "branch_2_bearing": 178.56, "branch_2_street": "", "branch_2_highway": "residential", "branch_3_neighbor": "3840012516", "branch_3_bearing": 266.04, "branch_3_street": "", "branch_3_highway": "residential", "branch_4_neighbor": "3840012524", "branch_4_bearing": 357.98, "branch_4_street": "", "branch_4_highway": "residential" }, "geometry": { "type": "Point", "coordinates": [ 100.7132145, 13.8520897 ] } },
{ "type": "Feature", "properties": { "osm_node_id": "3840058987", "latitude": 13.8551871, "longitude": 100.7067181, "street_names": "", "highway_types": "residential", "in_degree": 4, "out_degree": 4, "fully_bidirectional": true, "traffic_signals": false, "junction": "", "minimum_branch_angle": 87.37, "maximum_branch_angle": 92.08, "cross_score": 0.9854, "likely_geometric_cross": true, "osm_url": "https://www.openstreetmap.org/node/3840058987", "branch_1_neighbor": "3840058993", "branch_1_bearing": 0.53, "branch_1_street": "", "branch_1_highway": "residential", "branch_2_neighbor": "3840058981", "branch_2_bearing": 92.61, "branch_2_street": "", "branch_2_highway": "residential", "branch_3_neighbor": "3840058974", "branch_3_bearing": 179.97, "branch_3_street": "", "branch_3_highway": "residential", "branch_4_neighbor": "3840058986", "branch_4_bearing": 270.22, "branch_4_street": "", "branch_4_highway": "residential" }, "geometry": { "type": "Point", "coordinates": [ 100.7067181, 13.8551871 ] } },
{ "type": "Feature", "properties": { "osm_node_id": "3053324372", "latitude": 13.8732653, "longitude": 100.745576, "street_names": "", "highway_types": "residential", "in_degree": 4, "out_degree": 4, "fully_bidirectional": true, "traffic_signals": false, "junction": "", "minimum_branch_angle": 88.68, "maximum_branch_angle": 91.33, "cross_score": 0.9853, "likely_geometric_cross": true, "osm_url": "https://www.openstreetmap.org/node/3053324372", "branch_1_neighbor": "3053324437", "branch_1_bearing": 85.8, "branch_1_street": "", "branch_1_highway": "residential", "branch_2_neighbor": "3053324447", "branch_2_bearing": 174.48, "branch_2_street": "", "branch_2_highway": "residential", "branch_3_neighbor": "3053324360", "branch_3_bearing": 265.79, "branch_3_street": "", "branch_3_highway": "residential", "branch_4_neighbor": "3053324346", "branch_4_bearing": 354.47, "branch_4_street": "", "branch_4_highway": "residential" }, "geometry": { "type": "Point", "coordinates": [ 100.745576, 13.8732653 ] } },
{ "type": "Feature", "properties": { "osm_node_id": "8424633797", "latitude": 13.8973609, "longitude": 100.7118635, "street_names": "", "highway_types": "residential", "in_degree": 4, "out_degree": 4, "fully_bidirectional": true, "traffic_signals": false, "junction": "", "minimum_branch_angle": 88.64, "maximum_branch_angle": 91.35, "cross_score": 0.9853, "likely_geometric_cross": true, "osm_url": "https://www.openstreetmap.org/node/8424633797", "branch_1_neighbor": "8424633796", "branch_1_bearing": 87.04, "branch_1_street": "", "branch_1_highway": "residential", "branch_2_neighbor": "8424633806", "branch_2_bearing": 175.68, "branch_2_street": "", "branch_2_highway": "residential", "branch_3_neighbor": "8424633798", "branch_3_bearing": 267.03, "branch_3_street": "", "branch_3_highway": "residential", "branch_4_neighbor": "8424633794", "branch_4_bearing": 355.75, "branch_4_street": "", "branch_4_highway": "residential" }, "geometry": { "type": "Point", "coordinates": [ 100.7118635, 13.8973609 ] } },
{ "type": "Feature", "properties": { "osm_node_id": "3834869296", "latitude": 13.8595687, "longitude": 100.7170016, "street_names": "", "highway_types": "residential", "in_degree": 4, "out_degree": 4, "fully_bidirectional": true, "traffic_signals": false, "junction": "", "minimum_branch_angle": 88.13, "maximum_branch_angle": 91.85, "cross_score": 0.9852, "likely_geometric_cross": true, "osm_url": "https://www.openstreetmap.org/node/3834869296", "branch_1_neighbor": "3834869294", "branch_1_bearing": 91.39, "branch_1_street": "", "branch_1_highway": "residential", "branch_2_neighbor": "3834869289", "branch_2_bearing": 179.53, "branch_2_street": "", "branch_2_highway": "residential", "branch_3_neighbor": "3834869295", "branch_3_bearing": 268.73, "branch_3_street": "", "branch_3_highway": "residential", "branch_4_neighbor": "3834869301", "branch_4_bearing": 359.55, "branch_4_street": "", "branch_4_highway": "residential" }, "geometry": { "type": "Point", "coordinates": [ 100.7170016, 13.8595687 ] } },
{ "type": "Feature", "properties": { "osm_node_id": "5887077315", "latitude": 13.9078936, "longitude": 100.7874839, "street_names": "", "highway_types": "residential", "in_degree": 4, "out_degree": 4, "fully_bidirectional": true, "traffic_signals": false, "junction": "", "minimum_branch_angle": 88.19, "maximum_branch_angle": 91.42, "cross_score": 0.9852, "likely_geometric_cross": true, "osm_url": "https://www.openstreetmap.org/node/5887077315", "branch_1_neighbor": "5887077316", "branch_1_bearing": 0.29, "branch_1_street": "", "branch_1_highway": "residential", "branch_2_neighbor": "5887076582", "branch_2_bearing": 91.54, "branch_2_street": "", "branch_2_highway": "residential", "branch_3_neighbor": "5887076583", "branch_3_bearing": 180.68, "branch_3_street": "", "branch_3_highway": "residential", "branch_4_neighbor": "5887077317", "branch_4_bearing": 272.1, "branch_4_street": "", "branch_4_highway": "residential" }, "geometry": { "type": "Point", "coordinates": [ 100.7874839, 13.9078936 ] } },
{ "type": "Feature", "properties": { "osm_node_id": "8341596615", "latitude": 13.8966975, "longitude": 100.7167404, "street_names": "", "highway_types": "residential", "in_degree": 4, "out_degree": 4, "fully_bidirectional": true, "traffic_signals": false, "junction": "", "minimum_branch_angle": 88.54, "maximum_branch_angle": 91.47, "cross_score": 0.9852, "likely_geometric_cross": true, "osm_url": "https://www.openstreetmap.org/node/8341596615", "branch_1_neighbor": "8341596614", "branch_1_bearing": 86.91, "branch_1_street": "", "branch_1_highway": "residential", "branch_2_neighbor": "8341596612", "branch_2_bearing": 175.7, "branch_2_street": "", "branch_2_highway": "residential", "branch_3_neighbor": "8341596616", "branch_3_bearing": 267.17, "branch_3_street": "", "branch_3_highway": "residential", "branch_4_neighbor": "8341609618", "branch_4_bearing": 355.71, "branch_4_street": "", "branch_4_highway": "residential" }, "geometry": { "type": "Point", "coordinates": [ 100.7167404, 13.8966975 ] } },
{ "type": "Feature", "properties": { "osm_node_id": "3841370425", "latitude": 13.8464266, "longitude": 100.7457338, "street_names": "", "highway_types": "residential", "in_degree": 4, "out_degree": 4, "fully_bidirectional": true, "traffic_signals": false, "junction": "", "minimum_branch_angle": 88.63, "maximum_branch_angle": 92.65, "cross_score": 0.9851, "likely_geometric_cross": true, "osm_url": "https://www.openstreetmap.org/node/3841370425", "branch_1_neighbor": "3841370433", "branch_1_bearing": 71.89, "branch_1_street": "", "branch_1_highway": "residential", "branch_2_neighbor": "3841370411", "branch_2_bearing": 161.92, "branch_2_street": "", "branch_2_highway": "residential", "branch_3_neighbor": "3841370415", "branch_3_bearing": 250.6, "branch_3_street": "", "branch_3_highway": "residential", "branch_4_neighbor": "3841370435", "branch_4_bearing": 339.24, "branch_4_street": "", "branch_4_highway": "residential" }, "geometry": { "type": "Point", "coordinates": [ 100.7457338, 13.8464266 ] } },
{ "type": "Feature", "properties": { "osm_node_id": "10008675108", "latitude": 13.9033524, "longitude": 100.698534, "street_names": "", "highway_types": "residential", "in_degree": 4, "out_degree": 4, "fully_bidirectional": true, "traffic_signals": false, "junction": "", "minimum_branch_angle": 87.79, "maximum_branch_angle": 91.51, "cross_score": 0.985, "likely_geometric_cross": true, "osm_url": "https://www.openstreetmap.org/node/10008675108", "branch_1_neighbor": "10008675109", "branch_1_bearing": 55.48, "branch_1_street": "", "branch_1_highway": "residential", "branch_2_neighbor": "9708386521", "branch_2_bearing": 146.68, "branch_2_street": "", "branch_2_highway": "residential", "branch_3_neighbor": "10008675107", "branch_3_bearing": 236.19, "branch_3_street": "", "branch_3_highway": "residential", "branch_4_neighbor": "10008675111", "branch_4_bearing": 327.69, "branch_4_street": "", "branch_4_highway": "residential" }, "geometry": { "type": "Point", "coordinates": [ 100.698534, 13.9033524 ] } },
{ "type": "Feature", "properties": { "osm_node_id": "3841370445", "latitude": 13.8475112, "longitude": 100.7453457, "street_names": "", "highway_types": "residential", "in_degree": 4, "out_degree": 4, "fully_bidirectional": true, "traffic_signals": false, "junction": "", "minimum_branch_angle": 88.59, "maximum_branch_angle": 92.43, "cross_score": 0.9849, "likely_geometric_cross": true, "osm_url": "https://www.openstreetmap.org/node/3841370445", "branch_1_neighbor": "6522032825", "branch_1_bearing": 70.87, "branch_1_street": "", "branch_1_highway": "residential", "branch_2_neighbor": "3841370440", "branch_2_bearing": 163.3, "branch_2_street": "", "branch_2_highway": "residential", "branch_3_neighbor": "6522034304", "branch_3_bearing": 251.89, "branch_3_street": "", "branch_3_highway": "residential", "branch_4_neighbor": "3841370449", "branch_4_bearing": 342.17, "branch_4_street": "", "branch_4_highway": "residential" }, "geometry": { "type": "Point", "coordinates": [ 100.7453457, 13.8475112 ] } },
{ "type": "Feature", "properties": { "osm_node_id": "6117202605", "latitude": 13.8493893, "longitude": 100.7086672, "street_names": "", "highway_types": "residential", "in_degree": 4, "out_degree": 4, "fully_bidirectional": true, "traffic_signals": false, "junction": "", "minimum_branch_angle": 88.63, "maximum_branch_angle": 91.37, "cross_score": 0.9849, "likely_geometric_cross": true, "osm_url": "https://www.openstreetmap.org/node/6117202605", "branch_1_neighbor": "6117202606", "branch_1_bearing": 89.04, "branch_1_street": "", "branch_1_highway": "residential", "branch_2_neighbor": "6117202602", "branch_2_bearing": 177.68, "branch_2_street": "", "branch_2_highway": "residential", "branch_3_neighbor": "6117202604", "branch_3_bearing": 269.04, "branch_3_street": "", "branch_3_highway": "residential", "branch_4_neighbor": "6117202608", "branch_4_bearing": 357.68, "branch_4_street": "", "branch_4_highway": "residential" }, "geometry": { "type": "Point", "coordinates": [ 100.7086672, 13.8493893 ] } },
{ "type": "Feature", "properties": { "osm_node_id": "3840087236", "latitude": 13.8555817, "longitude": 100.6967469, "street_names": "", "highway_types": "residential", "in_degree": 4, "out_degree": 4, "fully_bidirectional": true, "traffic_signals": false, "junction": "", "minimum_branch_angle": 88.18, "maximum_branch_angle": 91.82, "cross_score": 0.9848, "likely_geometric_cross": true, "osm_url": "https://www.openstreetmap.org/node/3840087236", "branch_1_neighbor": "3840087238", "branch_1_bearing": 88.69, "branch_1_street": "", "branch_1_highway": "residential", "branch_2_neighbor": "3840087222", "branch_2_bearing": 179.6, "branch_2_street": "", "branch_2_highway": "residential", "branch_3_neighbor": "3840087237", "branch_3_bearing": 271.43, "branch_3_street": "", "branch_3_highway": "residential", "branch_4_neighbor": "3840087245", "branch_4_bearing": 359.61, "branch_4_street": "", "branch_4_highway": "residential" }, "geometry": { "type": "Point", "coordinates": [ 100.6967469, 13.8555817 ] } },
{ "type": "Feature", "properties": { "osm_node_id": "3840099905", "latitude": 13.848596, "longitude": 100.6858629, "street_names": "", "highway_types": "residential", "in_degree": 4, "out_degree": 4, "fully_bidirectional": true, "traffic_signals": false, "junction": "", "minimum_branch_angle": 87.91, "maximum_branch_angle": 92.63, "cross_score": 0.9848, "likely_geometric_cross": true, "osm_url": "https://www.openstreetmap.org/node/3840099905", "branch_1_neighbor": "3841601573", "branch_1_bearing": 6.92, "branch_1_street": "", "branch_1_highway": "residential", "branch_2_neighbor": "6129277269", "branch_2_bearing": 96.28, "branch_2_street": "", "branch_2_highway": "residential", "branch_3_neighbor": "6129277207", "branch_3_bearing": 184.19, "branch_3_street": "", "branch_3_highway": "residential", "branch_4_neighbor": "6129277270", "branch_4_bearing": 274.29, "branch_4_street": "", "branch_4_highway": "residential" }, "geometry": { "type": "Point", "coordinates": [ 100.6858629, 13.848596 ] } },
{ "type": "Feature", "properties": { "osm_node_id": "3841938304", "latitude": 13.830123, "longitude": 100.6948023, "street_names": "", "highway_types": "residential", "in_degree": 4, "out_degree": 4, "fully_bidirectional": true, "traffic_signals": false, "junction": "", "minimum_branch_angle": 87.24, "maximum_branch_angle": 91.17, "cross_score": 0.9847, "likely_geometric_cross": true, "osm_url": "https://www.openstreetmap.org/node/3841938304", "branch_1_neighbor": "3841938305", "branch_1_bearing": 60.71, "branch_1_street": "", "branch_1_highway": "residential", "branch_2_neighbor": "8034727846", "branch_2_bearing": 151.63, "branch_2_street": "", "branch_2_highway": "residential", "branch_3_neighbor": "3841938302", "branch_3_bearing": 242.3, "branch_3_street": "", "branch_3_highway": "residential", "branch_4_neighbor": "3841938314", "branch_4_bearing": 333.46, "branch_4_street": "", "branch_4_highway": "residential" }, "geometry": { "type": "Point", "coordinates": [ 100.6948023, 13.830123 ] } },
{ "type": "Feature", "properties": { "osm_node_id": "3053324358", "latitude": 13.8741359, "longitude": 100.7454893, "street_names": "", "highway_types": "residential", "in_degree": 4, "out_degree": 4, "fully_bidirectional": true, "traffic_signals": false, "junction": "", "minimum_branch_angle": 88.6, "maximum_branch_angle": 91.39, "cross_score": 0.9846, "likely_geometric_cross": true, "osm_url": "https://www.openstreetmap.org/node/3053324358", "branch_1_neighbor": "8158361855", "branch_1_bearing": 85.86, "branch_1_street": "", "branch_1_highway": "residential", "branch_2_neighbor": "3053324346", "branch_2_bearing": 174.48, "branch_2_street": "", "branch_2_highway": "residential", "branch_3_neighbor": "8158361857", "branch_3_bearing": 265.87, "branch_3_street": "", "branch_3_highway": "residential", "branch_4_neighbor": "3053324370", "branch_4_bearing": 354.47, "branch_4_street": "", "branch_4_highway": "residential" }, "geometry": { "type": "Point", "coordinates": [ 100.7454893, 13.8741359 ] } },
{ "type": "Feature", "properties": { "osm_node_id": "3834869414", "latitude": 13.8648079, "longitude": 100.7100832, "street_names": "ซอย เลียบคลองสอง 19", "highway_types": "residential", "in_degree": 3, "out_degree": 3, "fully_bidirectional": false, "traffic_signals": false, "junction": "", "minimum_branch_angle": 87.26, "maximum_branch_angle": 91.44, "cross_score": 0.9846, "likely_geometric_cross": true, "osm_url": "https://www.openstreetmap.org/node/3834869414", "branch_1_neighbor": "3834869415", "branch_1_bearing": 89.78, "branch_1_street": "ซอย เลียบคลองสอง 19", "branch_1_highway": "residential", "branch_2_neighbor": "8144706296", "branch_2_bearing": 177.04, "branch_2_street": "", "branch_2_highway": "residential", "branch_3_neighbor": "8144706292", "branch_3_bearing": 268.37, "branch_3_street": "ซอย เลียบคลองสอง 19", "branch_3_highway": "residential", "branch_4_neighbor": "3834869431", "branch_4_bearing": 358.34, "branch_4_street": "", "branch_4_highway": "residential" }, "geometry": { "type": "Point", "coordinates": [ 100.7100832, 13.8648079 ] } },
{ "type": "Feature", "properties": { "osm_node_id": "2733467975", "latitude": 13.8631897, "longitude": 100.6917036, "street_names": "", "highway_types": "residential", "in_degree": 4, "out_degree": 4, "fully_bidirectional": true, "traffic_signals": false, "junction": "", "minimum_branch_angle": 88.36, "maximum_branch_angle": 92.22, "cross_score": 0.9843, "likely_geometric_cross": true, "osm_url": "https://www.openstreetmap.org/node/2733467975", "branch_1_neighbor": "2733467977", "branch_1_bearing": 78.83, "branch_1_street": "", "branch_1_highway": "residential", "branch_2_neighbor": "2733467967", "branch_2_bearing": 167.65, "branch_2_street": "", "branch_2_highway": "residential", "branch_3_neighbor": "2733467973", "branch_3_bearing": 258.25, "branch_3_street": "", "branch_3_highway": "residential", "branch_4_neighbor": "518790295", "branch_4_bearing": 350.47, "branch_4_street": "", "branch_4_highway": "residential" }, "geometry": { "type": "Point", "coordinates": [ 100.6917036, 13.8631897 ] } },
{ "type": "Feature", "properties": { "osm_node_id": "3841863948", "latitude": 13.8349932, "longitude": 100.7320037, "street_names": "ซอยนิมิตใหม่ 9; พนาสนธิ์ 20", "highway_types": "residential", "in_degree": 4, "out_degree": 4, "fully_bidirectional": true, "traffic_signals": false, "junction": "", "minimum_branch_angle": 87.91, "maximum_branch_angle": 92.11, "cross_score": 0.9843, "likely_geometric_cross": true, "osm_url": "https://www.openstreetmap.org/node/3841863948", "branch_1_neighbor": "3841863950", "branch_1_bearing": 70.06, "branch_1_street": "ซอยนิมิตใหม่ 9", "branch_1_highway": "residential", "branch_2_neighbor": "3841863941", "branch_2_bearing": 157.97, "branch_2_street": "พนาสนธิ์ 20", "branch_2_highway": "residential", "branch_3_neighbor": "3841863944", "branch_3_bearing": 250.08, "branch_3_street": "ซอยนิมิตใหม่ 9", "branch_3_highway": "residential", "branch_4_neighbor": "3841863955", "branch_4_bearing": 339.34, "branch_4_street": "", "branch_4_highway": "residential" }, "geometry": { "type": "Point", "coordinates": [ 100.7320037, 13.8349932 ] } },
{ "type": "Feature", "properties": { "osm_node_id": "3841547716", "latitude": 13.8487679, "longitude": 100.7074652, "street_names": "", "highway_types": "residential", "in_degree": 4, "out_degree": 4, "fully_bidirectional": true, "traffic_signals": false, "junction": "", "minimum_branch_angle": 88.56, "maximum_branch_angle": 91.64, "cross_score": 0.9842, "likely_geometric_cross": true, "osm_url": "https://www.openstreetmap.org/node/3841547716", "branch_1_neighbor": "3841547719", "branch_1_bearing": 88.93, "branch_1_street": "", "branch_1_highway": "residential", "branch_2_neighbor": "3841547696", "branch_2_bearing": 177.49, "branch_2_street": "", "branch_2_highway": "residential", "branch_3_neighbor": "3841547715", "branch_3_bearing": 266.08, "branch_3_street": "", "branch_3_highway": "residential", "branch_4_neighbor": "3840058780", "branch_4_bearing": 357.72, "branch_4_street": "", "branch_4_highway": "residential" }, "geometry": { "type": "Point", "coordinates": [ 100.7074652, 13.8487679 ] } },
{ "type": "Feature", "properties": { "osm_node_id": "8129702184", "latitude": 13.8540787, "longitude": 100.6868645, "street_names": "", "highway_types": "residential", "in_degree": 3, "out_degree": 3, "fully_bidirectional": false, "traffic_signals": false, "junction": "", "minimum_branch_angle": 88.4, "maximum_branch_angle": 92.85, "cross_score": 0.9842, "likely_geometric_cross": true, "osm_url": "https://www.openstreetmap.org/node/8129702184", "branch_1_neighbor": "8129702183", "branch_1_bearing": 4.4, "branch_1_street": "", "branch_1_highway": "residential", "branch_2_neighbor": "3840100002", "branch_2_bearing": 94.16, "branch_2_street": "", "branch_2_highway": "residential", "branch_3_neighbor": "8129702185", "branch_3_bearing": 187.01, "branch_3_street": "", "branch_3_highway": "residential", "branch_4_neighbor": "3840100005", "branch_4_bearing": 275.41, "branch_4_street": "", "branch_4_highway": "residential" }, "geometry": { "type": "Point", "coordinates": [ 100.6868645, 13.8540787 ] } },
{ "type": "Feature", "properties": { "osm_node_id": "8186556269", "latitude": 13.8526458, "longitude": 100.7718809, "street_names": "", "highway_types": "residential", "in_degree": 4, "out_degree": 4, "fully_bidirectional": true, "traffic_signals": false, "junction": "", "minimum_branch_angle": 88.41, "maximum_branch_angle": 91.59, "cross_score": 0.9842, "likely_geometric_cross": true, "osm_url": "https://www.openstreetmap.org/node/8186556269", "branch_1_neighbor": "8186556275", "branch_1_bearing": 65.69, "branch_1_street": "", "branch_1_highway": "residential", "branch_2_neighbor": "8186556268", "branch_2_bearing": 154.1, "branch_2_street": "", "branch_2_highway": "residential", "branch_3_neighbor": "8186556276", "branch_3_bearing": 245.69, "branch_3_street": "", "branch_3_highway": "residential", "branch_4_neighbor": "8186556270", "branch_4_bearing": 334.44, "branch_4_street": "", "branch_4_highway": "residential" }, "geometry": { "type": "Point", "coordinates": [ 100.7718809, 13.8526458 ] } },
{ "type": "Feature", "properties": { "osm_node_id": "2562522045", "latitude": 13.8640372, "longitude": 100.7202205, "street_names": "เมืองประชา ซอย 75", "highway_types": "residential", "in_degree": 4, "out_degree": 4, "fully_bidirectional": true, "traffic_signals": false, "junction": "", "minimum_branch_angle": 87.27, "maximum_branch_angle": 92.77, "cross_score": 0.9841, "likely_geometric_cross": true, "osm_url": "https://www.openstreetmap.org/node/2562522045", "branch_1_neighbor": "2562522046", "branch_1_bearing": 85.35, "branch_1_street": "เมืองประชา ซอย 75", "branch_1_highway": "residential", "branch_2_neighbor": "2562521926", "branch_2_bearing": 178.13, "branch_2_street": "", "branch_2_highway": "residential", "branch_3_neighbor": "2562522044", "branch_3_bearing": 268.0, "branch_3_street": "เมืองประชา ซอย 75", "branch_3_highway": "residential", "branch_4_neighbor": "2562522042", "branch_4_bearing": 358.08, "branch_4_street": "", "branch_4_highway": "residential" }, "geometry": { "type": "Point", "coordinates": [ 100.7202205, 13.8640372 ] } },
{ "type": "Feature", "properties": { "osm_node_id": "3053324362", "latitude": 13.8683702, "longitude": 100.7460594, "street_names": "", "highway_types": "residential", "in_degree": 4, "out_degree": 4, "fully_bidirectional": true, "traffic_signals": false, "junction": "", "minimum_branch_angle": 87.13, "maximum_branch_angle": 92.39, "cross_score": 0.9841, "likely_geometric_cross": true, "osm_url": "https://www.openstreetmap.org/node/3053324362", "branch_1_neighbor": "3053324371", "branch_1_bearing": 84.95, "branch_1_street": "", "branch_1_highway": "residential", "branch_2_neighbor": "3053324345", "branch_2_bearing": 177.34, "branch_2_street": "", "branch_2_highway": "residential", "branch_3_neighbor": "3053324454", "branch_3_bearing": 264.47, "branch_3_street": "", "branch_3_highway": "residential", "branch_4_neighbor": "4415580544", "branch_4_bearing": 354.68, "branch_4_street": "", "branch_4_highway": "residential" }, "geometry": { "type": "Point", "coordinates": [ 100.7460594, 13.8683702 ] } },
{ "type": "Feature", "properties": { "osm_node_id": "5936141588", "latitude": 13.9079949, "longitude": 100.6932564, "street_names": "", "highway_types": "residential", "in_degree": 3, "out_degree": 3, "fully_bidirectional": false, "traffic_signals": false, "junction": "", "minimum_branch_angle": 87.15, "maximum_branch_angle": 92.84, "cross_score": 0.9841, "likely_geometric_cross": true, "osm_url": "https://www.openstreetmap.org/node/5936141588", "branch_1_neighbor": "5936141592", "branch_1_bearing": 53.28, "branch_1_street": "", "branch_1_highway": "residential", "branch_2_neighbor": "5936141589", "branch_2_bearing": 140.43, "branch_2_street": "", "branch_2_highway": "residential", "branch_3_neighbor": "5936141585", "branch_3_bearing": 233.27, "branch_3_street": "", "branch_3_highway": "residential", "branch_4_neighbor": "5936141587", "branch_4_bearing": 323.25, "branch_4_street": "", "branch_4_highway": "residential" }, "geometry": { "type": "Point", "coordinates": [ 100.6932564, 13.9079949 ] } },
{ "type": "Feature", "properties": { "osm_node_id": "3835124917", "latitude": 13.8621457, "longitude": 100.6868425, "street_names": "", "highway_types": "residential", "in_degree": 4, "out_degree": 4, "fully_bidirectional": true, "traffic_signals": false, "junction": "", "minimum_branch_angle": 87.26, "maximum_branch_angle": 92.58, "cross_score": 0.984, "likely_geometric_cross": true, "osm_url": "https://www.openstreetmap.org/node/3835124917", "branch_1_neighbor": "3835124925", "branch_1_bearing": 20.64, "branch_1_street": "", "branch_1_highway": "residential", "branch_2_neighbor": "12848165528", "branch_2_bearing": 113.22, "branch_2_street": "", "branch_2_highway": "residential", "branch_3_neighbor": "8011662817", "branch_3_bearing": 200.48, "branch_3_street": "", "branch_3_highway": "residential", "branch_4_neighbor": "3835124920", "branch_4_bearing": 290.78, "branch_4_street": "", "branch_4_highway": "residential" }, "geometry": { "type": "Point", "coordinates": [ 100.6868425, 13.8621457 ] } },
{ "type": "Feature", "properties": { "osm_node_id": "3841370435", "latitude": 13.8467611, "longitude": 100.7456032, "street_names": "", "highway_types": "residential", "in_degree": 4, "out_degree": 4, "fully_bidirectional": true, "traffic_signals": false, "junction": "", "minimum_branch_angle": 87.49, "maximum_branch_angle": 92.37, "cross_score": 0.984, "likely_geometric_cross": true, "osm_url": "https://www.openstreetmap.org/node/3841370435", "branch_1_neighbor": "3841370438", "branch_1_bearing": 71.75, "branch_1_street": "", "branch_1_highway": "residential", "branch_2_neighbor": "3841370425", "branch_2_bearing": 159.24, "branch_2_street": "", "branch_2_highway": "residential", "branch_3_neighbor": "3841370426", "branch_3_bearing": 249.75, "branch_3_street": "", "branch_3_highway": "residential", "branch_4_neighbor": "3841370440", "branch_4_bearing": 339.38, "branch_4_street": "", "branch_4_highway": "residential" }, "geometry": { "type": "Point", "coordinates": [ 100.7456032, 13.8467611 ] } },
{ "type": "Feature", "properties": { "osm_node_id": "5941639271", "latitude": 13.8946748, "longitude": 100.7190444, "street_names": "", "highway_types": "residential", "in_degree": 4, "out_degree": 4, "fully_bidirectional": true, "traffic_signals": false, "junction": "", "minimum_branch_angle": 87.51, "maximum_branch_angle": 92.15, "cross_score": 0.984, "likely_geometric_cross": true, "osm_url": "https://www.openstreetmap.org/node/5941639271", "branch_1_neighbor": "5941639272", "branch_1_bearing": 1.66, "branch_1_street": "", "branch_1_highway": "residential", "branch_2_neighbor": "8341609736", "branch_2_bearing": 91.27, "branch_2_street": "", "branch_2_highway": "residential", "branch_3_neighbor": "5941639268", "branch_3_bearing": 182.0, "branch_3_street": "", "branch_3_highway": "residential", "branch_4_neighbor": "5941639270", "branch_4_bearing": 269.51, "branch_4_street": "", "branch_4_highway": "residential" }, "geometry": { "type": "Point", "coordinates": [ 100.7190444, 13.8946748 ] } },
{ "type": "Feature", "properties": { "osm_node_id": "8336337847", "latitude": 13.8650932, "longitude": 100.7266411, "street_names": "", "highway_types": "residential", "in_degree": 4, "out_degree": 4, "fully_bidirectional": true, "traffic_signals": false, "junction": "", "minimum_branch_angle": 87.77, "maximum_branch_angle": 91.91, "cross_score": 0.984, "likely_geometric_cross": true, "osm_url": "https://www.openstreetmap.org/node/8336337847", "branch_1_neighbor": "3834809012", "branch_1_bearing": 86.1, "branch_1_street": "", "branch_1_highway": "residential", "branch_2_neighbor": "8370357146", "branch_2_bearing": 173.86, "branch_2_street": "", "branch_2_highway": "residential", "branch_3_neighbor": "3834809007", "branch_3_bearing": 263.21, "branch_3_street": "", "branch_3_highway": "residential", "branch_4_neighbor": "8336337846", "branch_4_bearing": 354.19, "branch_4_street": "", "branch_4_highway": "residential" }, "geometry": { "type": "Point", "coordinates": [ 100.7266411, 13.8650932 ] } },
{ "type": "Feature", "properties": { "osm_node_id": "3053324346", "latitude": 13.8737187, "longitude": 100.7455308, "street_names": "", "highway_types": "residential", "in_degree": 4, "out_degree": 4, "fully_bidirectional": true, "traffic_signals": false, "junction": "", "minimum_branch_angle": 88.54, "maximum_branch_angle": 91.48, "cross_score": 0.9838, "likely_geometric_cross": true, "osm_url": "https://www.openstreetmap.org/node/3053324346", "branch_1_neighbor": "3053324462", "branch_1_bearing": 85.93, "branch_1_street": "", "branch_1_highway": "residential", "branch_2_neighbor": "3053324372", "branch_2_bearing": 174.47, "branch_2_street": "", "branch_2_highway": "residential", "branch_3_neighbor": "3053324377", "branch_3_bearing": 265.95, "branch_3_street": "", "branch_3_highway": "residential", "branch_4_neighbor": "3053324358", "branch_4_bearing": 354.48, "branch_4_street": "", "branch_4_highway": "residential" }, "geometry": { "type": "Point", "coordinates": [ 100.7455308, 13.8737187 ] } },
{ "type": "Feature", "properties": { "osm_node_id": "8122808117", "latitude": 13.8360983, "longitude": 100.7351432, "street_names": "ซอยนิมิตใหม่ 9", "highway_types": "residential", "in_degree": 4, "out_degree": 4, "fully_bidirectional": true, "traffic_signals": false, "junction": "", "minimum_branch_angle": 88.05, "maximum_branch_angle": 91.95, "cross_score": 0.9838, "likely_geometric_cross": true, "osm_url": "https://www.openstreetmap.org/node/8122808117", "branch_1_neighbor": "8122808119", "branch_1_bearing": 70.07, "branch_1_street": "ซอยนิมิตใหม่ 9", "branch_1_highway": "residential", "branch_2_neighbor": "8122705706", "branch_2_bearing": 162.02, "branch_2_street": "", "branch_2_highway": "residential", "branch_3_neighbor": "8122705707", "branch_3_bearing": 250.07, "branch_3_street": "ซอยนิมิตใหม่ 9", "branch_3_highway": "residential", "branch_4_neighbor": "8122808118", "branch_4_bearing": 339.1, "branch_4_street": "", "branch_4_highway": "residential" }, "geometry": { "type": "Point", "coordinates": [ 100.7351432, 13.8360983 ] } },
{ "type": "Feature", "properties": { "osm_node_id": "8341596605", "latitude": 13.8983536, "longitude": 100.7169408, "street_names": "", "highway_types": "residential", "in_degree": 4, "out_degree": 4, "fully_bidirectional": true, "traffic_signals": false, "junction": "", "minimum_branch_angle": 88.3, "maximum_branch_angle": 92.1, "cross_score": 0.9838, "likely_geometric_cross": true, "osm_url": "https://www.openstreetmap.org/node/8341596605", "branch_1_neighbor": "8341596604", "branch_1_bearing": 87.0, "branch_1_street": "", "branch_1_highway": "residential", "branch_2_neighbor": "8341596607", "branch_2_bearing": 177.82, "branch_2_street": "", "branch_2_highway": "residential", "branch_3_neighbor": "8341596606", "branch_3_bearing": 266.12, "branch_3_street": "", "branch_3_highway": "residential", "branch_4_neighbor": "8341596599", "branch_4_bearing": 358.22, "branch_4_street": "", "branch_4_highway": "residential" }, "geometry": { "type": "Point", "coordinates": [ 100.7169408, 13.8983536 ] } },
{ "type": "Feature", "properties": { "osm_node_id": "8233827872", "latitude": 13.8347555, "longitude": 100.7089066, "street_names": "", "highway_types": "residential", "in_degree": 4, "out_degree": 4, "fully_bidirectional": true, "traffic_signals": false, "junction": "", "minimum_branch_angle": 87.81, "maximum_branch_angle": 92.14, "cross_score": 0.9836, "likely_geometric_cross": true, "osm_url": "https://www.openstreetmap.org/node/8233827872", "branch_1_neighbor": "346317774", "branch_1_bearing": 16.97, "branch_1_street": "", "branch_1_highway": "residential", "branch_2_neighbor": "8233827871", "branch_2_bearing": 107.78, "branch_2_street": "", "branch_2_highway": "residential", "branch_3_neighbor": "8233827878", "branch_3_bearing": 197.02, "branch_3_street": "", "branch_3_highway": "residential", "branch_4_neighbor": "8233827873", "branch_4_bearing": 284.83, "branch_4_street": "", "branch_4_highway": "residential" }, "geometry": { "type": "Point", "coordinates": [ 100.7089066, 13.8347555 ] } },
{ "type": "Feature", "properties": { "osm_node_id": "5886741535", "latitude": 13.9198082, "longitude": 100.7880915, "street_names": "", "highway_types": "residential", "in_degree": 4, "out_degree": 4, "fully_bidirectional": true, "traffic_signals": false, "junction": "", "minimum_branch_angle": 88.4, "maximum_branch_angle": 92.98, "cross_score": 0.9835, "likely_geometric_cross": true, "osm_url": "https://www.openstreetmap.org/node/5886741535", "branch_1_neighbor": "5886741537", "branch_1_bearing": 91.08, "branch_1_street": "", "branch_1_highway": "residential", "branch_2_neighbor": "5886741533", "branch_2_bearing": 179.48, "branch_2_street": "", "branch_2_highway": "residential", "branch_3_neighbor": "5886741548", "branch_3_bearing": 268.31, "branch_3_street": "", "branch_3_highway": "residential", "branch_4_neighbor": "5886741534", "branch_4_bearing": 358.1, "branch_4_street": "", "branch_4_highway": "residential" }, "geometry": { "type": "Point", "coordinates": [ 100.7880915, 13.9198082 ] } },
{ "type": "Feature", "properties": { "osm_node_id": "3053347095", "latitude": 13.8646517, "longitude": 100.7137596, "street_names": "บุุรีรมย์ 5", "highway_types": "residential", "in_degree": 4, "out_degree": 4, "fully_bidirectional": true, "traffic_signals": false, "junction": "", "minimum_branch_angle": 87.33, "maximum_branch_angle": 92.03, "cross_score": 0.9834, "likely_geometric_cross": true, "osm_url": "https://www.openstreetmap.org/node/3053347095", "branch_1_neighbor": "3053347128", "branch_1_bearing": 89.24, "branch_1_street": "บุุรีรมย์ 5", "branch_1_highway": "residential", "branch_2_neighbor": "3053347105", "branch_2_bearing": 178.93, "branch_2_street": "", "branch_2_highway": "residential", "branch_3_neighbor": "3053347051", "branch_3_bearing": 269.88, "branch_3_street": "บุุรีรมย์ 5", "branch_3_highway": "residential", "branch_4_neighbor": "3053347052", "branch_4_bearing": 357.21, "branch_4_street": "", "branch_4_highway": "residential" }, "geometry": { "type": "Point", "coordinates": [ 100.7137596, 13.8646517 ] } },
{ "type": "Feature", "properties": { "osm_node_id": "5887077303", "latitude": 13.9078845, "longitude": 100.7893052, "street_names": "", "highway_types": "residential", "in_degree": 4, "out_degree": 4, "fully_bidirectional": true, "traffic_signals": false, "junction": "", "minimum_branch_angle": 87.02, "maximum_branch_angle": 91.25, "cross_score": 0.9834, "likely_geometric_cross": true, "osm_url": "https://www.openstreetmap.org/node/5887077303", "branch_1_neighbor": "5887077301", "branch_1_bearing": 90.27, "branch_1_street": "", "branch_1_highway": "residential", "branch_2_neighbor": "5887076575", "branch_2_bearing": 181.41, "branch_2_street": "", "branch_2_highway": "residential", "branch_3_neighbor": "5887076577", "branch_3_bearing": 268.43, "branch_3_street": "", "branch_3_highway": "residential", "branch_4_neighbor": "5887077304", "branch_4_bearing": 359.68, "branch_4_street": "", "branch_4_highway": "residential" }, "geometry": { "type": "Point", "coordinates": [ 100.7893052, 13.9078845 ] } },
{ "type": "Feature", "properties": { "osm_node_id": "5941639261", "latitude": 13.8932597, "longitude": 100.7190245, "street_names": "", "highway_types": "residential", "in_degree": 4, "out_degree": 4, "fully_bidirectional": true, "traffic_signals": false, "junction": "", "minimum_branch_angle": 87.76, "maximum_branch_angle": 92.21, "cross_score": 0.9834, "likely_geometric_cross": true, "osm_url": "https://www.openstreetmap.org/node/5941639261", "branch_1_neighbor": "8341609738", "branch_1_bearing": 0.37, "branch_1_street": "", "branch_1_highway": "residential", "branch_2_neighbor": "8341609740", "branch_2_bearing": 88.14, "branch_2_street": "", "branch_2_highway": "residential", "branch_3_neighbor": "5941639263", "branch_3_bearing": 180.35, "branch_3_street": "", "branch_3_highway": "residential", "branch_4_neighbor": "5941639260", "branch_4_bearing": 269.6, "branch_4_street": "", "branch_4_highway": "residential" }, "geometry": { "type": "Point", "coordinates": [ 100.7190245, 13.8932597 ] } },
{ "type": "Feature", "properties": { "osm_node_id": "3834869433", "latitude": 13.8656335, "longitude": 100.7104826, "street_names": "", "highway_types": "residential", "in_degree": 4, "out_degree": 4, "fully_bidirectional": true, "traffic_signals": false, "junction": "", "minimum_branch_angle": 88.25, "maximum_branch_angle": 91.9, "cross_score": 0.9832, "likely_geometric_cross": true, "osm_url": "https://www.openstreetmap.org/node/3834869433", "branch_1_neighbor": "3834869432", "branch_1_bearing": 90.55, "branch_1_street": "", "branch_1_highway": "residential", "branch_2_neighbor": "3834869416", "branch_2_bearing": 179.29, "branch_2_street": "", "branch_2_highway": "residential", "branch_3_neighbor": "3834869431", "branch_3_bearing": 267.54, "branch_3_street": "", "branch_3_highway": "residential", "branch_4_neighbor": "3834869444", "branch_4_bearing": 358.65, "branch_4_street": "", "branch_4_highway": "residential" }, "geometry": { "type": "Point", "coordinates": [ 100.7104826, 13.8656335 ] } },
{ "type": "Feature", "properties": { "osm_node_id": "3840099916", "latitude": 13.8497251, "longitude": 100.6859892, "street_names": "ชัยพฤกษ์ A 30", "highway_types": "residential", "in_degree": 4, "out_degree": 4, "fully_bidirectional": true, "traffic_signals": false, "junction": "", "minimum_branch_angle": 87.79, "maximum_branch_angle": 92.06, "cross_score": 0.9832, "likely_geometric_cross": true, "osm_url": "https://www.openstreetmap.org/node/3840099916", "branch_1_neighbor": "3840099924", "branch_1_bearing": 7.76, "branch_1_street": "", "branch_1_highway": "residential", "branch_2_neighbor": "3840099914", "branch_2_bearing": 95.55, "branch_2_street": "", "branch_2_highway": "residential", "branch_3_neighbor": "8127836305", "branch_3_bearing": 187.61, "branch_3_street": "", "branch_3_highway": "residential", "branch_4_neighbor": "3840099917", "branch_4_bearing": 276.8, "branch_4_street": "ชัยพฤกษ์ A 30", "branch_4_highway": "residential" }, "geometry": { "type": "Point", "coordinates": [ 100.6859892, 13.8497251 ] } },
{ "type": "Feature", "properties": { "osm_node_id": "3841514891", "latitude": 13.8485475, "longitude": 100.7134479, "street_names": "", "highway_types": "residential", "in_degree": 4, "out_degree": 4, "fully_bidirectional": true, "traffic_signals": false, "junction": "", "minimum_branch_angle": 87.81, "maximum_branch_angle": 92.3, "cross_score": 0.9832, "likely_geometric_cross": true, "osm_url": "https://www.openstreetmap.org/node/3841514891", "branch_1_neighbor": "6117202131", "branch_1_bearing": 88.07, "branch_1_street": "", "branch_1_highway": "residential", "branch_2_neighbor": "3841514888", "branch_2_bearing": 178.79, "branch_2_street": "", "branch_2_highway": "residential", "branch_3_neighbor": "3841514890", "branch_3_bearing": 266.6, "branch_3_street": "", "branch_3_highway": "residential", "branch_4_neighbor": "6521889386", "branch_4_bearing": 358.89, "branch_4_street": "", "branch_4_highway": "residential" }, "geometry": { "type": "Point", "coordinates": [ 100.7134479, 13.8485475 ] } },
{ "type": "Feature", "properties": { "osm_node_id": "8034727856", "latitude": 13.8301106, "longitude": 100.6937018, "street_names": "", "highway_types": "residential", "in_degree": 4, "out_degree": 4, "fully_bidirectional": true, "traffic_signals": false, "junction": "", "minimum_branch_angle": 87.22, "maximum_branch_angle": 91.66, "cross_score": 0.9831, "likely_geometric_cross": true, "osm_url": "https://www.openstreetmap.org/node/8034727856", "branch_1_neighbor": "8034727853", "branch_1_bearing": 61.51, "branch_1_street": "", "branch_1_highway": "residential", "branch_2_neighbor": "8034727855", "branch_2_bearing": 153.16, "branch_2_street": "", "branch_2_highway": "residential", "branch_3_neighbor": "3841938303", "branch_3_bearing": 242.89, "branch_3_street": "", "branch_3_highway": "residential", "branch_4_neighbor": "8034727857", "branch_4_bearing": 334.28, "branch_4_street": "", "branch_4_highway": "residential" }, "geometry": { "type": "Point", "coordinates": [ 100.6937018, 13.8301106 ] } },
{ "type": "Feature", "properties": { "osm_node_id": "3840058797", "latitude": 13.8500449, "longitude": 100.706512, "street_names": "", "highway_types": "residential", "in_degree": 4, "out_degree": 4, "fully_bidirectional": true, "traffic_signals": false, "junction": "", "minimum_branch_angle": 87.95, "maximum_branch_angle": 93.08, "cross_score": 0.9829, "likely_geometric_cross": true, "osm_url": "https://www.openstreetmap.org/node/3840058797", "branch_1_neighbor": "8140767728", "branch_1_bearing": 86.62, "branch_1_street": "", "branch_1_highway": "residential", "branch_2_neighbor": "3840058788", "branch_2_bearing": 176.53, "branch_2_street": "", "branch_2_highway": "residential", "branch_3_neighbor": "3840058795", "branch_3_bearing": 264.48, "branch_3_street": "", "branch_3_highway": "residential", "branch_4_neighbor": "3840058817", "branch_4_bearing": 357.56, "branch_4_street": "", "branch_4_highway": "residential" }, "geometry": { "type": "Point", "coordinates": [ 100.706512, 13.8500449 ] } },
{ "type": "Feature", "properties": { "osm_node_id": "3841864158", "latitude": 13.8354837, "longitude": 100.733397, "street_names": "ซอยนิมิตใหม่ 9", "highway_types": "residential", "in_degree": 4, "out_degree": 4, "fully_bidirectional": true, "traffic_signals": false, "junction": "", "minimum_branch_angle": 88.45, "maximum_branch_angle": 91.56, "cross_score": 0.9828, "likely_geometric_cross": true, "osm_url": "https://www.openstreetmap.org/node/3841864158", "branch_1_neighbor": "3841864162", "branch_1_bearing": 70.08, "branch_1_street": "ซอยนิมิตใหม่ 9", "branch_1_highway": "residential", "branch_2_neighbor": "8169959645", "branch_2_bearing": 158.53, "branch_2_street": "", "branch_2_highway": "residential", "branch_3_neighbor": "3841863956", "branch_3_bearing": 250.07, "branch_3_street": "ซอยนิมิตใหม่ 9", "branch_3_highway": "residential", "branch_4_neighbor": "3841864164", "branch_4_bearing": 338.52, "branch_4_street": "", "branch_4_highway": "residential" }, "geometry": { "type": "Point", "coordinates": [ 100.733397, 13.8354837 ] } },
{ "type": "Feature", "properties": { "osm_node_id": "5880882724", "latitude": 13.8848261, "longitude": 100.7294731, "street_names": "", "highway_types": "residential", "in_degree": 4, "out_degree": 4, "fully_bidirectional": true, "traffic_signals": false, "junction": "", "minimum_branch_angle": 87.09, "maximum_branch_angle": 91.75, "cross_score": 0.9828, "likely_geometric_cross": true, "osm_url": "https://www.openstreetmap.org/node/5880882724", "branch_1_neighbor": "5880882708", "branch_1_bearing": 81.4, "branch_1_street": "", "branch_1_highway": "residential", "branch_2_neighbor": "8333306141", "branch_2_bearing": 173.15, "branch_2_street": "", "branch_2_highway": "residential", "branch_3_neighbor": "5880882162", "branch_3_bearing": 262.98, "branch_3_street": "", "branch_3_highway": "residential", "branch_4_neighbor": "5880882716", "branch_4_bearing": 354.32, "branch_4_street": "", "branch_4_highway": "residential" }, "geometry": { "type": "Point", "coordinates": [ 100.7294731, 13.8848261 ] } },
{ "type": "Feature", "properties": { "osm_node_id": "8341596592", "latitude": 13.8996187, "longitude": 100.7168727, "street_names": "", "highway_types": "residential", "in_degree": 4, "out_degree": 4, "fully_bidirectional": true, "traffic_signals": false, "junction": "", "minimum_branch_angle": 88.34, "maximum_branch_angle": 92.61, "cross_score": 0.9828, "likely_geometric_cross": true, "osm_url": "https://www.openstreetmap.org/node/8341596592", "branch_1_neighbor": "8341596591", "branch_1_bearing": 88.8, "branch_1_street": "", "branch_1_highway": "residential", "branch_2_neighbor": "8341596589", "branch_2_bearing": 177.14, "branch_2_street": "", "branch_2_highway": "residential", "branch_3_neighbor": "8341596593", "branch_3_bearing": 265.7, "branch_3_street": "", "branch_3_highway": "residential", "branch_4_neighbor": "8341596595", "branch_4_bearing": 356.19, "branch_4_street": "", "branch_4_highway": "residential" }, "geometry": { "type": "Point", "coordinates": [ 100.7168727, 13.8996187 ] } },
{ "type": "Feature", "properties": { "osm_node_id": "6117202599", "latitude": 13.848763, "longitude": 100.7086934, "street_names": "", "highway_types": "residential", "in_degree": 4, "out_degree": 4, "fully_bidirectional": true, "traffic_signals": false, "junction": "", "minimum_branch_angle": 88.4, "maximum_branch_angle": 91.6, "cross_score": 0.9825, "likely_geometric_cross": true, "osm_url": "https://www.openstreetmap.org/node/6117202599", "branch_1_neighbor": "6117202600", "branch_1_bearing": 89.23, "branch_1_street": "", "branch_1_highway": "residential", "branch_2_neighbor": "6117202433", "branch_2_bearing": 177.62, "branch_2_street": "", "branch_2_highway": "residential", "branch_3_neighbor": "6117202598", "branch_3_bearing": 269.22, "branch_3_street": "", "branch_3_highway": "residential", "branch_4_neighbor": "6117202602", "branch_4_bearing": 357.67, "branch_4_street": "", "branch_4_highway": "residential" }, "geometry": { "type": "Point", "coordinates": [ 100.7086934, 13.848763 ] } },
{ "type": "Feature", "properties": { "osm_node_id": "10259176698", "latitude": 13.9043914, "longitude": 100.6895713, "street_names": "", "highway_types": "residential", "in_degree": 4, "out_degree": 4, "fully_bidirectional": true, "traffic_signals": false, "junction": "", "minimum_branch_angle": 88.19, "maximum_branch_angle": 91.81, "cross_score": 0.9824, "likely_geometric_cross": true, "osm_url": "https://www.openstreetmap.org/node/10259176698", "branch_1_neighbor": "10259176688", "branch_1_bearing": 46.05, "branch_1_street": "", "branch_1_highway": "residential", "branch_2_neighbor": "10259176701", "branch_2_bearing": 137.86, "branch_2_street": "", "branch_2_highway": "residential", "branch_3_neighbor": "10259176693", "branch_3_bearing": 226.05, "branch_3_street": "", "branch_3_highway": "residential", "branch_4_neighbor": "10259176687", "branch_4_bearing": 317.41, "branch_4_street": "", "branch_4_highway": "residential" }, "geometry": { "type": "Point", "coordinates": [ 100.6895713, 13.9043914 ] } },
{ "type": "Feature", "properties": { "osm_node_id": "3834973586", "latitude": 13.8681574, "longitude": 100.7087549, "street_names": "", "highway_types": "residential", "in_degree": 4, "out_degree": 4, "fully_bidirectional": true, "traffic_signals": false, "junction": "", "minimum_branch_angle": 88.05, "maximum_branch_angle": 91.94, "cross_score": 0.9824, "likely_geometric_cross": true, "osm_url": "https://www.openstreetmap.org/node/3834973586", "branch_1_neighbor": "3834973587", "branch_1_bearing": 85.96, "branch_1_street": "", "branch_1_highway": "residential", "branch_2_neighbor": "3834973579", "branch_2_bearing": 177.18, "branch_2_street": "", "branch_2_highway": "residential", "branch_3_neighbor": "3834973584", "branch_3_bearing": 265.24, "branch_3_street": "", "branch_3_highway": "residential", "branch_4_neighbor": "3834973593", "branch_4_bearing": 357.18, "branch_4_street": "", "branch_4_highway": "residential" }, "geometry": { "type": "Point", "coordinates": [ 100.7087549, 13.8681574 ] } },
{ "type": "Feature", "properties": { "osm_node_id": "3835124933", "latitude": 13.8626682, "longitude": 100.6881483, "street_names": "", "highway_types": "residential", "in_degree": 4, "out_degree": 4, "fully_bidirectional": true, "traffic_signals": false, "junction": "", "minimum_branch_angle": 87.45, "maximum_branch_angle": 93.03, "cross_score": 0.9824, "likely_geometric_cross": true, "osm_url": "https://www.openstreetmap.org/node/3835124933", "branch_1_neighbor": "3835124944", "branch_1_bearing": 23.86, "branch_1_street": "", "branch_1_highway": "residential", "branch_2_neighbor": "3835124927", "branch_2_bearing": 113.24, "branch_2_street": "", "branch_2_highway": "residential", "branch_3_neighbor": "3835124922", "branch_3_bearing": 200.69, "branch_3_street": "", "branch_3_highway": "residential", "branch_4_neighbor": "12848165529", "branch_4_bearing": 290.84, "branch_4_street": "", "branch_4_highway": "residential" }, "geometry": { "type": "Point", "coordinates": [ 100.6881483, 13.8626682 ] } },
{ "type": "Feature", "properties": { "osm_node_id": "3840058781", "latitude": 13.8493381, "longitude": 100.7065511, "street_names": "", "highway_types": "residential", "in_degree": 4, "out_degree": 4, "fully_bidirectional": true, "traffic_signals": false, "junction": "", "minimum_branch_angle": 87.28, "maximum_branch_angle": 92.3, "cross_score": 0.9824, "likely_geometric_cross": true, "osm_url": "https://www.openstreetmap.org/node/3840058781", "branch_1_neighbor": "3841547730", "branch_1_bearing": 86.89, "branch_1_street": "", "branch_1_highway": "residential", "branch_2_neighbor": "3841547721", "branch_2_bearing": 177.75, "branch_2_street": "", "branch_2_highway": "residential", "branch_3_neighbor": "3841547728", "branch_3_bearing": 265.03, "branch_3_street": "", "branch_3_highway": "residential", "branch_4_neighbor": "3840058788", "branch_4_bearing": 357.33, "branch_4_street": "", "branch_4_highway": "residential" }, "geometry": { "type": "Point", "coordinates": [ 100.7065511, 13.8493381 ] } },
{ "type": "Feature", "properties": { "osm_node_id": "3840087188", "latitude": 13.854242, "longitude": 100.6967563, "street_names": "", "highway_types": "residential", "in_degree": 4, "out_degree": 4, "fully_bidirectional": true, "traffic_signals": false, "junction": "", "minimum_branch_angle": 87.25, "maximum_branch_angle": 92.75, "cross_score": 0.9824, "likely_geometric_cross": true, "osm_url": "https://www.openstreetmap.org/node/3840087188", "branch_1_neighbor": "3840087187", "branch_1_bearing": 90.02, "branch_1_street": "", "branch_1_highway": "residential", "branch_2_neighbor": "3840087173", "branch_2_bearing": 179.61, "branch_2_street": "", "branch_2_highway": "residential", "branch_3_neighbor": "3840087186", "branch_3_bearing": 266.86, "branch_3_street": "", "branch_3_highway": "residential", "branch_4_neighbor": "3840087198", "branch_4_bearing": 359.61, "branch_4_street": "", "branch_4_highway": "residential" }, "geometry": { "type": "Point", "coordinates": [ 100.6967563, 13.854242 ] } },
{ "type": "Feature", "properties": { "osm_node_id": "8341609618", "latitude": 13.8970353, "longitude": 100.7167143, "street_names": "", "highway_types": "residential", "in_degree": 4, "out_degree": 4, "fully_bidirectional": true, "traffic_signals": false, "junction": "", "minimum_branch_angle": 87.73, "maximum_branch_angle": 92.29, "cross_score": 0.9824, "likely_geometric_cross": true, "osm_url": "https://www.openstreetmap.org/node/8341609618", "branch_1_neighbor": "8341609617", "branch_1_bearing": 87.98, "branch_1_street": "", "branch_1_highway": "residential", "branch_2_neighbor": "8341596615", "branch_2_bearing": 175.71, "branch_2_street": "", "branch_2_highway": "residential", "branch_3_neighbor": "8341609619", "branch_3_bearing": 266.59, "branch_3_street": "", "branch_3_highway": "residential", "branch_4_neighbor": "8609373653", "branch_4_bearing": 355.7, "branch_4_street": "", "branch_4_highway": "residential" }, "geometry": { "type": "Point", "coordinates": [ 100.7167143, 13.8970353 ] } },
{ "type": "Feature", "properties": { "osm_node_id": "353332190", "latitude": 13.8366769, "longitude": 100.6944468, "street_names": "", "highway_types": "residential", "in_degree": 4, "out_degree": 4, "fully_bidirectional": true, "traffic_signals": false, "junction": "", "minimum_branch_angle": 88.17, "maximum_branch_angle": 93.18, "cross_score": 0.9823, "likely_geometric_cross": true, "osm_url": "https://www.openstreetmap.org/node/353332190", "branch_1_neighbor": "353332192", "branch_1_bearing": 65.55, "branch_1_street": "", "branch_1_highway": "residential", "branch_2_neighbor": "353332052", "branch_2_bearing": 158.73, "branch_2_street": "", "branch_2_highway": "residential", "branch_3_neighbor": "353332187", "branch_3_bearing": 246.91, "branch_3_street": "", "branch_3_highway": "residential", "branch_4_neighbor": "353332266", "branch_4_bearing": 336.23, "branch_4_street": "", "branch_4_highway": "residential" }, "geometry": { "type": "Point", "coordinates": [ 100.6944468, 13.8366769 ] } },
{ "type": "Feature", "properties": { "osm_node_id": "3841601566", "latitude": 13.8486869, "longitude": 100.6849309, "street_names": "", "highway_types": "residential", "in_degree": 4, "out_degree": 4, "fully_bidirectional": true, "traffic_signals": false, "junction": "", "minimum_branch_angle": 88.04, "maximum_branch_angle": 91.91, "cross_score": 0.9823, "likely_geometric_cross": true, "osm_url": "https://www.openstreetmap.org/node/3841601566", "branch_1_neighbor": "3841601576", "branch_1_bearing": 8.61, "branch_1_street": "", "branch_1_highway": "residential", "branch_2_neighbor": "3841601565", "branch_2_bearing": 97.38, "branch_2_street": "", "branch_2_highway": "residential", "branch_3_neighbor": "3840099902", "branch_3_bearing": 188.66, "branch_3_street": "", "branch_3_highway": "residential", "branch_4_neighbor": "3841601567", "branch_4_bearing": 276.71, "branch_4_street": "", "branch_4_highway": "residential" }, "geometry": { "type": "Point", "coordinates": [ 100.6849309, 13.8486869 ] } },
{ "type": "Feature", "properties": { "osm_node_id": "2558439623", "latitude": 13.8761293, "longitude": 100.7086219, "street_names": "ถนนปัญญาอินทรา", "highway_types": "residential", "in_degree": 2, "out_degree": 2, "fully_bidirectional": false, "traffic_signals": false, "junction": "", "minimum_branch_angle": 86.73, "maximum_branch_angle": 91.78, "cross_score": 0.9819, "likely_geometric_cross": true, "osm_url": "https://www.openstreetmap.org/node/2558439623", "branch_1_neighbor": "8061517983", "branch_1_bearing": 1.77, "branch_1_street": "ถนนปัญญาอินทรา", "branch_1_highway": "residential", "branch_2_neighbor": "5277015162", "branch_2_bearing": 88.51, "branch_2_street": "", "branch_2_highway": "residential", "branch_3_neighbor": "8061465720", "branch_3_bearing": 180.29, "branch_3_street": "ถนนปัญญาอินทรา", "branch_3_highway": "residential", "branch_4_neighbor": "8061517973", "branch_4_bearing": 270.72, "branch_4_street": "", "branch_4_highway": "residential" }, "geometry": { "type": "Point", "coordinates": [ 100.7086219, 13.8761293 ] } },
{ "type": "Feature", "properties": { "osm_node_id": "3834808978", "latitude": 13.8646445, "longitude": 100.7236471, "street_names": "", "highway_types": "residential", "in_degree": 4, "out_degree": 4, "fully_bidirectional": true, "traffic_signals": false, "junction": "", "minimum_branch_angle": 86.89, "maximum_branch_angle": 93.1, "cross_score": 0.9819, "likely_geometric_cross": true, "osm_url": "https://www.openstreetmap.org/node/3834808978", "branch_1_neighbor": "3834808984", "branch_1_bearing": 83.53, "branch_1_street": "", "branch_1_highway": "residential", "branch_2_neighbor": "3834808974", "branch_2_bearing": 170.42, "branch_2_street": "", "branch_2_highway": "residential", "branch_3_neighbor": "3834808977", "branch_3_bearing": 263.52, "branch_3_street": "", "branch_3_highway": "residential", "branch_4_neighbor": "3834808999", "branch_4_bearing": 353.37, "branch_4_street": "", "branch_4_highway": "residential" }, "geometry": { "type": "Point", "coordinates": [ 100.7236471, 13.8646445 ] } },
{ "type": "Feature", "properties": { "osm_node_id": "3840087206", "latitude": 13.8548649, "longitude": 100.6954046, "street_names": "", "highway_types": "residential", "in_degree": 4, "out_degree": 4, "fully_bidirectional": true, "traffic_signals": false, "junction": "", "minimum_branch_angle": 87.9, "maximum_branch_angle": 92.11, "cross_score": 0.9818, "likely_geometric_cross": true, "osm_url": "https://www.openstreetmap.org/node/3840087206", "branch_1_neighbor": "3840087204", "branch_1_bearing": 91.96, "branch_1_street": "", "branch_1_highway": "residential", "branch_2_neighbor": "3840087194", "branch_2_bearing": 179.86, "branch_2_street": "", "branch_2_highway": "residential", "branch_3_neighbor": "3840087205", "branch_3_bearing": 268.68, "branch_3_street": "", "branch_3_highway": "residential", "branch_4_neighbor": "3840087218", "branch_4_bearing": 359.86, "branch_4_street": "", "branch_4_highway": "residential" }, "geometry": { "type": "Point", "coordinates": [ 100.6954046, 13.8548649 ] } },
{ "type": "Feature", "properties": { "osm_node_id": "3053347436", "latitude": 13.8653272, "longitude": 100.7118922, "street_names": "ชมนาด 2", "highway_types": "residential", "in_degree": 4, "out_degree": 4, "fully_bidirectional": true, "traffic_signals": false, "junction": "", "minimum_branch_angle": 87.32, "maximum_branch_angle": 92.69, "cross_score": 0.9817, "likely_geometric_cross": true, "osm_url": "https://www.openstreetmap.org/node/3053347436", "branch_1_neighbor": "3053347453", "branch_1_bearing": 88.94, "branch_1_street": "ชมนาด 2", "branch_1_highway": "residential", "branch_2_neighbor": "3053347083", "branch_2_bearing": 181.63, "branch_2_street": "", "branch_2_highway": "residential", "branch_3_neighbor": "3053347445", "branch_3_bearing": 268.96, "branch_3_street": "ชมนาด 2", "branch_3_highway": "residential", "branch_4_neighbor": "3053347460", "branch_4_bearing": 359.57, "branch_4_street": "", "branch_4_highway": "residential" }, "geometry": { "type": "Point", "coordinates": [ 100.7118922, 13.8653272 ] } },
{ "type": "Feature", "properties": { "osm_node_id": "3840087249", "latitude": 13.8559282, "longitude": 100.695402, "street_names": "", "highway_types": "residential", "in_degree": 4, "out_degree": 4, "fully_bidirectional": true, "traffic_signals": false, "junction": "", "minimum_branch_angle": 88.17, "maximum_branch_angle": 92.77, "cross_score": 0.9817, "likely_geometric_cross": true, "osm_url": "https://www.openstreetmap.org/node/3840087249", "branch_1_neighbor": "3840087248", "branch_1_bearing": 91.35, "branch_1_street": "", "branch_1_highway": "residential", "branch_2_neighbor": "3840087235", "branch_2_bearing": 179.88, "branch_2_street": "", "branch_2_highway": "residential", "branch_3_neighbor": "3840087247", "branch_3_bearing": 268.05, "branch_3_street": "", "branch_3_highway": "residential", "branch_4_neighbor": "3840087367", "branch_4_bearing": 358.58, "branch_4_street": "", "branch_4_highway": "residential" }, "geometry": { "type": "Point", "coordinates": [ 100.695402, 13.8559282 ] } },
{ "type": "Feature", "properties": { "osm_node_id": "3053347474", "latitude": 13.8656987, "longitude": 100.7136964, "street_names": "", "highway_types": "residential", "in_degree": 4, "out_degree": 4, "fully_bidirectional": true, "traffic_signals": false, "junction": "", "minimum_branch_angle": 88.19, "maximum_branch_angle": 93.31, "cross_score": 0.9816, "likely_geometric_cross": true, "osm_url": "https://www.openstreetmap.org/node/3053347474", "branch_1_neighbor": "3053347079", "branch_1_bearing": 88.88, "branch_1_street": "", "branch_1_highway": "residential", "branch_2_neighbor": "3053347131", "branch_2_bearing": 177.07, "branch_2_street": "", "branch_2_highway": "residential", "branch_3_neighbor": "3053347111", "branch_3_bearing": 270.38, "branch_3_street": "", "branch_3_highway": "residential", "branch_4_neighbor": "3053347104", "branch_4_bearing": 359.38, "branch_4_street": "", "branch_4_highway": "residential" }, "geometry": { "type": "Point", "coordinates": [ 100.7136964, 13.8656987 ] } },
{ "type": "Feature", "properties": { "osm_node_id": "3834869497", "latitude": 13.8691135, "longitude": 100.7187263, "street_names": "ซอย 17; ซอย 18", "highway_types": "residential", "in_degree": 4, "out_degree": 4, "fully_bidirectional": true, "traffic_signals": false, "junction": "", "minimum_branch_angle": 87.43, "maximum_branch_angle": 92.29, "cross_score": 0.9815, "likely_geometric_cross": true, "osm_url": "https://www.openstreetmap.org/node/3834869497", "branch_1_neighbor": "12715071103", "branch_1_bearing": 89.08, "branch_1_street": "ซอย 18", "branch_1_highway": "residential", "branch_2_neighbor": "3834869488", "branch_2_bearing": 176.51, "branch_2_street": "", "branch_2_highway": "residential", "branch_3_neighbor": "3834869496", "branch_3_bearing": 268.8, "branch_3_street": "ซอย 17", "branch_3_highway": "residential", "branch_4_neighbor": "3834869501", "branch_4_bearing": 358.04, "branch_4_street": "", "branch_4_highway": "residential" }, "geometry": { "type": "Point", "coordinates": [ 100.7187263, 13.8691135 ] } },
{ "type": "Feature", "properties": { "osm_node_id": "6521889386", "latitude": 13.8488644, "longitude": 100.7134416, "street_names": "", "highway_types": "residential", "in_degree": 4, "out_degree": 4, "fully_bidirectional": true, "traffic_signals": false, "junction": "", "minimum_branch_angle": 87.48, "maximum_branch_angle": 92.53, "cross_score": 0.9815, "likely_geometric_cross": true, "osm_url": "https://www.openstreetmap.org/node/6521889386", "branch_1_neighbor": "7908280065", "branch_1_bearing": 86.37, "branch_1_street": "", "branch_1_highway": "residential", "branch_2_neighbor": "3841514891", "branch_2_bearing": 178.89, "branch_2_street": "", "branch_2_highway": "residential", "branch_3_neighbor": "6521889385", "branch_3_bearing": 268.08, "branch_3_street": "", "branch_3_highway": "residential", "branch_4_neighbor": "3840011330", "branch_4_bearing": 358.89, "branch_4_street": "", "branch_4_highway": "residential" }, "geometry": { "type": "Point", "coordinates": [ 100.7134416, 13.8488644 ] } },
{ "type": "Feature", "properties": { "osm_node_id": "3834869504", "latitude": 13.8696456, "longitude": 100.7099847, "street_names": "", "highway_types": "residential", "in_degree": 4, "out_degree": 4, "fully_bidirectional": true, "traffic_signals": false, "junction": "", "minimum_branch_angle": 87.94, "maximum_branch_angle": 92.05, "cross_score": 0.9813, "likely_geometric_cross": true, "osm_url": "https://www.openstreetmap.org/node/3834869504", "branch_1_neighbor": "3834869506", "branch_1_bearing": 87.39, "branch_1_street": "", "branch_1_highway": "residential", "branch_2_neighbor": "3834869491", "branch_2_bearing": 179.44, "branch_2_street": "", "branch_2_highway": "residential", "branch_3_neighbor": "3834869503", "branch_3_bearing": 268.13, "branch_3_street": "", "branch_3_highway": "residential", "branch_4_neighbor": "3834869522", "branch_4_bearing": 359.45, "branch_4_street": "", "branch_4_highway": "residential" }, "geometry": { "type": "Point", "coordinates": [ 100.7099847, 13.8696456 ] } },
{ "type": "Feature", "properties": { "osm_node_id": "3840087387", "latitude": 13.8569293, "longitude": 100.6967442, "street_names": "", "highway_types": "residential", "in_degree": 4, "out_degree": 4, "fully_bidirectional": true, "traffic_signals": false, "junction": "", "minimum_branch_angle": 87.84, "maximum_branch_angle": 91.94, "cross_score": 0.9812, "likely_geometric_cross": true, "osm_url": "https://www.openstreetmap.org/node/3840087387", "branch_1_neighbor": "3840087401", "branch_1_bearing": 0.55, "branch_1_street": "", "branch_1_highway": "residential", "branch_2_neighbor": "3840087388", "branch_2_bearing": 89.33, "branch_2_street": "", "branch_2_highway": "residential", "branch_3_neighbor": "3840087376", "branch_3_bearing": 180.77, "branch_3_street": "", "branch_3_highway": "residential", "branch_4_neighbor": "3840087386", "branch_4_bearing": 268.61, "branch_4_street": "", "branch_4_highway": "residential" }, "geometry": { "type": "Point", "coordinates": [ 100.6967442, 13.8569293 ] } },
{ "type": "Feature", "properties": { "osm_node_id": "6117202312", "latitude": 13.8462911, "longitude": 100.7118262, "street_names": "", "highway_types": "residential", "in_degree": 4, "out_degree": 4, "fully_bidirectional": true, "traffic_signals": false, "junction": "", "minimum_branch_angle": 87.78, "maximum_branch_angle": 92.12, "cross_score": 0.9811, "likely_geometric_cross": true, "osm_url": "https://www.openstreetmap.org/node/6117202312", "branch_1_neighbor": "8201008337", "branch_1_bearing": 87.27, "branch_1_street": "", "branch_1_highway": "residential", "branch_2_neighbor": "6117202307", "branch_2_bearing": 176.1, "branch_2_street": "", "branch_2_highway": "residential", "branch_3_neighbor": "6117202313", "branch_3_bearing": 267.37, "branch_3_street": "", "branch_3_highway": "residential", "branch_4_neighbor": "6117202316", "branch_4_bearing": 355.15, "branch_4_street": "", "branch_4_highway": "residential" }, "geometry": { "type": "Point", "coordinates": [ 100.7118262, 13.8462911 ] } },
{ "type": "Feature", "properties": { "osm_node_id": "3053324350", "latitude": 13.8726354, "longitude": 100.7435256, "street_names": "", "highway_types": "residential", "in_degree": 4, "out_degree": 4, "fully_bidirectional": true, "traffic_signals": false, "junction": "", "minimum_branch_angle": 87.17, "maximum_branch_angle": 92.78, "cross_score": 0.981, "likely_geometric_cross": true, "osm_url": "https://www.openstreetmap.org/node/3053324350", "branch_1_neighbor": "3053324447", "branch_1_bearing": 85.59, "branch_1_street": "", "branch_1_highway": "residential", "branch_2_neighbor": "4415609843", "branch_2_bearing": 175.0, "branch_2_street": "", "branch_2_highway": "residential", "branch_3_neighbor": "3053324340", "branch_3_bearing": 265.64, "branch_3_street": "", "branch_3_highway": "residential", "branch_4_neighbor": "8162839771", "branch_4_bearing": 358.42, "branch_4_street": "", "branch_4_highway": "residential" }, "geometry": { "type": "Point", "coordinates": [ 100.7435256, 13.8726354 ] } },
{ "type": "Feature", "properties": { "osm_node_id": "3724906679", "latitude": 13.8836843, "longitude": 100.7203669, "street_names": "", "highway_types": "residential", "in_degree": 4, "out_degree": 4, "fully_bidirectional": true, "traffic_signals": false, "junction": "", "minimum_branch_angle": 87.2, "maximum_branch_angle": 92.44, "cross_score": 0.981, "likely_geometric_cross": true, "osm_url": "https://www.openstreetmap.org/node/3724906679", "branch_1_neighbor": "3053301916", "branch_1_bearing": 91.0, "branch_1_street": "", "branch_1_highway": "residential", "branch_2_neighbor": "3053303649", "branch_2_bearing": 178.19, "branch_2_street": "", "branch_2_highway": "residential", "branch_3_neighbor": "3053301923", "branch_3_bearing": 269.17, "branch_3_street": "", "branch_3_highway": "residential", "branch_4_neighbor": "3053303655", "branch_4_bearing": 358.56, "branch_4_street": "", "branch_4_highway": "residential" }, "geometry": { "type": "Point", "coordinates": [ 100.7203669, 13.8836843 ] } },
{ "type": "Feature", "properties": { "osm_node_id": "3834973614", "latitude": 13.869081, "longitude": 100.7087214, "street_names": "", "highway_types": "residential", "in_degree": 4, "out_degree": 4, "fully_bidirectional": true, "traffic_signals": false, "junction": "", "minimum_branch_angle": 86.99, "maximum_branch_angle": 91.84, "cross_score": 0.981, "likely_geometric_cross": true, "osm_url": "https://www.openstreetmap.org/node/3834973614", "branch_1_neighbor": "3834973615", "branch_1_bearing": 86.65, "branch_1_street": "", "branch_1_highway": "residential", "branch_2_neighbor": "3834973593", "branch_2_bearing": 178.5, "branch_2_street": "", "branch_2_highway": "residential", "branch_3_neighbor": "3834973607", "branch_3_bearing": 265.48, "branch_3_street": "", "branch_3_highway": "residential", "branch_4_neighbor": "3834973634", "branch_4_bearing": 355.07, "branch_4_street": "", "branch_4_highway": "residential" }, "geometry": { "type": "Point", "coordinates": [ 100.7087214, 13.869081 ] } },
{ "type": "Feature", "properties": { "osm_node_id": "3835124925", "latitude": 13.8624473, "longitude": 100.6869595, "street_names": "", "highway_types": "residential", "in_degree": 4, "out_degree": 4, "fully_bidirectional": true, "traffic_signals": false, "junction": "", "minimum_branch_angle": 86.58, "maximum_branch_angle": 91.84, "cross_score": 0.981, "likely_geometric_cross": true, "osm_url": "https://www.openstreetmap.org/node/3835124925", "branch_1_neighbor": "3835124935", "branch_1_bearing": 22.21, "branch_1_street": "", "branch_1_highway": "residential", "branch_2_neighbor": "12848165526", "branch_2_bearing": 114.06, "branch_2_street": "", "branch_2_highway": "residential", "branch_3_neighbor": "3835124917", "branch_3_bearing": 200.64, "branch_3_street": "", "branch_3_highway": "residential", "branch_4_neighbor": "3835124929", "branch_4_bearing": 292.03, "branch_4_street": "", "branch_4_highway": "residential" }, "geometry": { "type": "Point", "coordinates": [ 100.6869595, 13.8624473 ] } },
{ "type": "Feature", "properties": { "osm_node_id": "3834809017", "latitude": 13.8652087, "longitude": 100.7276872, "street_names": "", "highway_types": "residential", "in_degree": 4, "out_degree": 4, "fully_bidirectional": true, "traffic_signals": false, "junction": "", "minimum_branch_angle": 88.24, "maximum_branch_angle": 91.99, "cross_score": 0.9809, "likely_geometric_cross": true, "osm_url": "https://www.openstreetmap.org/node/3834809017", "branch_1_neighbor": "3834809019", "branch_1_bearing": 82.84, "branch_1_street": "", "branch_1_highway": "residential", "branch_2_neighbor": "3834808998", "branch_2_bearing": 174.29, "branch_2_street": "", "branch_2_highway": "residential", "branch_3_neighbor": "3834809015", "branch_3_bearing": 262.61, "branch_3_street": "", "branch_3_highway": "residential", "branch_4_neighbor": "3834809027", "branch_4_bearing": 354.6, "branch_4_street": "", "branch_4_highway": "residential" }, "geometry": { "type": "Point", "coordinates": [ 100.7276872, 13.8652087 ] } },
{ "type": "Feature", "properties": { "osm_node_id": "8323506116", "latitude": 13.9015125, "longitude": 100.716756, "street_names": "", "highway_types": "residential", "in_degree": 4, "out_degree": 4, "fully_bidirectional": true, "traffic_signals": false, "junction": "", "minimum_branch_angle": 87.2, "maximum_branch_angle": 91.81, "cross_score": 0.9809, "likely_geometric_cross": true, "osm_url": "https://www.openstreetmap.org/node/8323506116", "branch_1_neighbor": "8323506115", "branch_1_bearing": 88.28, "branch_1_street": "", "branch_1_highway": "residential", "branch_2_neighbor": "8323506113", "branch_2_bearing": 175.48, "branch_2_street": "", "branch_2_highway": "residential", "branch_3_neighbor": "8323506117", "branch_3_bearing": 267.29, "branch_3_street": "", "branch_3_highway": "residential", "branch_4_neighbor": "8323506123", "branch_4_bearing": 356.66, "branch_4_street": "", "branch_4_highway": "residential" }, "geometry": { "type": "Point", "coordinates": [ 100.716756, 13.9015125 ] } },
{ "type": "Feature", "properties": { "osm_node_id": "8410795431", "latitude": 13.9001913, "longitude": 100.7879292, "street_names": "", "highway_types": "residential", "in_degree": 4, "out_degree": 4, "fully_bidirectional": true, "traffic_signals": false, "junction": "", "minimum_branch_angle": 87.44, "maximum_branch_angle": 93.44, "cross_score": 0.9809, "likely_geometric_cross": true, "osm_url": "https://www.openstreetmap.org/node/8410795431", "branch_1_neighbor": "8410795430", "branch_1_bearing": 0.86, "branch_1_street": "", "branch_1_highway": "residential", "branch_2_neighbor": "6061846267", "branch_2_bearing": 90.66, "branch_2_street": "", "branch_2_highway": "residential", "branch_3_neighbor": "8246613833", "branch_3_bearing": 178.1, "branch_3_street": "", "branch_3_highway": "residential", "branch_4_neighbor": "8630735175", "branch_4_bearing": 271.55, "branch_4_street": "", "branch_4_highway": "residential" }, "geometry": { "type": "Point", "coordinates": [ 100.7879292, 13.9001913 ] } },
{ "type": "Feature", "properties": { "osm_node_id": "5372934288", "latitude": 13.8476571, "longitude": 100.7164695, "street_names": "", "highway_types": "residential", "in_degree": 4, "out_degree": 4, "fully_bidirectional": true, "traffic_signals": false, "junction": "", "minimum_branch_angle": 87.05, "maximum_branch_angle": 92.87, "cross_score": 0.9808, "likely_geometric_cross": true, "osm_url": "https://www.openstreetmap.org/node/5372934288", "branch_1_neighbor": "5372934287", "branch_1_bearing": 87.68, "branch_1_street": "", "branch_1_highway": "residential", "branch_2_neighbor": "5372934284", "branch_2_bearing": 177.18, "branch_2_street": "", "branch_2_highway": "residential", "branch_3_neighbor": "5372934289", "branch_3_bearing": 264.23, "branch_3_street": "", "branch_3_highway": "residential", "branch_4_neighbor": "5372934285", "branch_4_bearing": 357.1, "branch_4_street": "", "branch_4_highway": "residential" }, "geometry": { "type": "Point", "coordinates": [ 100.7164695, 13.8476571 ] } },
{ "type": "Feature", "properties": { "osm_node_id": "6124183131", "latitude": 13.8757045, "longitude": 100.7137714, "street_names": "", "highway_types": "residential", "in_degree": 4, "out_degree": 4, "fully_bidirectional": true, "traffic_signals": false, "junction": "", "minimum_branch_angle": 88.13, "maximum_branch_angle": 91.93, "cross_score": 0.9808, "likely_geometric_cross": true, "osm_url": "https://www.openstreetmap.org/node/6124183131", "branch_1_neighbor": "6124182900", "branch_1_bearing": 86.96, "branch_1_street": "", "branch_1_highway": "residential", "branch_2_neighbor": "6124183130", "branch_2_bearing": 178.48, "branch_2_street": "", "branch_2_highway": "residential", "branch_3_neighbor": "6124182902", "branch_3_bearing": 266.61, "branch_3_street": "", "branch_3_highway": "residential", "branch_4_neighbor": "6124182953", "branch_4_bearing": 358.55, "branch_4_street": "", "branch_4_highway": "residential" }, "geometry": { "type": "Point", "coordinates": [ 100.7137714, 13.8757045 ] } },
{ "type": "Feature", "properties": { "osm_node_id": "5936140576", "latitude": 13.9070388, "longitude": 100.6919365, "street_names": "", "highway_types": "residential", "in_degree": 3, "out_degree": 3, "fully_bidirectional": false, "traffic_signals": false, "junction": "", "minimum_branch_angle": 87.88, "maximum_branch_angle": 92.12, "cross_score": 0.9807, "likely_geometric_cross": true, "osm_url": "https://www.openstreetmap.org/node/5936140576", "branch_1_neighbor": "5936140579", "branch_1_bearing": 53.27, "branch_1_street": "", "branch_1_highway": "residential", "branch_2_neighbor": "5936140577", "branch_2_bearing": 141.16, "branch_2_street": "", "branch_2_highway": "residential", "branch_3_neighbor": "5936140573", "branch_3_bearing": 233.27, "branch_3_street": "", "branch_3_highway": "residential", "branch_4_neighbor": "5936140575", "branch_4_bearing": 324.63, "branch_4_street": "", "branch_4_highway": "residential" }, "geometry": { "type": "Point", "coordinates": [ 100.6919365, 13.9070388 ] } },
{ "type": "Feature", "properties": { "osm_node_id": "13072213726", "latitude": 13.9005696, "longitude": 100.7168147, "street_names": "", "highway_types": "residential", "in_degree": 4, "out_degree": 4, "fully_bidirectional": true, "traffic_signals": false, "junction": "", "minimum_branch_angle": 87.42, "maximum_branch_angle": 93.53, "cross_score": 0.9804, "likely_geometric_cross": true, "osm_url": "https://www.openstreetmap.org/node/13072213726", "branch_1_neighbor": "13072213725", "branch_1_bearing": 89.71, "branch_1_street": "", "branch_1_highway": "residential", "branch_2_neighbor": "13072213729", "branch_2_bearing": 177.13, "branch_2_street": "", "branch_2_highway": "residential", "branch_3_neighbor": "13072213724", "branch_3_bearing": 266.85, "branch_3_street": "", "branch_3_highway": "residential", "branch_4_neighbor": "10255219351", "branch_4_bearing": 356.18, "branch_4_street": "", "branch_4_highway": "residential" }, "geometry": { "type": "Point", "coordinates": [ 100.7168147, 13.9005696 ] } },
{ "type": "Feature", "properties": { "osm_node_id": "3053322529", "latitude": 13.8671979, "longitude": 100.7461717, "street_names": "", "highway_types": "residential", "in_degree": 4, "out_degree": 4, "fully_bidirectional": true, "traffic_signals": false, "junction": "", "minimum_branch_angle": 88.07, "maximum_branch_angle": 92.17, "cross_score": 0.9804, "likely_geometric_cross": true, "osm_url": "https://www.openstreetmap.org/node/3053322529", "branch_1_neighbor": "11096419075", "branch_1_bearing": 82.52, "branch_1_street": "", "branch_1_highway": "residential", "branch_2_neighbor": "3053324458", "branch_2_bearing": 174.69, "branch_2_street": "", "branch_2_highway": "residential", "branch_3_neighbor": "8157887995", "branch_3_bearing": 266.04, "branch_3_street": "", "branch_3_highway": "residential", "branch_4_neighbor": "3053324385", "branch_4_bearing": 354.45, "branch_4_street": "", "branch_4_highway": "residential" }, "geometry": { "type": "Point", "coordinates": [ 100.7461717, 13.8671979 ] } },
{ "type": "Feature", "properties": { "osm_node_id": "3840059017", "latitude": 13.8563603, "longitude": 100.706736, "street_names": "", "highway_types": "residential", "in_degree": 4, "out_degree": 4, "fully_bidirectional": true, "traffic_signals": false, "junction": "", "minimum_branch_angle": 86.48, "maximum_branch_angle": 91.91, "cross_score": 0.9804, "likely_geometric_cross": true, "osm_url": "https://www.openstreetmap.org/node/3840059017", "branch_1_neighbor": "3840059016", "branch_1_bearing": 90.98, "branch_1_street": "", "branch_1_highway": "residential", "branch_2_neighbor": "3840059005", "branch_2_bearing": 181.0, "branch_2_street": "", "branch_2_highway": "residential", "branch_3_neighbor": "3840059014", "branch_3_bearing": 267.48, "branch_3_street": "", "branch_3_highway": "residential", "branch_4_neighbor": "3840059029", "branch_4_bearing": 359.39, "branch_4_street": "", "branch_4_highway": "residential" }, "geometry": { "type": "Point", "coordinates": [ 100.706736, 13.8563603 ] } },
{ "type": "Feature", "properties": { "osm_node_id": "4688954690", "latitude": 13.9016592, "longitude": 100.7099105, "street_names": "", "highway_types": "residential", "in_degree": 3, "out_degree": 4, "fully_bidirectional": false, "traffic_signals": false, "junction": "", "minimum_branch_angle": 87.77, "maximum_branch_angle": 92.17, "cross_score": 0.9804, "likely_geometric_cross": true, "osm_url": "https://www.openstreetmap.org/node/4688954690", "branch_1_neighbor": "5935976435", "branch_1_bearing": 78.52, "branch_1_street": "", "branch_1_highway": "residential", "branch_2_neighbor": "5935976432", "branch_2_bearing": 170.69, "branch_2_street": "", "branch_2_highway": "residential", "branch_3_neighbor": "5935976438", "branch_3_bearing": 259.39, "branch_3_street": "", "branch_3_highway": "residential", "branch_4_neighbor": "4688951083", "branch_4_bearing": 350.75, "branch_4_street": "", "branch_4_highway": "residential" }, "geometry": { "type": "Point", "coordinates": [ 100.7099105, 13.9016592 ] } },
{ "type": "Feature", "properties": { "osm_node_id": "3840058788", "latitude": 13.8496879, "longitude": 100.7065343, "street_names": "", "highway_types": "residential", "in_degree": 4, "out_degree": 4, "fully_bidirectional": true, "traffic_signals": false, "junction": "", "minimum_branch_angle": 87.29, "maximum_branch_angle": 91.91, "cross_score": 0.9803, "likely_geometric_cross": true, "osm_url": "https://www.openstreetmap.org/node/3840058788", "branch_1_neighbor": "3841547738", "branch_1_bearing": 88.16, "branch_1_street": "", "branch_1_highway": "residential", "branch_2_neighbor": "3840058781", "branch_2_bearing": 177.33, "branch_2_street": "", "branch_2_highway": "residential", "branch_3_neighbor": "3841547736", "branch_3_bearing": 264.62, "branch_3_street": "", "branch_3_highway": "residential", "branch_4_neighbor": "3840058797", "branch_4_bearing": 356.53, "branch_4_street": "", "branch_4_highway": "residential" }, "geometry": { "type": "Point", "coordinates": [ 100.7065343, 13.8496879 ] } },
{ "type": "Feature", "properties": { "osm_node_id": "3840059214", "latitude": 13.8592048, "longitude": 100.7067386, "street_names": "", "highway_types": "residential", "in_degree": 4, "out_degree": 4, "fully_bidirectional": true, "traffic_signals": false, "junction": "", "minimum_branch_angle": 87.75, "maximum_branch_angle": 92.25, "cross_score": 0.9803, "likely_geometric_cross": true, "osm_url": "https://www.openstreetmap.org/node/3840059214", "branch_1_neighbor": "3840059227", "branch_1_bearing": 0.34, "branch_1_street": "", "branch_1_highway": "residential", "branch_2_neighbor": "3840059213", "branch_2_bearing": 92.6, "branch_2_street": "", "branch_2_highway": "residential", "branch_3_neighbor": "3840059204", "branch_3_bearing": 180.34, "branch_3_street": "", "branch_3_highway": "residential", "branch_4_neighbor": "3840059211", "branch_4_bearing": 269.05, "branch_4_street": "", "branch_4_highway": "residential" }, "geometry": { "type": "Point", "coordinates": [ 100.7067386, 13.8592048 ] } },
{ "type": "Feature", "properties": { "osm_node_id": "6128822542", "latitude": 13.8324563, "longitude": 100.6967923, "street_names": "", "highway_types": "residential", "in_degree": 4, "out_degree": 4, "fully_bidirectional": true, "traffic_signals": false, "junction": "", "minimum_branch_angle": 87.57, "maximum_branch_angle": 92.42, "cross_score": 0.9803, "likely_geometric_cross": true, "osm_url": "https://www.openstreetmap.org/node/6128822542", "branch_1_neighbor": "8034649966", "branch_1_bearing": 87.92, "branch_1_street": "", "branch_1_highway": "residential", "branch_2_neighbor": "6128822531", "branch_2_bearing": 176.8, "branch_2_street": "", "branch_2_highway": "residential", "branch_3_neighbor": "6128822507", "branch_3_bearing": 264.37, "branch_3_street": "", "branch_3_highway": "residential", "branch_4_neighbor": "6128822505", "branch_4_bearing": 356.79, "branch_4_street": "", "branch_4_highway": "residential" }, "geometry": { "type": "Point", "coordinates": [ 100.6967923, 13.8324563 ] } },
{ "type": "Feature", "properties": { "osm_node_id": "8236987907", "latitude": 13.8270547, "longitude": 100.7503565, "street_names": "ประชาชนร่วมใจ 7", "highway_types": "residential", "in_degree": 4, "out_degree": 4, "fully_bidirectional": true, "traffic_signals": false, "junction": "", "minimum_branch_angle": 87.96, "maximum_branch_angle": 92.06, "cross_score": 0.9802, "likely_geometric_cross": true, "osm_url": "https://www.openstreetmap.org/node/8236987907", "branch_1_neighbor": "8236987906", "branch_1_bearing": 56.61, "branch_1_street": "", "branch_1_highway": "residential", "branch_2_neighbor": "3843843361", "branch_2_bearing": 144.57, "branch_2_street": "ประชาชนร่วมใจ 7", "branch_2_highway": "residential", "branch_3_neighbor": "11198956776", "branch_3_bearing": 233.06, "branch_3_street": "", "branch_3_highway": "residential", "branch_4_neighbor": "8217983592", "branch_4_bearing": 324.55, "branch_4_street": "ประชาชนร่วมใจ 7", "branch_4_highway": "residential" }, "geometry": { "type": "Point", "coordinates": [ 100.7503565, 13.8270547 ] } },
{ "type": "Feature", "properties": { "osm_node_id": "3834869506", "latitude": 13.8696633, "longitude": 100.7103853, "street_names": "", "highway_types": "residential", "in_degree": 4, "out_degree": 4, "fully_bidirectional": true, "traffic_signals": false, "junction": "", "minimum_branch_angle": 87.69, "maximum_branch_angle": 92.1, "cross_score": 0.9801, "likely_geometric_cross": true, "osm_url": "https://www.openstreetmap.org/node/3834869506", "branch_1_neighbor": "3834869505", "branch_1_bearing": 90.97, "branch_1_street": "", "branch_1_highway": "residential", "branch_2_neighbor": "3834869492", "branch_2_bearing": 178.66, "branch_2_street": "", "branch_2_highway": "residential", "branch_3_neighbor": "3834869504", "branch_3_bearing": 267.39, "branch_3_street": "", "branch_3_highway": "residential", "branch_4_neighbor": "3834869523", "branch_4_bearing": 358.88, "branch_4_street": "", "branch_4_highway": "residential" }, "geometry": { "type": "Point", "coordinates": [ 100.7103853, 13.8696633 ] } },
{ "type": "Feature", "properties": { "osm_node_id": "3840058864", "latitude": 13.8512583, "longitude": 100.7077625, "street_names": "", "highway_types": "residential", "in_degree": 4, "out_degree": 4, "fully_bidirectional": true, "traffic_signals": false, "junction": "", "minimum_branch_angle": 88.13, "maximum_branch_angle": 91.87, "cross_score": 0.9801, "likely_geometric_cross": true, "osm_url": "https://www.openstreetmap.org/node/3840058864", "branch_1_neighbor": "3840058865", "branch_1_bearing": 87.62, "branch_1_street": "", "branch_1_highway": "residential", "branch_2_neighbor": "3840058849", "branch_2_bearing": 179.49, "branch_2_street": "", "branch_2_highway": "residential", "branch_3_neighbor": "3840058863", "branch_3_bearing": 267.78, "branch_3_street": "", "branch_3_highway": "residential", "branch_4_neighbor": "3840058880", "branch_4_bearing": 359.49, "branch_4_street": "", "branch_4_highway": "residential" }, "geometry": { "type": "Point", "coordinates": [ 100.7077625, 13.8512583 ] } },
{ "type": "Feature", "properties": { "osm_node_id": "8144706295", "latitude": 13.8647524, "longitude": 100.7104314, "street_names": "ซอย เลียบคลองสอง 19; มโนรมย์ 4 ซอย 6", "highway_types": "residential", "in_degree": 3, "out_degree": 3, "fully_bidirectional": false, "traffic_signals": false, "junction": "", "minimum_branch_angle": 87.03, "maximum_branch_angle": 92.68, "cross_score": 0.9801, "likely_geometric_cross": true, "osm_url": "https://www.openstreetmap.org/node/8144706295", "branch_1_neighbor": "3834869415", "branch_1_bearing": 1.57, "branch_1_street": "มโนรมย์ 4 ซอย 6", "branch_1_highway": "residential", "branch_2_neighbor": "8144706294", "branch_2_bearing": 88.6, "branch_2_street": "ซอย เลียบคลองสอง 19", "branch_2_highway": "residential", "branch_3_neighbor": "8144706290", "branch_3_bearing": 179.5, "branch_3_street": "มโนรมย์ 4 ซอย 6", "branch_3_highway": "residential", "branch_4_neighbor": "8144706296", "branch_4_bearing": 268.89, "branch_4_street": "ซอย เลียบคลองสอง 19", "branch_4_highway": "residential" }, "geometry": { "type": "Point", "coordinates": [ 100.7104314, 13.8647524 ] } },
{ "type": "Feature", "properties": { "osm_node_id": "3840100067", "latitude": 13.8562368, "longitude": 100.6884525, "street_names": "ซอยคู้บอน 48", "highway_types": "residential", "in_degree": 4, "out_degree": 4, "fully_bidirectional": true, "traffic_signals": false, "junction": "", "minimum_branch_angle": 88.0, "maximum_branch_angle": 93.11, "cross_score": 0.98, "likely_geometric_cross": true, "osm_url": "https://www.openstreetmap.org/node/3840100067", "branch_1_neighbor": "3840100069", "branch_1_bearing": 76.1, "branch_1_street": "", "branch_1_highway": "residential", "branch_2_neighbor": "3840100061", "branch_2_bearing": 164.11, "branch_2_street": "ซอยคู้บอน 48", "branch_2_highway": "residential", "branch_3_neighbor": "3840100065", "branch_3_bearing": 257.22, "branch_3_street": "", "branch_3_highway": "residential", "branch_4_neighbor": "3840100073", "branch_4_bearing": 345.62, "branch_4_street": "ซอยคู้บอน 48", "branch_4_highway": "residential" }, "geometry": { "type": "Point", "coordinates": [ 100.6884525, 13.8562368 ] } },
{ "type": "Feature", "properties": { "osm_node_id": "3834869257", "latitude": 13.8578256, "longitude": 100.7169963, "street_names": "", "highway_types": "residential", "in_degree": 4, "out_degree": 4, "fully_bidirectional": true, "traffic_signals": false, "junction": "", "minimum_branch_angle": 87.84, "maximum_branch_angle": 92.24, "cross_score": 0.9799, "likely_geometric_cross": true, "osm_url": "https://www.openstreetmap.org/node/3834869257", "branch_1_neighbor": "3834869263", "branch_1_bearing": 0.45, "branch_1_street": "", "branch_1_highway": "residential", "branch_2_neighbor": "3834868756", "branch_2_bearing": 92.69, "branch_2_street": "", "branch_2_highway": "residential", "branch_3_neighbor": "3834868749", "branch_3_bearing": 180.53, "branch_3_street": "", "branch_3_highway": "residential", "branch_4_neighbor": "10993718440", "branch_4_bearing": 271.9, "branch_4_street": "", "branch_4_highway": "residential" }, "geometry": { "type": "Point", "coordinates": [ 100.7169963, 13.8578256 ] } },
{ "type": "Feature", "properties": { "osm_node_id": "3840058958", "latitude": 13.8542786, "longitude": 100.7086432, "street_names": "", "highway_types": "residential", "in_degree": 4, "out_degree": 4, "fully_bidirectional": true, "traffic_signals": false, "junction": "", "minimum_branch_angle": 87.14, "maximum_branch_angle": 92.36, "cross_score": 0.9799, "likely_geometric_cross": true, "osm_url": "https://www.openstreetmap.org/node/3840058958", "branch_1_neighbor": "3840058959", "branch_1_bearing": 81.47, "branch_1_street": "", "branch_1_highway": "residential", "branch_2_neighbor": "3840058950", "branch_2_bearing": 173.83, "branch_2_street": "", "branch_2_highway": "residential", "branch_3_neighbor": "3840058957", "branch_3_bearing": 265.09, "branch_3_street": "", "branch_3_highway": "residential", "branch_4_neighbor": "3840058970", "branch_4_bearing": 352.23, "branch_4_street": "", "branch_4_highway": "residential" }, "geometry": { "type": "Point", "coordinates": [ 100.7086432, 13.8542786 ] } },
{ "type": "Feature", "properties": { "osm_node_id": "3840059004", "latitude": 13.8559669, "longitude": 100.7060071, "street_names": "", "highway_types": "residential", "in_degree": 4, "out_degree": 4, "fully_bidirectional": true, "traffic_signals": false, "junction": "", "minimum_branch_angle": 88.24, "maximum_branch_angle": 93.64, "cross_score": 0.9798, "likely_geometric_cross": true, "osm_url": "https://www.openstreetmap.org/node/3840059004", "branch_1_neighbor": "3840059014", "branch_1_bearing": 1.75, "branch_1_street": "", "branch_1_highway": "residential", "branch_2_neighbor": "3840059005", "branch_2_bearing": 89.99, "branch_2_street": "", "branch_2_highway": "residential", "branch_3_neighbor": "3840058995", "branch_3_bearing": 179.83, "branch_3_street": "", "branch_3_highway": "residential", "branch_4_neighbor": "3840059002", "branch_4_bearing": 268.11, "branch_4_street": "", "branch_4_highway": "residential" }, "geometry": { "type": "Point", "coordinates": [ 100.7060071, 13.8559669 ] } },
{ "type": "Feature", "properties": { "osm_node_id": "5936140582", "latitude": 13.9075159, "longitude": 100.6925952, "street_names": "", "highway_types": "residential", "in_degree": 3, "out_degree": 3, "fully_bidirectional": false, "traffic_signals": false, "junction": "", "minimum_branch_angle": 86.44, "maximum_branch_angle": 93.57, "cross_score": 0.9798, "likely_geometric_cross": true, "osm_url": "https://www.openstreetmap.org/node/5936140582", "branch_1_neighbor": "5936141585", "branch_1_bearing": 53.26, "branch_1_street": "", "branch_1_highway": "residential", "branch_2_neighbor": "5936140583", "branch_2_bearing": 139.7, "branch_2_street": "", "branch_2_highway": "residential", "branch_3_neighbor": "5936140579", "branch_3_bearing": 233.27, "branch_3_street": "", "branch_3_highway": "residential", "branch_4_neighbor": "5936140581", "branch_4_bearing": 323.33, "branch_4_street": "", "branch_4_highway": "residential" }, "geometry": { "type": "Point", "coordinates": [ 100.6925952, 13.9075159 ] } },
{ "type": "Feature", "properties": { "osm_node_id": "6521855227", "latitude": 13.8467283, "longitude": 100.7093559, "street_names": "", "highway_types": "residential", "in_degree": 4, "out_degree": 4, "fully_bidirectional": true, "traffic_signals": false, "junction": "", "minimum_branch_angle": 87.85, "maximum_branch_angle": 92.23, "cross_score": 0.9798, "likely_geometric_cross": true, "osm_url": "https://www.openstreetmap.org/node/6521855227", "branch_1_neighbor": "6521855228", "branch_1_bearing": 86.51, "branch_1_street": "", "branch_1_highway": "residential", "branch_2_neighbor": "3843224229", "branch_2_bearing": 177.9, "branch_2_street": "", "branch_2_highway": "residential", "branch_3_neighbor": "6117202409", "branch_3_bearing": 265.75, "branch_3_street": "", "branch_3_highway": "residential", "branch_4_neighbor": "6117202158", "branch_4_bearing": 357.98, "branch_4_street": "", "branch_4_highway": "residential" }, "geometry": { "type": "Point", "coordinates": [ 100.7093559, 13.8467283 ] } },
{ "type": "Feature", "properties": { "osm_node_id": "8061465706", "latitude": 13.8741723, "longitude": 100.7084553, "street_names": "ถนนปัญญาอินทรา", "highway_types": "residential", "in_degree": 2, "out_degree": 2, "fully_bidirectional": false, "traffic_signals": false, "junction": "", "minimum_branch_angle": 86.44, "maximum_branch_angle": 93.15, "cross_score": 0.9798, "likely_geometric_cross": true, "osm_url": "https://www.openstreetmap.org/node/8061465706", "branch_1_neighbor": "6124183103", "branch_1_bearing": 4.19, "branch_1_street": "ถนนปัญญาอินทรา", "branch_1_highway": "residential", "branch_2_neighbor": "8061465707", "branch_2_bearing": 90.63, "branch_2_street": "", "branch_2_highway": "residential", "branch_3_neighbor": "7990396136", "branch_3_bearing": 180.55, "branch_3_street": "ถนนปัญญาอินทรา", "branch_3_highway": "residential", "branch_4_neighbor": "8061465710", "branch_4_bearing": 271.04, "branch_4_street": "", "branch_4_highway": "residential" }, "geometry": { "type": "Point", "coordinates": [ 100.7084553, 13.8741723 ] } },
{ "type": "Feature", "properties": { "osm_node_id": "8122705713", "latitude": 13.8358555, "longitude": 100.7344533, "street_names": "ซอยนิมิตใหม่ 9", "highway_types": "residential", "in_degree": 4, "out_degree": 4, "fully_bidirectional": true, "traffic_signals": false, "junction": "", "minimum_branch_angle": 86.44, "maximum_branch_angle": 93.55, "cross_score": 0.9798, "likely_geometric_cross": true, "osm_url": "https://www.openstreetmap.org/node/8122705713", "branch_1_neighbor": "8122705707", "branch_1_bearing": 70.09, "branch_1_street": "ซอยนิมิตใหม่ 9", "branch_1_highway": "residential", "branch_2_neighbor": "8122705709", "branch_2_bearing": 163.64, "branch_2_street": "", "branch_2_highway": "residential", "branch_3_neighbor": "8122705711", "branch_3_bearing": 250.08, "branch_3_street": "ซอยนิมิตใหม่ 9", "branch_3_highway": "residential", "branch_4_neighbor": "8122705714", "branch_4_bearing": 340.17, "branch_4_street": "", "branch_4_highway": "residential" }, "geometry": { "type": "Point", "coordinates": [ 100.7344533, 13.8358555 ] } },
{ "type": "Feature", "properties": { "osm_node_id": "3053324385", "latitude": 13.8675904, "longitude": 100.7461324, "street_names": "", "highway_types": "residential", "in_degree": 4, "out_degree": 4, "fully_bidirectional": true, "traffic_signals": false, "junction": "", "minimum_branch_angle": 86.35, "maximum_branch_angle": 92.06, "cross_score": 0.9797, "likely_geometric_cross": true, "osm_url": "https://www.openstreetmap.org/node/3053324385", "branch_1_neighbor": "3053324375", "branch_1_bearing": 82.39, "branch_1_street": "", "branch_1_highway": "residential", "branch_2_neighbor": "3053322529", "branch_2_bearing": 174.45, "branch_2_street": "", "branch_2_highway": "residential", "branch_3_neighbor": "3053324381", "branch_3_bearing": 265.95, "branch_3_street": "", "branch_3_highway": "residential", "branch_4_neighbor": "3053324345", "branch_4_bearing": 352.29, "branch_4_street": "", "branch_4_highway": "residential" }, "geometry": { "type": "Point", "coordinates": [ 100.7461324, 13.8675904 ] } },
{ "type": "Feature", "properties": { "osm_node_id": "3840087115", "latitude": 13.8512467, "longitude": 100.6934313, "street_names": "ซอยพระยาสุเรนทร์ 33", "highway_types": "residential", "in_degree": 3, "out_degree": 3, "fully_bidirectional": false, "traffic_signals": false, "junction": "", "minimum_branch_angle": 87.01, "maximum_branch_angle": 93.22, "cross_score": 0.9797, "likely_geometric_cross": true, "osm_url": "https://www.openstreetmap.org/node/3840087115", "branch_1_neighbor": "8086897635", "branch_1_bearing": 66.34, "branch_1_street": "ซอยพระยาสุเรนทร์ 33", "branch_1_highway": "residential", "branch_2_neighbor": "3840087108", "branch_2_bearing": 155.67, "branch_2_street": "", "branch_2_highway": "residential", "branch_3_neighbor": "2374444281", "branch_3_bearing": 246.1, "branch_3_street": "ซอยพระยาสุเรนทร์ 33", "branch_3_highway": "residential", "branch_4_neighbor": "8236488055", "branch_4_bearing": 333.11, "branch_4_street": "", "branch_4_highway": "residential" }, "geometry": { "type": "Point", "coordinates": [ 100.6934313, 13.8512467 ] } },
{ "type": "Feature", "properties": { "osm_node_id": "8034727853", "latitude": 13.8302479, "longitude": 100.6939623, "street_names": "", "highway_types": "residential", "in_degree": 4, "out_degree": 4, "fully_bidirectional": true, "traffic_signals": false, "junction": "", "minimum_branch_angle": 87.99, "maximum_branch_angle": 91.93, "cross_score": 0.9797, "likely_geometric_cross": true, "osm_url": "https://www.openstreetmap.org/node/8034727853", "branch_1_neighbor": "3841938310", "branch_1_bearing": 61.8, "branch_1_street": "", "branch_1_highway": "residential", "branch_2_neighbor": "8034727852", "branch_2_bearing": 153.52, "branch_2_street": "", "branch_2_highway": "residential", "branch_3_neighbor": "8034727856", "branch_3_bearing": 241.51, "branch_3_street": "", "branch_3_highway": "residential", "branch_4_neighbor": "8034727854", "branch_4_bearing": 333.43, "branch_4_street": "", "branch_4_highway": "residential" }, "geometry": { "type": "Point", "coordinates": [ 100.6939623, 13.8302479 ] } },
{ "type": "Feature", "properties": { "osm_node_id": "8169704178", "latitude": 13.83004, "longitude": 100.725655, "street_names": "", "highway_types": "residential", "in_degree": 3, "out_degree": 3, "fully_bidirectional": false, "traffic_signals": false, "junction": "", "minimum_branch_angle": 86.87, "maximum_branch_angle": 93.13, "cross_score": 0.9794, "likely_geometric_cross": true, "osm_url": "https://www.openstreetmap.org/node/8169704178", "branch_1_neighbor": "3841884015", "branch_1_bearing": 90.07, "branch_1_street": "", "branch_1_highway": "residential", "branch_2_neighbor": "8169704177", "branch_2_bearing": 179.49, "branch_2_street": "", "branch_2_highway": "residential", "branch_3_neighbor": "6521933561", "branch_3_bearing": 270.07, "branch_3_street": "", "branch_3_highway": "residential", "branch_4_neighbor": "8169704179", "branch_4_bearing": 356.94, "branch_4_street": "", "branch_4_highway": "residential" }, "geometry": { "type": "Point", "coordinates": [ 100.725655, 13.83004 ] } },
{ "type": "Feature", "properties": { "osm_node_id": "2562522060", "latitude": 13.8786085, "longitude": 100.7205258, "street_names": "ซอย ๔", "highway_types": "residential", "in_degree": 4, "out_degree": 4, "fully_bidirectional": true, "traffic_signals": false, "junction": "", "minimum_branch_angle": 87.97, "maximum_branch_angle": 93.08, "cross_score": 0.9792, "likely_geometric_cross": true, "osm_url": "https://www.openstreetmap.org/node/2562522060", "branch_1_neighbor": "2562522061", "branch_1_bearing": 90.7, "branch_1_street": "ซอย ๔", "branch_1_highway": "residential", "branch_2_neighbor": "2562522057", "branch_2_bearing": 178.98, "branch_2_street": "", "branch_2_highway": "residential", "branch_3_neighbor": "2562522059", "branch_3_bearing": 269.65, "branch_3_street": "", "branch_3_highway": "residential", "branch_4_neighbor": "2562521916", "branch_4_bearing": 357.61, "branch_4_street": "", "branch_4_highway": "residential" }, "geometry": { "type": "Point", "coordinates": [ 100.7205258, 13.8786085 ] } },
{ "type": "Feature", "properties": { "osm_node_id": "3053324406", "latitude": 13.8704305, "longitude": 100.7436909, "street_names": "", "highway_types": "residential", "in_degree": 4, "out_degree": 4, "fully_bidirectional": true, "traffic_signals": false, "junction": "", "minimum_branch_angle": 86.95, "maximum_branch_angle": 93.08, "cross_score": 0.9792, "likely_geometric_cross": true, "osm_url": "https://www.openstreetmap.org/node/3053324406", "branch_1_neighbor": "3053324470", "branch_1_bearing": 85.35, "branch_1_street": "", "branch_1_highway": "residential", "branch_2_neighbor": "3053324425", "branch_2_bearing": 178.43, "branch_2_street": "", "branch_2_highway": "residential", "branch_3_neighbor": "3053324384", "branch_3_bearing": 265.38, "branch_3_street": "", "branch_3_highway": "residential", "branch_4_neighbor": "3053324399", "branch_4_bearing": 356.05, "branch_4_street": "", "branch_4_highway": "residential" }, "geometry": { "type": "Point", "coordinates": [ 100.7436909, 13.8704305 ] } },
{ "type": "Feature", "properties": { "osm_node_id": "3053324428", "latitude": 13.8703594, "longitude": 100.7458688, "street_names": "", "highway_types": "residential", "in_degree": 4, "out_degree": 4, "fully_bidirectional": true, "traffic_signals": false, "junction": "", "minimum_branch_angle": 88.11, "maximum_branch_angle": 91.9, "cross_score": 0.9792, "likely_geometric_cross": true, "osm_url": "https://www.openstreetmap.org/node/3053324428", "branch_1_neighbor": "3053324354", "branch_1_bearing": 86.58, "branch_1_street": "", "branch_1_highway": "residential", "branch_2_neighbor": "3053324333", "branch_2_bearing": 174.69, "branch_2_street": "", "branch_2_highway": "residential", "branch_3_neighbor": "3053324368", "branch_3_bearing": 266.53, "branch_3_street": "", "branch_3_highway": "residential", "branch_4_neighbor": "3053324382", "branch_4_bearing": 354.68, "branch_4_street": "", "branch_4_highway": "residential" }, "geometry": { "type": "Point", "coordinates": [ 100.7458688, 13.8703594 ] } },
{ "type": "Feature", "properties": { "osm_node_id": "3834869429", "latitude": 13.8655437, "longitude": 100.7196041, "street_names": "ซอย 5", "highway_types": "residential", "in_degree": 3, "out_degree": 3, "fully_bidirectional": false, "traffic_signals": false, "junction": "", "minimum_branch_angle": 86.66, "maximum_branch_angle": 93.11, "cross_score": 0.979, "likely_geometric_cross": true, "osm_url": "https://www.openstreetmap.org/node/3834869429", "branch_1_neighbor": "8061345576", "branch_1_bearing": 90.9, "branch_1_street": "ซอย 5", "branch_1_highway": "residential", "branch_2_neighbor": "3834869426", "branch_2_bearing": 177.56, "branch_2_street": "", "branch_2_highway": "residential", "branch_3_neighbor": "3834869427", "branch_3_bearing": 268.23, "branch_3_street": "ซอย 5", "branch_3_highway": "residential", "branch_4_neighbor": "3834869437", "branch_4_bearing": 357.78, "branch_4_street": "", "branch_4_highway": "residential" }, "geometry": { "type": "Point", "coordinates": [ 100.7196041, 13.8655437 ] } },
{ "type": "Feature", "properties": { "osm_node_id": "8424645145", "latitude": 13.8957981, "longitude": 100.7143955, "street_names": "ถนนไทยรามัญ", "highway_types": "residential; tertiary", "in_degree": 4, "out_degree": 4, "fully_bidirectional": true, "traffic_signals": false, "junction": "", "minimum_branch_angle": 86.79, "maximum_branch_angle": 92.56, "cross_score": 0.979, "likely_geometric_cross": true, "osm_url": "https://www.openstreetmap.org/node/8424645145", "branch_1_neighbor": "5935920708", "branch_1_bearing": 82.4, "branch_1_street": "ถนนไทยรามัญ", "branch_1_highway": "tertiary", "branch_2_neighbor": "8424645144", "branch_2_bearing": 174.96, "branch_2_street": "", "branch_2_highway": "residential", "branch_3_neighbor": "8424645153", "branch_3_bearing": 261.76, "branch_3_street": "ถนนไทยรามัญ", "branch_3_highway": "tertiary", "branch_4_neighbor": "8424645148", "branch_4_bearing": 352.97, "branch_4_street": "", "branch_4_highway": "residential" }, "geometry": { "type": "Point", "coordinates": [ 100.7143955, 13.8957981 ] } },
{ "type": "Feature", "properties": { "osm_node_id": "5936140579", "latitude": 13.9072817, "longitude": 100.6922719, "street_names": "", "highway_types": "residential", "in_degree": 3, "out_degree": 3, "fully_bidirectional": false, "traffic_signals": false, "junction": "", "minimum_branch_angle": 87.34, "maximum_branch_angle": 92.67, "cross_score": 0.9788, "likely_geometric_cross": true, "osm_url": "https://www.openstreetmap.org/node/5936140579", "branch_1_neighbor": "5936140582", "branch_1_bearing": 53.27, "branch_1_street": "", "branch_1_highway": "residential", "branch_2_neighbor": "5936140580", "branch_2_bearing": 140.6, "branch_2_street": "", "branch_2_highway": "residential", "branch_3_neighbor": "5936140576", "branch_3_bearing": 233.27, "branch_3_street": "", "branch_3_highway": "residential", "branch_4_neighbor": "5936140578", "branch_4_bearing": 322.11, "branch_4_street": "", "branch_4_highway": "residential" }, "geometry": { "type": "Point", "coordinates": [ 100.6922719, 13.9072817 ] } },
{ "type": "Feature", "properties": { "osm_node_id": "10259176701", "latitude": 13.9040942, "longitude": 100.6898483, "street_names": "", "highway_types": "residential", "in_degree": 4, "out_degree": 4, "fully_bidirectional": true, "traffic_signals": false, "junction": "", "minimum_branch_angle": 87.26, "maximum_branch_angle": 92.49, "cross_score": 0.9787, "likely_geometric_cross": true, "osm_url": "https://www.openstreetmap.org/node/10259176701", "branch_1_neighbor": "10259176702", "branch_1_bearing": 45.13, "branch_1_street": "", "branch_1_highway": "residential", "branch_2_neighbor": "10259176699", "branch_2_bearing": 136.48, "branch_2_street": "", "branch_2_highway": "residential", "branch_3_neighbor": "10259176700", "branch_3_bearing": 225.38, "branch_3_street": "", "branch_3_highway": "residential", "branch_4_neighbor": "10259176698", "branch_4_bearing": 317.86, "branch_4_street": "", "branch_4_highway": "residential" }, "geometry": { "type": "Point", "coordinates": [ 100.6898483, 13.9040942 ] } },
{ "type": "Feature", "properties": { "osm_node_id": "8122705707", "latitude": 13.8359744, "longitude": 100.7347913, "street_names": "ซอยนิมิตใหม่ 9", "highway_types": "residential", "in_degree": 4, "out_degree": 4, "fully_bidirectional": true, "traffic_signals": false, "junction": "", "minimum_branch_angle": 87.83, "maximum_branch_angle": 92.19, "cross_score": 0.9787, "likely_geometric_cross": true, "osm_url": "https://www.openstreetmap.org/node/8122705707", "branch_1_neighbor": "8122808117", "branch_1_bearing": 70.07, "branch_1_street": "ซอยนิมิตใหม่ 9", "branch_1_highway": "residential", "branch_2_neighbor": "8122705708", "branch_2_bearing": 157.9, "branch_2_street": "", "branch_2_highway": "residential", "branch_3_neighbor": "8122705713", "branch_3_bearing": 250.09, "branch_3_street": "ซอยนิมิตใหม่ 9", "branch_3_highway": "residential", "branch_4_neighbor": "11160261271", "branch_4_bearing": 341.73, "branch_4_street": "", "branch_4_highway": "residential" }, "geometry": { "type": "Point", "coordinates": [ 100.7347913, 13.8359744 ] } },
{ "type": "Feature", "properties": { "osm_node_id": "3840100054", "latitude": 13.8555568, "longitude": 100.6827277, "street_names": "ซอย 7; ซอย 8", "highway_types": "residential", "in_degree": 4, "out_degree": 4, "fully_bidirectional": true, "traffic_signals": false, "junction": "", "minimum_branch_angle": 87.36, "maximum_branch_angle": 92.63, "cross_score": 0.9786, "likely_geometric_cross": true, "osm_url": "https://www.openstreetmap.org/node/3840100054", "branch_1_neighbor": "3840100056", "branch_1_bearing": 77.94, "branch_1_street": "ซอย 7", "branch_1_highway": "residential", "branch_2_neighbor": "3840100041", "branch_2_bearing": 165.31, "branch_2_street": "", "branch_2_highway": "residential", "branch_3_neighbor": "3840100051", "branch_3_bearing": 256.53, "branch_3_street": "ซอย 8", "branch_3_highway": "residential", "branch_4_neighbor": "3840100060", "branch_4_bearing": 345.31, "branch_4_street": "", "branch_4_highway": "residential" }, "geometry": { "type": "Point", "coordinates": [ 100.6827277, 13.8555568 ] } },
{ "type": "Feature", "properties": { "osm_node_id": "6061839246", "latitude": 13.9171249, "longitude": 100.7812114, "street_names": "ซอยไมตรีจิต 38; ถนนไมตรีจิต", "highway_types": "residential; tertiary", "in_degree": 3, "out_degree": 3, "fully_bidirectional": false, "traffic_signals": false, "junction": "", "minimum_branch_angle": 86.14, "maximum_branch_angle": 93.07, "cross_score": 0.9786, "likely_geometric_cross": true, "osm_url": "https://www.openstreetmap.org/node/6061839246", "branch_1_neighbor": "13208402689", "branch_1_bearing": 89.85, "branch_1_street": "ซอยไมตรีจิต 38", "branch_1_highway": "residential", "branch_2_neighbor": "6061846150", "branch_2_bearing": 180.57, "branch_2_street": "ถนนไมตรีจิต", "branch_2_highway": "tertiary", "branch_3_neighbor": "8250978794", "branch_3_bearing": 266.71, "branch_3_street": "ซอยไมตรีจิต 38", "branch_3_highway": "residential", "branch_4_neighbor": "12787768985", "branch_4_bearing": 359.77, "branch_4_street": "ถนนไมตรีจิต", "branch_4_highway": "tertiary" }, "geometry": { "type": "Point", "coordinates": [ 100.7812114, 13.9171249 ] } },
{ "type": "Feature", "properties": { "osm_node_id": "3834869270", "latitude": 13.8584001, "longitude": 100.717001, "street_names": "", "highway_types": "residential", "in_degree": 4, "out_degree": 4, "fully_bidirectional": true, "traffic_signals": false, "junction": "", "minimum_branch_angle": 86.2, "maximum_branch_angle": 93.79, "cross_score": 0.9783, "likely_geometric_cross": true, "osm_url": "https://www.openstreetmap.org/node/3834869270", "branch_1_neighbor": "3834869275", "branch_1_bearing": 0.45, "branch_1_street": "", "branch_1_highway": "residential", "branch_2_neighbor": "3834869268", "branch_2_bearing": 90.34, "branch_2_street": "", "branch_2_highway": "residential", "branch_3_neighbor": "3834869263", "branch_3_bearing": 180.46, "branch_3_street": "", "branch_3_highway": "residential", "branch_4_neighbor": "3834869271", "branch_4_bearing": 274.25, "branch_4_street": "", "branch_4_highway": "residential" }, "geometry": { "type": "Point", "coordinates": [ 100.717001, 13.8584001 ] } },
{ "type": "Feature", "properties": { "osm_node_id": "3841370440", "latitude": 13.8470886, "longitude": 100.7454763, "street_names": "", "highway_types": "residential", "in_degree": 4, "out_degree": 4, "fully_bidirectional": true, "traffic_signals": false, "junction": "", "minimum_branch_angle": 87.1, "maximum_branch_angle": 93.14, "cross_score": 0.9782, "likely_geometric_cross": true, "osm_url": "https://www.openstreetmap.org/node/3841370440", "branch_1_neighbor": "3841370442", "branch_1_bearing": 72.29, "branch_1_street": "", "branch_1_highway": "residential", "branch_2_neighbor": "3841370435", "branch_2_bearing": 159.38, "branch_2_street": "", "branch_2_highway": "residential", "branch_3_neighbor": "3841370436", "branch_3_bearing": 250.15, "branch_3_street": "", "branch_3_highway": "residential", "branch_4_neighbor": "3841370445", "branch_4_bearing": 343.3, "branch_4_street": "", "branch_4_highway": "residential" }, "geometry": { "type": "Point", "coordinates": [ 100.7454763, 13.8470886 ] } },
{ "type": "Feature", "properties": { "osm_node_id": "5936141594", "latitude": 13.9081618, "longitude": 100.6936063, "street_names": "", "highway_types": "residential", "in_degree": 3, "out_degree": 3, "fully_bidirectional": false, "traffic_signals": false, "junction": "", "minimum_branch_angle": 86.47, "maximum_branch_angle": 93.55, "cross_score": 0.9781, "likely_geometric_cross": true, "osm_url": "https://www.openstreetmap.org/node/5936141594", "branch_1_neighbor": "5936141597", "branch_1_bearing": 53.46, "branch_1_street": "", "branch_1_highway": "residential", "branch_2_neighbor": "5936141593", "branch_2_bearing": 147.01, "branch_2_street": "", "branch_2_highway": "residential", "branch_3_neighbor": "5936141589", "branch_3_bearing": 233.48, "branch_3_street": "", "branch_3_highway": "residential", "branch_4_neighbor": "5936141592", "branch_4_bearing": 323.07, "branch_4_street": "", "branch_4_highway": "residential" }, "geometry": { "type": "Point", "coordinates": [ 100.6936063, 13.9081618 ] } },
{ "type": "Feature", "properties": { "osm_node_id": "353332325", "latitude": 13.8384406, "longitude": 100.693639, "street_names": "", "highway_types": "residential", "in_degree": 4, "out_degree": 4, "fully_bidirectional": true, "traffic_signals": false, "junction": "", "minimum_branch_angle": 88.17, "maximum_branch_angle": 93.97, "cross_score": 0.978, "likely_geometric_cross": true, "osm_url": "https://www.openstreetmap.org/node/353332325", "branch_1_neighbor": "353332326", "branch_1_bearing": 66.75, "branch_1_street": "", "branch_1_highway": "residential", "branch_2_neighbor": "353332266", "branch_2_bearing": 155.86, "branch_2_street": "", "branch_2_highway": "residential", "branch_3_neighbor": "353332324", "branch_3_bearing": 244.02, "branch_3_street": "", "branch_3_highway": "residential", "branch_4_neighbor": "8302044135", "branch_4_bearing": 337.99, "branch_4_street": "", "branch_4_highway": "residential" }, "geometry": { "type": "Point", "coordinates": [ 100.693639, 13.8384406 ] } },
{ "type": "Feature", "properties": { "osm_node_id": "6117202316", "latitude": 13.8466296, "longitude": 100.7117966, "street_names": "", "highway_types": "residential", "in_degree": 4, "out_degree": 4, "fully_bidirectional": true, "traffic_signals": false, "junction": "", "minimum_branch_angle": 87.3, "maximum_branch_angle": 92.73, "cross_score": 0.978, "likely_geometric_cross": true, "osm_url": "https://www.openstreetmap.org/node/6117202316", "branch_1_neighbor": "6521855225", "branch_1_bearing": 87.85, "branch_1_street": "", "branch_1_highway": "residential", "branch_2_neighbor": "6117202312", "branch_2_bearing": 175.15, "branch_2_street": "", "branch_2_highway": "residential", "branch_3_neighbor": "6117202317", "branch_3_bearing": 267.87, "branch_3_street": "", "branch_3_highway": "residential", "branch_4_neighbor": "6117202318", "branch_4_bearing": 356.62, "branch_4_street": "", "branch_4_highway": "residential" }, "geometry": { "type": "Point", "coordinates": [ 100.7117966, 13.8466296 ] } },
{ "type": "Feature", "properties": { "osm_node_id": "8236488055", "latitude": 13.8513007, "longitude": 100.6934031, "street_names": "ซอยพระยาสุเรนทร์ 33", "highway_types": "residential", "in_degree": 3, "out_degree": 3, "fully_bidirectional": false, "traffic_signals": false, "junction": "", "minimum_branch_angle": 86.63, "maximum_branch_angle": 93.35, "cross_score": 0.9776, "likely_geometric_cross": true, "osm_url": "https://www.openstreetmap.org/node/8236488055", "branch_1_neighbor": "8236488108", "branch_1_bearing": 66.48, "branch_1_street": "ซอยพระยาสุเรนทร์ 33", "branch_1_highway": "residential", "branch_2_neighbor": "3840087115", "branch_2_bearing": 153.11, "branch_2_street": "", "branch_2_highway": "residential", "branch_3_neighbor": "2374444281", "branch_3_bearing": 246.46, "branch_3_street": "ซอยพระยาสุเรนทร์ 33", "branch_3_highway": "residential", "branch_4_neighbor": "8919312488", "branch_4_bearing": 335.79, "branch_4_street": "", "branch_4_highway": "residential" }, "geometry": { "type": "Point", "coordinates": [ 100.6934031, 13.8513007 ] } },
{ "type": "Feature", "properties": { "osm_node_id": "353332588", "latitude": 13.8345966, "longitude": 100.6943075, "street_names": "Phraya Suren Alley 25", "highway_types": "residential", "in_degree": 4, "out_degree": 4, "fully_bidirectional": true, "traffic_signals": false, "junction": "", "minimum_branch_angle": 87.34, "maximum_branch_angle": 92.38, "cross_score": 0.9775, "likely_geometric_cross": true, "osm_url": "https://www.openstreetmap.org/node/353332588", "branch_1_neighbor": "353334095", "branch_1_bearing": 74.14, "branch_1_street": "Phraya Suren Alley 25", "branch_1_highway": "residential", "branch_2_neighbor": "353335267", "branch_2_bearing": 161.49, "branch_2_street": "", "branch_2_highway": "residential", "branch_3_neighbor": "353335271", "branch_3_bearing": 253.15, "branch_3_street": "Phraya Suren Alley 25", "branch_3_highway": "residential", "branch_4_neighbor": "353335087", "branch_4_bearing": 341.76, "branch_4_street": "", "branch_4_highway": "residential" }, "geometry": { "type": "Point", "coordinates": [ 100.6943075, 13.8345966 ] } },
{ "type": "Feature", "properties": { "osm_node_id": "6521877721", "latitude": 13.8509607, "longitude": 100.7154568, "street_names": "", "highway_types": "residential", "in_degree": 4, "out_degree": 4, "fully_bidirectional": true, "traffic_signals": false, "junction": "", "minimum_branch_angle": 87.38, "maximum_branch_angle": 92.64, "cross_score": 0.9775, "likely_geometric_cross": true, "osm_url": "https://www.openstreetmap.org/node/6521877721", "branch_1_neighbor": "6521877720", "branch_1_bearing": 85.68, "branch_1_street": "", "branch_1_highway": "residential", "branch_2_neighbor": "6521877724", "branch_2_bearing": 177.09, "branch_2_street": "", "branch_2_highway": "residential", "branch_3_neighbor": "6521877719", "branch_3_bearing": 264.47, "branch_3_street": "", "branch_3_highway": "residential", "branch_4_neighbor": "6521877717", "branch_4_bearing": 357.1, "branch_4_street": "", "branch_4_highway": "residential" }, "geometry": { "type": "Point", "coordinates": [ 100.7154568, 13.8509607 ] } },
{ "type": "Feature", "properties": { "osm_node_id": "5936141589", "latitude": 13.9079424, "longitude": 100.6933011, "street_names": "", "highway_types": "residential", "in_degree": 3, "out_degree": 3, "fully_bidirectional": false, "traffic_signals": false, "junction": "", "minimum_branch_angle": 86.86, "maximum_branch_angle": 93.05, "cross_score": 0.9774, "likely_geometric_cross": true, "osm_url": "https://www.openstreetmap.org/node/5936141589", "branch_1_neighbor": "5936141594", "branch_1_bearing": 53.48, "branch_1_street": "", "branch_1_highway": "residential", "branch_2_neighbor": "5936141590", "branch_2_bearing": 144.5, "branch_2_street": "", "branch_2_highway": "residential", "branch_3_neighbor": "5936141586", "branch_3_bearing": 233.57, "branch_3_street": "", "branch_3_highway": "residential", "branch_4_neighbor": "5936141588", "branch_4_bearing": 320.43, "branch_4_street": "", "branch_4_highway": "residential" }, "geometry": { "type": "Point", "coordinates": [ 100.6933011, 13.9079424 ] } },
{ "type": "Feature", "properties": { "osm_node_id": "3053303649", "latitude": 13.8833085, "longitude": 100.7203791, "street_names": "", "highway_types": "residential", "in_degree": 4, "out_degree": 4, "fully_bidirectional": true, "traffic_signals": false, "junction": "", "minimum_branch_angle": 87.36, "maximum_branch_angle": 92.66, "cross_score": 0.9773, "likely_geometric_cross": true, "osm_url": "https://www.openstreetmap.org/node/3053303649", "branch_1_neighbor": "3053303673", "branch_1_bearing": 89.62, "branch_1_street": "", "branch_1_highway": "residential", "branch_2_neighbor": "3053303633", "branch_2_bearing": 178.17, "branch_2_street": "", "branch_2_highway": "residential", "branch_3_neighbor": "3053303634", "branch_3_bearing": 270.83, "branch_3_street": "", "branch_3_highway": "residential", "branch_4_neighbor": "3724906679", "branch_4_bearing": 358.19, "branch_4_street": "", "branch_4_highway": "residential" }, "geometry": { "type": "Point", "coordinates": [ 100.7203791, 13.8833085 ] } },
{ "type": "Feature", "properties": { "osm_node_id": "3053324341", "latitude": 13.869084, "longitude": 100.7437868, "street_names": "", "highway_types": "residential", "in_degree": 4, "out_degree": 4, "fully_bidirectional": true, "traffic_signals": false, "junction": "", "minimum_branch_angle": 87.51, "maximum_branch_angle": 93.9, "cross_score": 0.9773, "likely_geometric_cross": true, "osm_url": "https://www.openstreetmap.org/node/3053324341", "branch_1_neighbor": "3053324404", "branch_1_bearing": 88.54, "branch_1_street": "", "branch_1_highway": "residential", "branch_2_neighbor": "3053324464", "branch_2_bearing": 176.05, "branch_2_street": "", "branch_2_highway": "residential", "branch_3_neighbor": "3053324348", "branch_3_bearing": 266.23, "branch_3_street": "", "branch_3_highway": "residential", "branch_4_neighbor": "3053324351", "branch_4_bearing": 354.64, "branch_4_street": "", "branch_4_highway": "residential" }, "geometry": { "type": "Point", "coordinates": [ 100.7437868, 13.869084 ] } },
{ "type": "Feature", "properties": { "osm_node_id": "3834869282", "latitude": 13.8589918, "longitude": 100.7170058, "street_names": "", "highway_types": "residential", "in_degree": 4, "out_degree": 4, "fully_bidirectional": true, "traffic_signals": false, "junction": "", "minimum_branch_angle": 87.45, "maximum_branch_angle": 92.52, "cross_score": 0.9772, "likely_geometric_cross": true, "osm_url": "https://www.openstreetmap.org/node/3834869282", "branch_1_neighbor": "3834869289", "branch_1_bearing": 0.48, "branch_1_street": "", "branch_1_highway": "residential", "branch_2_neighbor": "3834869280", "branch_2_bearing": 93.0, "branch_2_street": "", "branch_2_highway": "residential", "branch_3_neighbor": "3834869275", "branch_3_bearing": 180.45, "branch_3_street": "", "branch_3_highway": "residential", "branch_4_neighbor": "3834869281", "branch_4_bearing": 268.89, "branch_4_street": "", "branch_4_highway": "residential" }, "geometry": { "type": "Point", "coordinates": [ 100.7170058, 13.8589918 ] } },
{ "type": "Feature", "properties": { "osm_node_id": "3841938319", "latitude": 13.8308369, "longitude": 100.694884, "street_names": "ซอย 2 มั่งมีศรีสุข", "highway_types": "residential", "in_degree": 4, "out_degree": 4, "fully_bidirectional": true, "traffic_signals": false, "junction": "", "minimum_branch_angle": 87.01, "maximum_branch_angle": 93.0, "cross_score": 0.9771, "likely_geometric_cross": true, "osm_url": "https://www.openstreetmap.org/node/3841938319", "branch_1_neighbor": "3841938322", "branch_1_bearing": 64.0, "branch_1_street": "", "branch_1_highway": "residential", "branch_2_neighbor": "3841938305", "branch_2_bearing": 155.12, "branch_2_street": "ซอย 2 มั่งมีศรีสุข", "branch_2_highway": "residential", "branch_3_neighbor": "3841938314", "branch_3_bearing": 243.99, "branch_3_street": "", "branch_3_highway": "residential", "branch_4_neighbor": "3841938328", "branch_4_bearing": 336.99, "branch_4_street": "ซอย 2 มั่งมีศรีสุข", "branch_4_highway": "residential" }, "geometry": { "type": "Point", "coordinates": [ 100.694884, 13.8308369 ] } },
{ "type": "Feature", "properties": { "osm_node_id": "8073688613", "latitude": 13.8861617, "longitude": 100.7176614, "street_names": "", "highway_types": "residential", "in_degree": 3, "out_degree": 3, "fully_bidirectional": false, "traffic_signals": false, "junction": "", "minimum_branch_angle": 86.52, "maximum_branch_angle": 93.67, "cross_score": 0.9771, "likely_geometric_cross": true, "osm_url": "https://www.openstreetmap.org/node/8073688613", "branch_1_neighbor": "8073688614", "branch_1_bearing": 0.31, "branch_1_street": "", "branch_1_highway": "residential", "branch_2_neighbor": "2733169199", "branch_2_bearing": 90.77, "branch_2_street": "", "branch_2_highway": "residential", "branch_3_neighbor": "8073688612", "branch_3_bearing": 180.12, "branch_3_street": "", "branch_3_highway": "residential", "branch_4_neighbor": "2733169198", "branch_4_bearing": 273.79, "branch_4_street": "", "branch_4_highway": "residential" }, "geometry": { "type": "Point", "coordinates": [ 100.7176614, 13.8861617 ] } },
{ "type": "Feature", "properties": { "osm_node_id": "3053299151", "latitude": 13.8855071, "longitude": 100.734435, "street_names": "ซอยนิมิตใหม่ 42", "highway_types": "residential", "in_degree": 4, "out_degree": 4, "fully_bidirectional": true, "traffic_signals": false, "junction": "", "minimum_branch_angle": 87.69, "maximum_branch_angle": 92.42, "cross_score": 0.977, "likely_geometric_cross": true, "osm_url": "https://www.openstreetmap.org/node/3053299151", "branch_1_neighbor": "3053299150", "branch_1_bearing": 81.7, "branch_1_street": "ซอยนิมิตใหม่ 42", "branch_1_highway": "residential", "branch_2_neighbor": "3053292426", "branch_2_bearing": 174.12, "branch_2_street": "", "branch_2_highway": "residential", "branch_3_neighbor": "3053292424", "branch_3_bearing": 261.81, "branch_3_street": "ซอยนิมิตใหม่ 42", "branch_3_highway": "residential", "branch_4_neighbor": "3053299140", "branch_4_bearing": 353.52, "branch_4_street": "", "branch_4_highway": "residential" }, "geometry": { "type": "Point", "coordinates": [ 100.734435, 13.8855071 ] } },
{ "type": "Feature", "properties": { "osm_node_id": "6521880357", "latitude": 13.8523589, "longitude": 100.7153838, "street_names": "", "highway_types": "residential", "in_degree": 4, "out_degree": 4, "fully_bidirectional": true, "traffic_signals": false, "junction": "", "minimum_branch_angle": 87.47, "maximum_branch_angle": 92.54, "cross_score": 0.9767, "likely_geometric_cross": true, "osm_url": "https://www.openstreetmap.org/node/6521880357", "branch_1_neighbor": "6521880356", "branch_1_bearing": 85.44, "branch_1_street": "", "branch_1_highway": "residential", "branch_2_neighbor": "6521880355", "branch_2_bearing": 177.1, "branch_2_street": "", "branch_2_highway": "residential", "branch_3_neighbor": "6521880350", "branch_3_bearing": 264.57, "branch_3_street": "", "branch_3_highway": "residential", "branch_4_neighbor": "6521880359", "branch_4_bearing": 357.1, "branch_4_street": "", "branch_4_highway": "residential" }, "geometry": { "type": "Point", "coordinates": [ 100.7153838, 13.8523589 ] } },
{ "type": "Feature", "properties": { "osm_node_id": "8178338326", "latitude": 13.8291301, "longitude": 100.7488446, "street_names": "ประชาชนร่วมใจ 7", "highway_types": "residential", "in_degree": 4, "out_degree": 4, "fully_bidirectional": true, "traffic_signals": false, "junction": "", "minimum_branch_angle": 87.12, "maximum_branch_angle": 92.85, "cross_score": 0.9764, "likely_geometric_cross": true, "osm_url": "https://www.openstreetmap.org/node/8178338326", "branch_1_neighbor": "8178338325", "branch_1_bearing": 57.3, "branch_1_street": "", "branch_1_highway": "residential", "branch_2_neighbor": "8178338322", "branch_2_bearing": 144.42, "branch_2_street": "ประชาชนร่วมใจ 7", "branch_2_highway": "residential", "branch_3_neighbor": "8178338327", "branch_3_bearing": 235.82, "branch_3_street": "", "branch_3_highway": "residential", "branch_4_neighbor": "8163776975", "branch_4_bearing": 324.45, "branch_4_street": "ประชาชนร่วมใจ 7", "branch_4_highway": "residential" }, "geometry": { "type": "Point", "coordinates": [ 100.7488446, 13.8291301 ] } },
{ "type": "Feature", "properties": { "osm_node_id": "8396733934", "latitude": 13.9158434, "longitude": 100.6956528, "street_names": "ซอยหนองระแหง 4 แยก 2", "highway_types": "residential", "in_degree": 4, "out_degree": 4, "fully_bidirectional": true, "traffic_signals": false, "junction": "", "minimum_branch_angle": 86.84, "maximum_branch_angle": 93.19, "cross_score": 0.9764, "likely_geometric_cross": true, "osm_url": "https://www.openstreetmap.org/node/8396733934", "branch_1_neighbor": "8406855812", "branch_1_bearing": 70.86, "branch_1_street": "", "branch_1_highway": "residential", "branch_2_neighbor": "5933345815", "branch_2_bearing": 157.69, "branch_2_street": "ซอยหนองระแหง 4 แยก 2", "branch_2_highway": "residential", "branch_3_neighbor": "8396733935", "branch_3_bearing": 246.6, "branch_3_street": "", "branch_3_highway": "residential", "branch_4_neighbor": "8396733947", "branch_4_bearing": 337.67, "branch_4_street": "ซอยหนองระแหง 4 แยก 2", "branch_4_highway": "residential" }, "geometry": { "type": "Point", "coordinates": [ 100.6956528, 13.9158434 ] } },
{ "type": "Feature", "properties": { "osm_node_id": "8061517983", "latitude": 13.8762045, "longitude": 100.7086243, "street_names": "ถนนปัญญาอินทรา", "highway_types": "residential", "in_degree": 2, "out_degree": 2, "fully_bidirectional": false, "traffic_signals": false, "junction": "", "minimum_branch_angle": 87.2, "maximum_branch_angle": 92.88, "cross_score": 0.9763, "likely_geometric_cross": true, "osm_url": "https://www.openstreetmap.org/node/8061517983", "branch_1_neighbor": "8061517978", "branch_1_bearing": 0.36, "branch_1_street": "ถนนปัญญาอินทรา", "branch_1_highway": "residential", "branch_2_neighbor": "5277015162", "branch_2_bearing": 88.9, "branch_2_street": "", "branch_2_highway": "residential", "branch_3_neighbor": "2558439623", "branch_3_bearing": 181.77, "branch_3_street": "ถนนปัญญาอินทรา", "branch_3_highway": "residential", "branch_4_neighbor": "6124183057", "branch_4_bearing": 268.98, "branch_4_street": "", "branch_4_highway": "residential" }, "geometry": { "type": "Point", "coordinates": [ 100.7086243, 13.8762045 ] } },
{ "type": "Feature", "properties": { "osm_node_id": "3841928379", "latitude": 13.8295991, "longitude": 100.7063419, "street_names": "", "highway_types": "residential", "in_degree": 4, "out_degree": 4, "fully_bidirectional": true, "traffic_signals": false, "junction": "", "minimum_branch_angle": 87.05, "maximum_branch_angle": 93.18, "cross_score": 0.9759, "likely_geometric_cross": true, "osm_url": "https://www.openstreetmap.org/node/3841928379", "branch_1_neighbor": "3841928382", "branch_1_bearing": 86.63, "branch_1_street": "", "branch_1_highway": "residential", "branch_2_neighbor": "3841928362", "branch_2_bearing": 175.24, "branch_2_street": "", "branch_2_highway": "residential", "branch_3_neighbor": "3841928393", "branch_3_bearing": 268.43, "branch_3_street": "", "branch_3_highway": "residential", "branch_4_neighbor": "3841928405", "branch_4_bearing": 359.58, "branch_4_street": "", "branch_4_highway": "residential" }, "geometry": { "type": "Point", "coordinates": [ 100.7063419, 13.8295991 ] } },
{ "type": "Feature", "properties": { "osm_node_id": "6521877715", "latitude": 13.8516529, "longitude": 100.7154207, "street_names": "", "highway_types": "residential", "in_degree": 4, "out_degree": 4, "fully_bidirectional": true, "traffic_signals": false, "junction": "", "minimum_branch_angle": 87.45, "maximum_branch_angle": 92.54, "cross_score": 0.9757, "likely_geometric_cross": true, "osm_url": "https://www.openstreetmap.org/node/6521877715", "branch_1_neighbor": "6521877714", "branch_1_bearing": 85.27, "branch_1_street": "", "branch_1_highway": "residential", "branch_2_neighbor": "6521877717", "branch_2_bearing": 177.1, "branch_2_street": "", "branch_2_highway": "residential", "branch_3_neighbor": "6521877713", "branch_3_bearing": 264.55, "branch_3_street": "", "branch_3_highway": "residential", "branch_4_neighbor": "6521880355", "branch_4_bearing": 357.09, "branch_4_street": "", "branch_4_highway": "residential" }, "geometry": { "type": "Point", "coordinates": [ 100.7154207, 13.8516529 ] } },
{ "type": "Feature", "properties": { "osm_node_id": "7908343112", "latitude": 13.8529283, "longitude": 100.7048803, "street_names": "ถนนปัญญาอินทรา", "highway_types": "residential; tertiary", "in_degree": 2, "out_degree": 3, "fully_bidirectional": false, "traffic_signals": false, "junction": "", "minimum_branch_angle": 87.3, "maximum_branch_angle": 94.4, "cross_score": 0.9756, "likely_geometric_cross": true, "osm_url": "https://www.openstreetmap.org/node/7908343112", "branch_1_neighbor": "7908343113", "branch_1_bearing": 84.18, "branch_1_street": "ถนนปัญญาอินทรา", "branch_1_highway": "tertiary", "branch_2_neighbor": "6117202150", "branch_2_bearing": 171.49, "branch_2_street": "", "branch_2_highway": "residential", "branch_3_neighbor": "8140770189", "branch_3_bearing": 265.88, "branch_3_street": "ถนนปัญญาอินทรา", "branch_3_highway": "tertiary", "branch_4_neighbor": "6117202151", "branch_4_bearing": 355.19, "branch_4_street": "", "branch_4_highway": "residential" }, "geometry": { "type": "Point", "coordinates": [ 100.7048803, 13.8529283 ] } },
{ "type": "Feature", "properties": { "osm_node_id": "3835124972", "latitude": 13.8637119, "longitude": 100.687186, "street_names": "", "highway_types": "residential", "in_degree": 4, "out_degree": 4, "fully_bidirectional": true, "traffic_signals": false, "junction": "", "minimum_branch_angle": 87.26, "maximum_branch_angle": 92.76, "cross_score": 0.9754, "likely_geometric_cross": true, "osm_url": "https://www.openstreetmap.org/node/3835124972", "branch_1_neighbor": "3835124978", "branch_1_bearing": 18.86, "branch_1_street": "", "branch_1_highway": "residential", "branch_2_neighbor": "3835124968", "branch_2_bearing": 106.12, "branch_2_street": "", "branch_2_highway": "residential", "branch_3_neighbor": "3835124959", "branch_3_bearing": 197.79, "branch_3_street": "", "branch_3_highway": "residential", "branch_4_neighbor": "3835124977", "branch_4_bearing": 286.1, "branch_4_street": "", "branch_4_highway": "residential" }, "geometry": { "type": "Point", "coordinates": [ 100.687186, 13.8637119 ] } },
{ "type": "Feature", "properties": { "osm_node_id": "3840058880", "latitude": 13.8516072, "longitude": 100.7077593, "street_names": "", "highway_types": "residential", "in_degree": 4, "out_degree": 4, "fully_bidirectional": true, "traffic_signals": false, "junction": "", "minimum_branch_angle": 86.7, "maximum_branch_angle": 93.28, "cross_score": 0.9754, "likely_geometric_cross": true, "osm_url": "https://www.openstreetmap.org/node/3840058880", "branch_1_neighbor": "3840058881", "branch_1_bearing": 86.21, "branch_1_street": "", "branch_1_highway": "residential", "branch_2_neighbor": "3840058864", "branch_2_bearing": 179.49, "branch_2_street": "", "branch_2_highway": "residential", "branch_3_neighbor": "3840058878", "branch_3_bearing": 268.35, "branch_3_street": "", "branch_3_highway": "residential", "branch_4_neighbor": "3840058892", "branch_4_bearing": 359.51, "branch_4_street": "", "branch_4_highway": "residential" }, "geometry": { "type": "Point", "coordinates": [ 100.7077593, 13.8516072 ] } },
{ "type": "Feature", "properties": { "osm_node_id": "4082557251", "latitude": 13.896474, "longitude": 100.6959751, "street_names": "ซอยปานเถื่อน 1; ถนนไทยรามัญ", "highway_types": "residential; tertiary", "in_degree": 4, "out_degree": 4, "fully_bidirectional": true, "traffic_signals": false, "junction": "", "minimum_branch_angle": 87.61, "maximum_branch_angle": 94.43, "cross_score": 0.9754, "likely_geometric_cross": true, "osm_url": "https://www.openstreetmap.org/node/4082557251", "branch_1_neighbor": "6131343503", "branch_1_bearing": 74.95, "branch_1_street": "ซอยปานเถื่อน 1", "branch_1_highway": "residential", "branch_2_neighbor": "3673190579", "branch_2_bearing": 164.03, "branch_2_street": "ถนนไทยรามัญ", "branch_2_highway": "tertiary", "branch_3_neighbor": "4082557254", "branch_3_bearing": 258.46, "branch_3_street": "ซอยปานเถื่อน 1", "branch_3_highway": "residential", "branch_4_neighbor": "4082557252", "branch_4_bearing": 346.07, "branch_4_street": "ถนนไทยรามัญ", "branch_4_highway": "tertiary" }, "geometry": { "type": "Point", "coordinates": [ 100.6959751, 13.896474 ] } },
{ "type": "Feature", "properties": { "osm_node_id": "3053347104", "latitude": 13.8660224, "longitude": 100.7136928, "street_names": "บุุรีรมย์ 9", "highway_types": "residential", "in_degree": 4, "out_degree": 4, "fully_bidirectional": true, "traffic_signals": false, "junction": "", "minimum_branch_angle": 85.52, "maximum_branch_angle": 93.01, "cross_score": 0.9751, "likely_geometric_cross": true, "osm_url": "https://www.openstreetmap.org/node/3053347104", "branch_1_neighbor": "3053347089", "branch_1_bearing": 87.93, "branch_1_street": "บุุรีรมย์ 9", "branch_1_highway": "residential", "branch_2_neighbor": "3053347474", "branch_2_bearing": 179.38, "branch_2_street": "", "branch_2_highway": "residential", "branch_3_neighbor": "3053347102", "branch_3_bearing": 269.41, "branch_3_street": "บุุรีรมย์ 9", "branch_3_highway": "residential", "branch_4_neighbor": "3053347057", "branch_4_bearing": 354.92, "branch_4_street": "", "branch_4_highway": "residential" }, "geometry": { "type": "Point", "coordinates": [ 100.7136928, 13.8660224 ] } },
{ "type": "Feature", "properties": { "osm_node_id": "6124182902", "latitude": 13.875569, "longitude": 100.7115728, "street_names": "", "highway_types": "residential", "in_degree": 4, "out_degree": 4, "fully_bidirectional": true, "traffic_signals": false, "junction": "", "minimum_branch_angle": 86.58, "maximum_branch_angle": 93.37, "cross_score": 0.9747, "likely_geometric_cross": true, "osm_url": "https://www.openstreetmap.org/node/6124182902", "branch_1_neighbor": "6124183131", "branch_1_bearing": 85.79, "branch_1_street": "", "branch_1_highway": "residential", "branch_2_neighbor": "6124182987", "branch_2_bearing": 179.16, "branch_2_street": "", "branch_2_highway": "residential", "branch_3_neighbor": "6124182903", "branch_3_bearing": 265.74, "branch_3_street": "", "branch_3_highway": "residential", "branch_4_neighbor": "6124182952", "branch_4_bearing": 354.6, "branch_4_street": "", "branch_4_highway": "residential" }, "geometry": { "type": "Point", "coordinates": [ 100.7115728, 13.875569 ] } },
{ "type": "Feature", "properties": { "osm_node_id": "3834869289", "latitude": 13.8592741, "longitude": 100.7170041, "street_names": "", "highway_types": "residential", "in_degree": 4, "out_degree": 4, "fully_bidirectional": true, "traffic_signals": false, "junction": "", "minimum_branch_angle": 86.52, "maximum_branch_angle": 93.5, "cross_score": 0.9743, "likely_geometric_cross": true, "osm_url": "https://www.openstreetmap.org/node/3834869289", "branch_1_neighbor": "3834869288", "branch_1_bearing": 93.03, "branch_1_street": "", "branch_1_highway": "residential", "branch_2_neighbor": "3834869282", "branch_2_bearing": 179.55, "branch_2_street": "", "branch_2_highway": "residential", "branch_3_neighbor": "3834869290", "branch_3_bearing": 270.68, "branch_3_street": "", "branch_3_highway": "residential", "branch_4_neighbor": "3834869296", "branch_4_bearing": 359.53, "branch_4_street": "", "branch_4_highway": "residential" }, "geometry": { "type": "Point", "coordinates": [ 100.7170041, 13.8592741 ] } },
{ "type": "Feature", "properties": { "osm_node_id": "3840100060", "latitude": 13.8558916, "longitude": 100.6826373, "street_names": "", "highway_types": "residential", "in_degree": 4, "out_degree": 4, "fully_bidirectional": true, "traffic_signals": false, "junction": "", "minimum_branch_angle": 87.62, "maximum_branch_angle": 92.38, "cross_score": 0.9743, "likely_geometric_cross": true, "osm_url": "https://www.openstreetmap.org/node/3840100060", "branch_1_neighbor": "3840100062", "branch_1_bearing": 77.69, "branch_1_street": "", "branch_1_highway": "residential", "branch_2_neighbor": "3840100054", "branch_2_bearing": 165.31, "branch_2_street": "", "branch_2_highway": "residential", "branch_3_neighbor": "3840100058", "branch_3_bearing": 257.55, "branch_3_street": "", "branch_3_highway": "residential", "branch_4_neighbor": "3840100066", "branch_4_bearing": 345.31, "branch_4_street": "", "branch_4_highway": "residential" }, "geometry": { "type": "Point", "coordinates": [ 100.6826373, 13.8558916 ] } },
{ "type": "Feature", "properties": { "osm_node_id": "8217983592", "latitude": 13.8272619, "longitude": 100.7502046, "street_names": "ประชาชนร่วมใจ 7", "highway_types": "residential", "in_degree": 4, "out_degree": 4, "fully_bidirectional": true, "traffic_signals": false, "junction": "", "minimum_branch_angle": 87.38, "maximum_branch_angle": 92.6, "cross_score": 0.9743, "likely_geometric_cross": true, "osm_url": "https://www.openstreetmap.org/node/8217983592", "branch_1_neighbor": "8217983591", "branch_1_bearing": 57.18, "branch_1_street": "", "branch_1_highway": "residential", "branch_2_neighbor": "8236987907", "branch_2_bearing": 144.55, "branch_2_street": "ประชาชนร่วมใจ 7", "branch_2_highway": "residential", "branch_3_neighbor": "11198956777", "branch_3_bearing": 232.55, "branch_3_street": "", "branch_3_highway": "residential", "branch_4_neighbor": "5883467506", "branch_4_bearing": 324.57, "branch_4_street": "ประชาชนร่วมใจ 7", "branch_4_highway": "residential" }, "geometry": { "type": "Point", "coordinates": [ 100.7502046, 13.8272619 ] } },
{ "type": "Feature", "properties": { "osm_node_id": "6117202137", "latitude": 13.8478295, "longitude": 100.7087586, "street_names": "", "highway_types": "residential", "in_degree": 4, "out_degree": 4, "fully_bidirectional": true, "traffic_signals": false, "junction": "", "minimum_branch_angle": 86.36, "maximum_branch_angle": 93.82, "cross_score": 0.9742, "likely_geometric_cross": true, "osm_url": "https://www.openstreetmap.org/node/6117202137", "branch_1_neighbor": "6117202126", "branch_1_bearing": 0.36, "branch_1_street": "", "branch_1_highway": "residential", "branch_2_neighbor": "6117202585", "branch_2_bearing": 89.37, "branch_2_street": "", "branch_2_highway": "residential", "branch_3_neighbor": "6117202135", "branch_3_bearing": 183.18, "branch_3_street": "", "branch_3_highway": "residential", "branch_4_neighbor": "6117202138", "branch_4_bearing": 269.54, "branch_4_street": "", "branch_4_highway": "residential" }, "geometry": { "type": "Point", "coordinates": [ 100.7087586, 13.8478295 ] } },
{ "type": "Feature", "properties": { "osm_node_id": "3840100022", "latitude": 13.8545984, "longitude": 100.6845073, "street_names": "40 แยก 2; ซอยคู้บอน 40", "highway_types": "residential", "in_degree": 4, "out_degree": 4, "fully_bidirectional": true, "traffic_signals": false, "junction": "", "minimum_branch_angle": 87.03, "maximum_branch_angle": 92.97, "cross_score": 0.974, "likely_geometric_cross": true, "osm_url": "https://www.openstreetmap.org/node/3840100022", "branch_1_neighbor": "8011567670", "branch_1_bearing": 81.17, "branch_1_street": "", "branch_1_highway": "residential", "branch_2_neighbor": "6129277242", "branch_2_bearing": 172.87, "branch_2_street": "40 แยก 2", "branch_2_highway": "residential", "branch_3_neighbor": "6129277193", "branch_3_bearing": 259.9, "branch_3_street": "", "branch_3_highway": "residential", "branch_4_neighbor": "3840100036", "branch_4_bearing": 348.2, "branch_4_street": "ซอยคู้บอน 40", "branch_4_highway": "residential" }, "geometry": { "type": "Point", "coordinates": [ 100.6845073, 13.8545984 ] } },
{ "type": "Feature", "properties": { "osm_node_id": "3841546254", "latitude": 13.8458741, "longitude": 100.7077441, "street_names": "", "highway_types": "residential", "in_degree": 4, "out_degree": 4, "fully_bidirectional": true, "traffic_signals": false, "junction": "", "minimum_branch_angle": 87.07, "maximum_branch_angle": 92.55, "cross_score": 0.974, "likely_geometric_cross": true, "osm_url": "https://www.openstreetmap.org/node/3841546254", "branch_1_neighbor": "3841546255", "branch_1_bearing": 85.3, "branch_1_street": "", "branch_1_highway": "residential", "branch_2_neighbor": "3841546251", "branch_2_bearing": 177.85, "branch_2_street": "", "branch_2_highway": "residential", "branch_3_neighbor": "3841546253", "branch_3_bearing": 264.92, "branch_3_street": "", "branch_3_highway": "residential", "branch_4_neighbor": "3841547657", "branch_4_bearing": 357.05, "branch_4_street": "", "branch_4_highway": "residential" }, "geometry": { "type": "Point", "coordinates": [ 100.7077441, 13.8458741 ] } },
{ "type": "Feature", "properties": { "osm_node_id": "3835124880", "latitude": 13.8607298, "longitude": 100.686109, "street_names": "", "highway_types": "residential", "in_degree": 4, "out_degree": 4, "fully_bidirectional": true, "traffic_signals": false, "junction": "", "minimum_branch_angle": 87.55, "maximum_branch_angle": 92.86, "cross_score": 0.9738, "likely_geometric_cross": true, "osm_url": "https://www.openstreetmap.org/node/3835124880", "branch_1_neighbor": "3835124885", "branch_1_bearing": 24.9, "branch_1_street": "", "branch_1_highway": "residential", "branch_2_neighbor": "11038530304", "branch_2_bearing": 112.45, "branch_2_street": "", "branch_2_highway": "residential", "branch_3_neighbor": "3835124876", "branch_3_bearing": 204.31, "branch_3_street": "", "branch_3_highway": "residential", "branch_4_neighbor": "3835124882", "branch_4_bearing": 292.04, "branch_4_street": "", "branch_4_highway": "residential" }, "geometry": { "type": "Point", "coordinates": [ 100.686109, 13.8607298 ] } },
{ "type": "Feature", "properties": { "osm_node_id": "8166343606", "latitude": 13.8283848, "longitude": 100.7127766, "street_names": "", "highway_types": "residential", "in_degree": 3, "out_degree": 3, "fully_bidirectional": false, "traffic_signals": false, "junction": "", "minimum_branch_angle": 86.29, "maximum_branch_angle": 92.6, "cross_score": 0.9738, "likely_geometric_cross": true, "osm_url": "https://www.openstreetmap.org/node/8166343606", "branch_1_neighbor": "3845068441", "branch_1_bearing": 1.5, "branch_1_street": "", "branch_1_highway": "residential", "branch_2_neighbor": "3845068442", "branch_2_bearing": 87.79, "branch_2_street": "", "branch_2_highway": "residential", "branch_3_neighbor": "3845068431", "branch_3_bearing": 180.38, "branch_3_street": "", "branch_3_highway": "residential", "branch_4_neighbor": "8166343607", "branch_4_bearing": 269.37, "branch_4_street": "", "branch_4_highway": "residential" }, "geometry": { "type": "Point", "coordinates": [ 100.7127766, 13.8283848 ] } },
{ "type": "Feature", "properties": { "osm_node_id": "3834809022", "latitude": 13.8652772, "longitude": 100.728366, "street_names": "", "highway_types": "residential", "in_degree": 4, "out_degree": 4, "fully_bidirectional": true, "traffic_signals": false, "junction": "", "minimum_branch_angle": 86.86, "maximum_branch_angle": 92.37, "cross_score": 0.9737, "likely_geometric_cross": true, "osm_url": "https://www.openstreetmap.org/node/3834809022", "branch_1_neighbor": "3834809025", "branch_1_bearing": 81.6, "branch_1_street": "", "branch_1_highway": "residential", "branch_2_neighbor": "3834809002", "branch_2_bearing": 173.97, "branch_2_street": "", "branch_2_highway": "residential", "branch_3_neighbor": "3834809019", "branch_3_bearing": 266.34, "branch_3_street": "", "branch_3_highway": "residential", "branch_4_neighbor": "3834809029", "branch_4_bearing": 354.75, "branch_4_street": "", "branch_4_highway": "residential" }, "geometry": { "type": "Point", "coordinates": [ 100.728366, 13.8652772 ] } },
{ "type": "Feature", "properties": { "osm_node_id": "3840099960", "latitude": 13.8519431, "longitude": 100.6862434, "street_names": "ชัยพฤกษ์ A18; ชัยพฤกษ์ B1", "highway_types": "residential", "in_degree": 4, "out_degree": 4, "fully_bidirectional": true, "traffic_signals": false, "junction": "", "minimum_branch_angle": 86.02, "maximum_branch_angle": 94.66, "cross_score": 0.9736, "likely_geometric_cross": true, "osm_url": "https://www.openstreetmap.org/node/3840099960", "branch_1_neighbor": "3840099969", "branch_1_bearing": 2.18, "branch_1_street": "", "branch_1_highway": "residential", "branch_2_neighbor": "3840099959", "branch_2_bearing": 96.83, "branch_2_street": "", "branch_2_highway": "residential", "branch_3_neighbor": "3840099954", "branch_3_bearing": 186.06, "branch_3_street": "", "branch_3_highway": "residential", "branch_4_neighbor": "3840099964", "branch_4_bearing": 276.16, "branch_4_street": "ชัยพฤกษ์ A18; ชัยพฤกษ์ B1", "branch_4_highway": "residential" }, "geometry": { "type": "Point", "coordinates": [ 100.6862434, 13.8519431 ] } },
{ "type": "Feature", "properties": { "osm_node_id": "8140821548", "latitude": 13.8529989, "longitude": 100.7055864, "street_names": "ถนนปัญญาอินทรา", "highway_types": "residential; tertiary", "in_degree": 3, "out_degree": 3, "fully_bidirectional": false, "traffic_signals": false, "junction": "", "minimum_branch_angle": 87.12, "maximum_branch_angle": 92.5, "cross_score": 0.9734, "likely_geometric_cross": true, "osm_url": "https://www.openstreetmap.org/node/8140821548", "branch_1_neighbor": "7908343114", "branch_1_bearing": 84.44, "branch_1_street": "ถนนปัญญาอินทรา", "branch_1_highway": "tertiary", "branch_2_neighbor": "8140770191", "branch_2_bearing": 171.56, "branch_2_street": "", "branch_2_highway": "residential", "branch_3_neighbor": "7908343113", "branch_3_bearing": 264.05, "branch_3_street": "ถนนปัญญาอินทรา", "branch_3_highway": "tertiary", "branch_4_neighbor": "8140821551", "branch_4_bearing": 356.35, "branch_4_street": "", "branch_4_highway": "residential" }, "geometry": { "type": "Point", "coordinates": [ 100.7055864, 13.8529989 ] } },
{ "type": "Feature", "properties": { "osm_node_id": "6124183130", "latitude": 13.8752237, "longitude": 100.7137845, "street_names": "", "highway_types": "residential", "in_degree": 4, "out_degree": 4, "fully_bidirectional": true, "traffic_signals": false, "junction": "", "minimum_branch_angle": 87.22, "maximum_branch_angle": 92.8, "cross_score": 0.9731, "likely_geometric_cross": true, "osm_url": "https://www.openstreetmap.org/node/6124183130", "branch_1_neighbor": "6124183010", "branch_1_bearing": 85.71, "branch_1_street": "", "branch_1_highway": "residential", "branch_2_neighbor": "6124182982", "branch_2_bearing": 178.5, "branch_2_street": "", "branch_2_highway": "residential", "branch_3_neighbor": "6124182987", "branch_3_bearing": 266.44, "branch_3_street": "", "branch_3_highway": "residential", "branch_4_neighbor": "6124183131", "branch_4_bearing": 358.48, "branch_4_street": "", "branch_4_highway": "residential" }, "geometry": { "type": "Point", "coordinates": [ 100.7137845, 13.8752237 ] } },
{ "type": "Feature", "properties": { "osm_node_id": "3840099902", "latitude": 13.8483287, "longitude": 100.6848648, "street_names": "", "highway_types": "residential", "in_degree": 4, "out_degree": 4, "fully_bidirectional": true, "traffic_signals": false, "junction": "", "minimum_branch_angle": 86.0, "maximum_branch_angle": 94.85, "cross_score": 0.973, "likely_geometric_cross": true, "osm_url": "https://www.openstreetmap.org/node/3840099902", "branch_1_neighbor": "3841601566", "branch_1_bearing": 11.0, "branch_1_street": "", "branch_1_highway": "residential", "branch_2_neighbor": "3841601558", "branch_2_bearing": 97.0, "branch_2_street": "", "branch_2_highway": "residential", "branch_3_neighbor": "3840099900", "branch_3_bearing": 186.75, "branch_3_street": "", "branch_3_highway": "residential", "branch_4_neighbor": "3841601561", "branch_4_bearing": 276.15, "branch_4_street": "", "branch_4_highway": "residential" }, "geometry": { "type": "Point", "coordinates": [ 100.6848648, 13.8483287 ] } },
{ "type": "Feature", "properties": { "osm_node_id": "7908280072", "latitude": 13.8545962, "longitude": 100.7071234, "street_names": "ถนนปัญญาอินทรา", "highway_types": "residential; tertiary", "in_degree": 3, "out_degree": 3, "fully_bidirectional": false, "traffic_signals": false, "junction": "", "minimum_branch_angle": 85.79, "maximum_branch_angle": 94.21, "cross_score": 0.9729, "likely_geometric_cross": true, "osm_url": "https://www.openstreetmap.org/node/7908280072", "branch_1_neighbor": "7908343122", "branch_1_bearing": 0.02, "branch_1_street": "ถนนปัญญาอินทรา", "branch_1_highway": "tertiary", "branch_2_neighbor": "7908280071", "branch_2_bearing": 89.36, "branch_2_street": "", "branch_2_highway": "residential", "branch_3_neighbor": "7908280074", "branch_3_bearing": 180.03, "branch_3_street": "ถนนปัญญาอินทรา", "branch_3_highway": "tertiary", "branch_4_neighbor": "8140821560", "branch_4_bearing": 265.82, "branch_4_street": "", "branch_4_highway": "residential" }, "geometry": { "type": "Point", "coordinates": [ 100.7071234, 13.8545962 ] } },
{ "type": "Feature", "properties": { "osm_node_id": "6124182898", "latitude": 13.8730471, "longitude": 100.7115162, "street_names": "", "highway_types": "residential", "in_degree": 4, "out_degree": 4, "fully_bidirectional": true, "traffic_signals": false, "junction": "", "minimum_branch_angle": 87.11, "maximum_branch_angle": 93.65, "cross_score": 0.9728, "likely_geometric_cross": true, "osm_url": "https://www.openstreetmap.org/node/6124182898", "branch_1_neighbor": "6124182971", "branch_1_bearing": 85.87, "branch_1_street": "", "branch_1_highway": "residential", "branch_2_neighbor": "6124182899", "branch_2_bearing": 179.52, "branch_2_street": "", "branch_2_highway": "residential", "branch_3_neighbor": "6124182989", "branch_3_bearing": 266.63, "branch_3_street": "", "branch_3_highway": "residential", "branch_4_neighbor": "6124183129", "branch_4_bearing": 357.89, "branch_4_street": "", "branch_4_highway": "residential" }, "geometry": { "type": "Point", "coordinates": [ 100.7115162, 13.8730471 ] } },
{ "type": "Feature", "properties": { "osm_node_id": "5277015177", "latitude": 13.8713408, "longitude": 100.7082724, "street_names": "ถนนปัญญาอินทรา", "highway_types": "residential", "in_degree": 2, "out_degree": 2, "fully_bidirectional": false, "traffic_signals": false, "junction": "", "minimum_branch_angle": 88.11, "maximum_branch_angle": 94.91, "cross_score": 0.9727, "likely_geometric_cross": true, "osm_url": "https://www.openstreetmap.org/node/5277015177", "branch_1_neighbor": "7990396143", "branch_1_bearing": 59.19, "branch_1_street": "ถนนปัญญาอินทรา", "branch_1_highway": "residential", "branch_2_neighbor": "5277015179", "branch_2_bearing": 147.29, "branch_2_street": "", "branch_2_highway": "residential", "branch_3_neighbor": "7990396148", "branch_3_bearing": 242.2, "branch_3_street": "ถนนปัญญาอินทรา", "branch_3_highway": "residential", "branch_4_neighbor": "5277015176", "branch_4_bearing": 330.69, "branch_4_street": "", "branch_4_highway": "residential" }, "geometry": { "type": "Point", "coordinates": [ 100.7082724, 13.8713408 ] } },
{ "type": "Feature", "properties": { "osm_node_id": "6521880359", "latitude": 13.8527159, "longitude": 100.7153652, "street_names": "", "highway_types": "residential", "in_degree": 4, "out_degree": 4, "fully_bidirectional": true, "traffic_signals": false, "junction": "", "minimum_branch_angle": 87.15, "maximum_branch_angle": 92.85, "cross_score": 0.9727, "likely_geometric_cross": true, "osm_url": "https://www.openstreetmap.org/node/6521880359", "branch_1_neighbor": "6521880353", "branch_1_bearing": 85.03, "branch_1_street": "", "branch_1_highway": "residential", "branch_2_neighbor": "6521880357", "branch_2_bearing": 177.1, "branch_2_street": "", "branch_2_highway": "residential", "branch_3_neighbor": "6521880358", "branch_3_bearing": 264.25, "branch_3_street": "", "branch_3_highway": "residential", "branch_4_neighbor": "6521880361", "branch_4_bearing": 357.1, "branch_4_street": "", "branch_4_highway": "residential" }, "geometry": { "type": "Point", "coordinates": [ 100.7153652, 13.8527159 ] } },
{ "type": "Feature", "properties": { "osm_node_id": "5941639268", "latitude": 13.8943104, "longitude": 100.7190313, "street_names": "", "highway_types": "residential", "in_degree": 4, "out_degree": 4, "fully_bidirectional": true, "traffic_signals": false, "junction": "", "minimum_branch_angle": 85.08, "maximum_branch_angle": 93.27, "cross_score": 0.9726, "likely_geometric_cross": true, "osm_url": "https://www.openstreetmap.org/node/5941639268", "branch_1_neighbor": "5941639271", "branch_1_bearing": 2.0, "branch_1_street": "", "branch_1_highway": "residential", "branch_2_neighbor": "5941639269", "branch_2_bearing": 87.07, "branch_2_street": "", "branch_2_highway": "residential", "branch_3_neighbor": "5941639266", "branch_3_bearing": 180.34, "branch_3_street": "", "branch_3_highway": "residential", "branch_4_neighbor": "5941639267", "branch_4_bearing": 271.04, "branch_4_street": "", "branch_4_highway": "residential" }, "geometry": { "type": "Point", "coordinates": [ 100.7190313, 13.8943104 ] } },
{ "type": "Feature", "properties": { "osm_node_id": "6521877726", "latitude": 13.8502678, "longitude": 100.715493, "street_names": "", "highway_types": "residential", "in_degree": 4, "out_degree": 4, "fully_bidirectional": true, "traffic_signals": false, "junction": "", "minimum_branch_angle": 85.57, "maximum_branch_angle": 94.44, "cross_score": 0.9726, "likely_geometric_cross": true, "osm_url": "https://www.openstreetmap.org/node/6521877726", "branch_1_neighbor": "6521877727", "branch_1_bearing": 86.61, "branch_1_street": "", "branch_1_highway": "residential", "branch_2_neighbor": "6521877730", "branch_2_bearing": 177.1, "branch_2_street": "", "branch_2_highway": "residential", "branch_3_neighbor": "6521877725", "branch_3_bearing": 262.67, "branch_3_street": "", "branch_3_highway": "residential", "branch_4_neighbor": "6521877724", "branch_4_bearing": 357.11, "branch_4_street": "", "branch_4_highway": "residential" }, "geometry": { "type": "Point", "coordinates": [ 100.715493, 13.8502678 ] } },
{ "type": "Feature", "properties": { "osm_node_id": "8178338322", "latitude": 13.8288681, "longitude": 100.7490376, "street_names": "ประชาชนร่วมใจ 7", "highway_types": "residential", "in_degree": 4, "out_degree": 4, "fully_bidirectional": true, "traffic_signals": false, "junction": "", "minimum_branch_angle": 86.72, "maximum_branch_angle": 93.26, "cross_score": 0.9726, "likely_geometric_cross": true, "osm_url": "https://www.openstreetmap.org/node/8178338322", "branch_1_neighbor": "8178338321", "branch_1_bearing": 56.1, "branch_1_street": "", "branch_1_highway": "residential", "branch_2_neighbor": "11221593529", "branch_2_bearing": 144.44, "branch_2_street": "ประชาชนร่วมใจ 7", "branch_2_highway": "residential", "branch_3_neighbor": "8178338323", "branch_3_bearing": 237.7, "branch_3_street": "", "branch_3_highway": "residential", "branch_4_neighbor": "8178338326", "branch_4_bearing": 324.42, "branch_4_street": "ประชาชนร่วมใจ 7", "branch_4_highway": "residential" }, "geometry": { "type": "Point", "coordinates": [ 100.7490376, 13.8288681 ] } },
{ "type": "Feature", "properties": { "osm_node_id": "6521877730", "latitude": 13.8499036, "longitude": 100.715512, "street_names": "", "highway_types": "residential", "in_degree": 4, "out_degree": 4, "fully_bidirectional": true, "traffic_signals": false, "junction": "", "minimum_branch_angle": 87.2, "maximum_branch_angle": 92.78, "cross_score": 0.9725, "likely_geometric_cross": true, "osm_url": "https://www.openstreetmap.org/node/6521877730", "branch_1_neighbor": "6521877728", "branch_1_bearing": 84.3, "branch_1_street": "", "branch_1_highway": "residential", "branch_2_neighbor": "6521877733", "branch_2_bearing": 177.08, "branch_2_street": "", "branch_2_highway": "residential", "branch_3_neighbor": "6521877729", "branch_3_bearing": 264.92, "branch_3_street": "", "branch_3_highway": "residential", "branch_4_neighbor": "6521877726", "branch_4_bearing": 357.1, "branch_4_street": "", "branch_4_highway": "residential" }, "geometry": { "type": "Point", "coordinates": [ 100.715512, 13.8499036 ] } },
{ "type": "Feature", "properties": { "osm_node_id": "8323516714", "latitude": 13.90592, "longitude": 100.6993006, "street_names": "ถนนหนองระแหง", "highway_types": "residential; tertiary", "in_degree": 4, "out_degree": 4, "fully_bidirectional": true, "traffic_signals": false, "junction": "", "minimum_branch_angle": 85.63, "maximum_branch_angle": 93.08, "cross_score": 0.9725, "likely_geometric_cross": true, "osm_url": "https://www.openstreetmap.org/node/8323516714", "branch_1_neighbor": "2722951940", "branch_1_bearing": 55.25, "branch_1_street": "ถนนหนองระแหง", "branch_1_highway": "tertiary", "branch_2_neighbor": "8323516709", "branch_2_bearing": 144.67, "branch_2_street": "", "branch_2_highway": "residential", "branch_3_neighbor": "8323516685", "branch_3_bearing": 236.54, "branch_3_street": "ถนนหนองระแหง", "branch_3_highway": "tertiary", "branch_4_neighbor": "8645823591", "branch_4_bearing": 322.17, "branch_4_street": "", "branch_4_highway": "residential" }, "geometry": { "type": "Point", "coordinates": [ 100.6993006, 13.90592 ] } },
{ "type": "Feature", "properties": { "osm_node_id": "8105502114", "latitude": 13.8517595, "longitude": 100.7216911, "street_names": "", "highway_types": "residential", "in_degree": 4, "out_degree": 4, "fully_bidirectional": true, "traffic_signals": false, "junction": "", "minimum_branch_angle": 87.05, "maximum_branch_angle": 93.14, "cross_score": 0.9724, "likely_geometric_cross": true, "osm_url": "https://www.openstreetmap.org/node/8105502114", "branch_1_neighbor": "8105502115", "branch_1_bearing": 7.87, "branch_1_street": "", "branch_1_highway": "residential", "branch_2_neighbor": "3839988014", "branch_2_bearing": 95.85, "branch_2_street": "", "branch_2_highway": "residential", "branch_3_neighbor": "8105502113", "branch_3_bearing": 188.99, "branch_3_street": "", "branch_3_highway": "residential", "branch_4_neighbor": "3839988017", "branch_4_bearing": 276.04, "branch_4_street": "", "branch_4_highway": "residential" }, "geometry": { "type": "Point", "coordinates": [ 100.7216911, 13.8517595 ] } },
{ "type": "Feature", "properties": { "osm_node_id": "3840011343", "latitude": 13.8495006, "longitude": 100.7134161, "street_names": "", "highway_types": "residential", "in_degree": 4, "out_degree": 4, "fully_bidirectional": true, "traffic_signals": false, "junction": "", "minimum_branch_angle": 87.44, "maximum_branch_angle": 92.55, "cross_score": 0.9723, "likely_geometric_cross": true, "osm_url": "https://www.openstreetmap.org/node/3840011343", "branch_1_neighbor": "3840011344", "branch_1_bearing": 88.73, "branch_1_street": "", "branch_1_highway": "residential", "branch_2_neighbor": "3840011330", "branch_2_bearing": 176.17, "branch_2_street": "", "branch_2_highway": "residential", "branch_3_neighbor": "3840011342", "branch_3_bearing": 268.62, "branch_3_street": "", "branch_3_highway": "residential", "branch_4_neighbor": "3840011353", "branch_4_bearing": 356.19, "branch_4_street": "", "branch_4_highway": "residential" }, "geometry": { "type": "Point", "coordinates": [ 100.7134161, 13.8495006 ] } },
{ "type": "Feature", "properties": { "osm_node_id": "3845068441", "latitude": 13.8284553, "longitude": 100.7127785, "street_names": "", "highway_types": "residential", "in_degree": 3, "out_degree": 3, "fully_bidirectional": false, "traffic_signals": false, "junction": "", "minimum_branch_angle": 86.4, "maximum_branch_angle": 93.31, "cross_score": 0.9723, "likely_geometric_cross": true, "osm_url": "https://www.openstreetmap.org/node/3845068441", "branch_1_neighbor": "3845068442", "branch_1_bearing": 92.88, "branch_1_street": "", "branch_1_highway": "residential", "branch_2_neighbor": "8166343606", "branch_2_bearing": 181.5, "branch_2_street": "", "branch_2_highway": "residential", "branch_3_neighbor": "3845068439", "branch_3_bearing": 267.9, "branch_3_street": "", "branch_3_highway": "residential", "branch_4_neighbor": "3845068454", "branch_4_bearing": 359.57, "branch_4_street": "", "branch_4_highway": "residential" }, "geometry": { "type": "Point", "coordinates": [ 100.7127785, 13.8284553 ] } },
{ "type": "Feature", "properties": { "osm_node_id": "5880882726", "latitude": 13.8850787, "longitude": 100.7312433, "street_names": "", "highway_types": "residential", "in_degree": 4, "out_degree": 4, "fully_bidirectional": true, "traffic_signals": false, "junction": "", "minimum_branch_angle": 86.13, "maximum_branch_angle": 93.84, "cross_score": 0.9722, "likely_geometric_cross": true, "osm_url": "https://www.openstreetmap.org/node/5880882726", "branch_1_neighbor": "3053299137", "branch_1_bearing": 81.75, "branch_1_street": "", "branch_1_highway": "residential", "branch_2_neighbor": "5880882707", "branch_2_bearing": 175.59, "branch_2_street": "", "branch_2_highway": "residential", "branch_3_neighbor": "5880882708", "branch_3_bearing": 261.72, "branch_3_street": "", "branch_3_highway": "residential", "branch_4_neighbor": "5880882705", "branch_4_bearing": 352.88, "branch_4_street": "", "branch_4_highway": "residential" }, "geometry": { "type": "Point", "coordinates": [ 100.7312433, 13.8850787 ] } },
{ "type": "Feature", "properties": { "osm_node_id": "3053347131", "latitude": 13.8653766, "longitude": 100.7137134, "street_names": "", "highway_types": "residential", "in_degree": 4, "out_degree": 4, "fully_bidirectional": true, "traffic_signals": false, "junction": "", "minimum_branch_angle": 87.43, "maximum_branch_angle": 94.05, "cross_score": 0.9721, "likely_geometric_cross": true, "osm_url": "https://www.openstreetmap.org/node/3053347131", "branch_1_neighbor": "3053347476", "branch_1_bearing": 88.04, "branch_1_street": "", "branch_1_highway": "residential", "branch_2_neighbor": "3053347052", "branch_2_bearing": 175.59, "branch_2_street": "", "branch_2_highway": "residential", "branch_3_neighbor": "3053347448", "branch_3_bearing": 269.63, "branch_3_street": "", "branch_3_highway": "residential", "branch_4_neighbor": "3053347474", "branch_4_bearing": 357.07, "branch_4_street": "", "branch_4_highway": "residential" }, "geometry": { "type": "Point", "coordinates": [ 100.7137134, 13.8653766 ] } },
{ "type": "Feature", "properties": { "osm_node_id": "3840058906", "latitude": 13.8523199, "longitude": 100.7077515, "street_names": "", "highway_types": "residential", "in_degree": 4, "out_degree": 4, "fully_bidirectional": true, "traffic_signals": false, "junction": "", "minimum_branch_angle": 85.9, "maximum_branch_angle": 92.99, "cross_score": 0.9721, "likely_geometric_cross": true, "osm_url": "https://www.openstreetmap.org/node/3840058906", "branch_1_neighbor": "3840058908", "branch_1_bearing": 87.68, "branch_1_street": "", "branch_1_highway": "residential", "branch_2_neighbor": "3840058892", "branch_2_bearing": 180.67, "branch_2_street": "", "branch_2_highway": "residential", "branch_3_neighbor": "3840058905", "branch_3_bearing": 266.57, "branch_3_street": "", "branch_3_highway": "residential", "branch_4_neighbor": "3840058920", "branch_4_bearing": 358.6, "branch_4_street": "", "branch_4_highway": "residential" }, "geometry": { "type": "Point", "coordinates": [ 100.7077515, 13.8523199 ] } },
{ "type": "Feature", "properties": { "osm_node_id": "3053324345", "latitude": 13.86798, "longitude": 100.7460781, "street_names": "", "highway_types": "residential", "in_degree": 4, "out_degree": 4, "fully_bidirectional": true, "traffic_signals": false, "junction": "", "minimum_branch_angle": 85.41, "maximum_branch_angle": 92.71, "cross_score": 0.972, "likely_geometric_cross": true, "osm_url": "https://www.openstreetmap.org/node/3053324345", "branch_1_neighbor": "3053324356", "branch_1_bearing": 82.75, "branch_1_street": "", "branch_1_highway": "residential", "branch_2_neighbor": "3053324385", "branch_2_bearing": 172.29, "branch_2_street": "", "branch_2_highway": "residential", "branch_3_neighbor": "3053324445", "branch_3_bearing": 265.0, "branch_3_street": "", "branch_3_highway": "residential", "branch_4_neighbor": "3053324362", "branch_4_bearing": 357.34, "branch_4_street": "", "branch_4_highway": "residential" }, "geometry": { "type": "Point", "coordinates": [ 100.7460781, 13.86798 ] } },
{ "type": "Feature", "properties": { "osm_node_id": "3010377738", "latitude": 13.852217, "longitude": 100.7559588, "street_names": "ซอยประชาร่วมใจ 31 ซอย 5; ซอยประชาร่วมใจ 31 ซอย 5/2", "highway_types": "residential", "in_degree": 4, "out_degree": 4, "fully_bidirectional": true, "traffic_signals": false, "junction": "", "minimum_branch_angle": 86.08, "maximum_branch_angle": 94.14, "cross_score": 0.9719, "likely_geometric_cross": true, "osm_url": "https://www.openstreetmap.org/node/3010377738", "branch_1_neighbor": "3010377771", "branch_1_bearing": 35.79, "branch_1_street": "", "branch_1_highway": "residential", "branch_2_neighbor": "8163563701", "branch_2_bearing": 129.93, "branch_2_street": "ซอยประชาร่วมใจ 31 ซอย 5", "branch_2_highway": "residential", "branch_3_neighbor": "3010364216", "branch_3_bearing": 216.01, "branch_3_street": "ซอยประชาร่วมใจ 31 ซอย 5/2", "branch_3_highway": "residential", "branch_4_neighbor": "3010377747", "branch_4_bearing": 304.88, "branch_4_street": "ซอยประชาร่วมใจ 31 ซอย 5", "branch_4_highway": "residential" }, "geometry": { "type": "Point", "coordinates": [ 100.7559588, 13.852217 ] } },
{ "type": "Feature", "properties": { "osm_node_id": "8144550820", "latitude": 13.8609243, "longitude": 100.7126344, "street_names": "ถนนเลียบคลองสอง", "highway_types": "residential; secondary", "in_degree": 2, "out_degree": 2, "fully_bidirectional": false, "traffic_signals": false, "junction": "", "minimum_branch_angle": 86.66, "maximum_branch_angle": 93.36, "cross_score": 0.9718, "likely_geometric_cross": true, "osm_url": "https://www.openstreetmap.org/node/8144550820", "branch_1_neighbor": "8144525218", "branch_1_bearing": 84.46, "branch_1_street": "ถนนเลียบคลองสอง", "branch_1_highway": "secondary", "branch_2_neighbor": "6117202199", "branch_2_bearing": 176.18, "branch_2_street": "", "branch_2_highway": "residential", "branch_3_neighbor": "2555247020", "branch_3_bearing": 264.44, "branch_3_street": "ถนนเลียบคลองสอง", "branch_3_highway": "secondary", "branch_4_neighbor": "8144550817", "branch_4_bearing": 357.8, "branch_4_street": "", "branch_4_highway": "residential" }, "geometry": { "type": "Point", "coordinates": [ 100.7126344, 13.8609243 ] } },
{ "type": "Feature", "properties": { "osm_node_id": "8129702185", "latitude": 13.8536999, "longitude": 100.6868165, "street_names": "ชัยพฤกษ์ A8", "highway_types": "residential", "in_degree": 3, "out_degree": 3, "fully_bidirectional": false, "traffic_signals": false, "junction": "", "minimum_branch_angle": 86.9, "maximum_branch_angle": 93.08, "cross_score": 0.9717, "likely_geometric_cross": true, "osm_url": "https://www.openstreetmap.org/node/8129702185", "branch_1_neighbor": "8129702184", "branch_1_bearing": 7.01, "branch_1_street": "", "branch_1_highway": "residential", "branch_2_neighbor": "3840099997", "branch_2_bearing": 93.91, "branch_2_street": "ชัยพฤกษ์ A8", "branch_2_highway": "residential", "branch_3_neighbor": "8129702188", "branch_3_bearing": 186.99, "branch_3_street": "", "branch_3_highway": "residential", "branch_4_neighbor": "3840099998", "branch_4_bearing": 275.0, "branch_4_street": "ชัยพฤกษ์ A8", "branch_4_highway": "residential" }, "geometry": { "type": "Point", "coordinates": [ 100.6868165, 13.8536999 ] } },
{ "type": "Feature", "properties": { "osm_node_id": "8169704179", "latitude": 13.83014, "longitude": 100.7256495, "street_names": "", "highway_types": "residential", "in_degree": 3, "out_degree": 3, "fully_bidirectional": false, "traffic_signals": false, "junction": "", "minimum_branch_angle": 86.82, "maximum_branch_angle": 93.32, "cross_score": 0.9716, "likely_geometric_cross": true, "osm_url": "https://www.openstreetmap.org/node/8169704179", "branch_1_neighbor": "6521933558", "branch_1_bearing": 88.87, "branch_1_street": "", "branch_1_highway": "residential", "branch_2_neighbor": "8169704178", "branch_2_bearing": 176.94, "branch_2_street": "", "branch_2_highway": "residential", "branch_3_neighbor": "6521933559", "branch_3_bearing": 268.72, "branch_3_street": "", "branch_3_highway": "residential", "branch_4_neighbor": "8169704181", "branch_4_bearing": 355.55, "branch_4_street": "", "branch_4_highway": "residential" }, "geometry": { "type": "Point", "coordinates": [ 100.7256495, 13.83014 ] } },
{ "type": "Feature", "properties": { "osm_node_id": "8061465718", "latitude": 13.8750879, "longitude": 100.7086139, "street_names": "ถนนปัญญาอินทรา", "highway_types": "residential", "in_degree": 2, "out_degree": 2, "fully_bidirectional": false, "traffic_signals": false, "junction": "", "minimum_branch_angle": 85.47, "maximum_branch_angle": 94.68, "cross_score": 0.9712, "likely_geometric_cross": true, "osm_url": "https://www.openstreetmap.org/node/8061465718", "branch_1_neighbor": "8061465720", "branch_1_bearing": 1.56, "branch_1_street": "ถนนปัญญาอินทรา", "branch_1_highway": "residential", "branch_2_neighbor": "6124182995", "branch_2_bearing": 87.04, "branch_2_street": "", "branch_2_highway": "residential", "branch_3_neighbor": "8061465716", "branch_3_bearing": 181.71, "branch_3_street": "ถนนปัญญาอินทรา", "branch_3_highway": "residential", "branch_4_neighbor": "8061465719", "branch_4_bearing": 271.05, "branch_4_street": "", "branch_4_highway": "residential" }, "geometry": { "type": "Point", "coordinates": [ 100.7086139, 13.8750879 ] } },
{ "type": "Feature", "properties": { "osm_node_id": "8185707575", "latitude": 13.8663616, "longitude": 100.7443915, "street_names": "", "highway_types": "residential", "in_degree": 4, "out_degree": 4, "fully_bidirectional": true, "traffic_signals": false, "junction": "", "minimum_branch_angle": 86.77, "maximum_branch_angle": 94.15, "cross_score": 0.971, "likely_geometric_cross": true, "osm_url": "https://www.openstreetmap.org/node/8185707575", "branch_1_neighbor": "5880174581", "branch_1_bearing": 83.01, "branch_1_street": "", "branch_1_highway": "residential", "branch_2_neighbor": "8177832445", "branch_2_bearing": 177.16, "branch_2_street": "", "branch_2_highway": "residential", "branch_3_neighbor": "3834755149", "branch_3_bearing": 263.93, "branch_3_street": "", "branch_3_highway": "residential", "branch_4_neighbor": "3053322530", "branch_4_bearing": 354.99, "branch_4_street": "", "branch_4_highway": "residential" }, "geometry": { "type": "Point", "coordinates": [ 100.7443915, 13.8663616 ] } },
{ "type": "Feature", "properties": { "osm_node_id": "5936033953", "latitude": 13.9076454, "longitude": 100.7015723, "street_names": "ถนนหนองระแหง", "highway_types": "residential; tertiary", "in_degree": 4, "out_degree": 4, "fully_bidirectional": true, "traffic_signals": false, "junction": "", "minimum_branch_angle": 86.36, "maximum_branch_angle": 93.25, "cross_score": 0.9707, "likely_geometric_cross": true, "osm_url": "https://www.openstreetmap.org/node/5936033953", "branch_1_neighbor": "5936033958", "branch_1_bearing": 50.76, "branch_1_street": "ถนนหนองระแหง", "branch_1_highway": "tertiary", "branch_2_neighbor": "5936033973", "branch_2_bearing": 139.12, "branch_2_street": "", "branch_2_highway": "residential", "branch_3_neighbor": "5936033947", "branch_3_bearing": 231.15, "branch_3_street": "ถนนหนองระแหง", "branch_3_highway": "tertiary", "branch_4_neighbor": "5936033957", "branch_4_bearing": 317.51, "branch_4_street": "", "branch_4_highway": "residential" }, "geometry": { "type": "Point", "coordinates": [ 100.7015723, 13.9076454 ] } },
{ "type": "Feature", "properties": { "osm_node_id": "8086748869", "latitude": 13.8592032, "longitude": 100.6966966, "street_names": "", "highway_types": "residential", "in_degree": 3, "out_degree": 3, "fully_bidirectional": false, "traffic_signals": false, "junction": "", "minimum_branch_angle": 86.54, "maximum_branch_angle": 93.44, "cross_score": 0.9707, "likely_geometric_cross": true, "osm_url": "https://www.openstreetmap.org/node/8086748869", "branch_1_neighbor": "8086748873", "branch_1_bearing": 88.21, "branch_1_street": "", "branch_1_highway": "residential", "branch_2_neighbor": "8086748868", "branch_2_bearing": 174.75, "branch_2_street": "", "branch_2_highway": "residential", "branch_3_neighbor": "8086748874", "branch_3_bearing": 268.19, "branch_3_street": "", "branch_3_highway": "residential", "branch_4_neighbor": "8086748870", "branch_4_bearing": 356.38, "branch_4_street": "", "branch_4_highway": "residential" }, "geometry": { "type": "Point", "coordinates": [ 100.6966966, 13.8592032 ] } },
{ "type": "Feature", "properties": { "osm_node_id": "6521877724", "latitude": 13.8506059, "longitude": 100.7154754, "street_names": "", "highway_types": "residential", "in_degree": 4, "out_degree": 4, "fully_bidirectional": true, "traffic_signals": false, "junction": "", "minimum_branch_angle": 86.82, "maximum_branch_angle": 93.16, "cross_score": 0.9706, "likely_geometric_cross": true, "osm_url": "https://www.openstreetmap.org/node/6521877724", "branch_1_neighbor": "6521877722", "branch_1_bearing": 84.97, "branch_1_street": "", "branch_1_highway": "residential", "branch_2_neighbor": "6521877726", "branch_2_bearing": 177.11, "branch_2_street": "", "branch_2_highway": "residential", "branch_3_neighbor": "6521877723", "branch_3_bearing": 263.93, "branch_3_street": "", "branch_3_highway": "residential", "branch_4_neighbor": "6521877721", "branch_4_bearing": 357.09, "branch_4_street": "", "branch_4_highway": "residential" }, "geometry": { "type": "Point", "coordinates": [ 100.7154754, 13.8506059 ] } },
{ "type": "Feature", "properties": { "osm_node_id": "6124182987", "latitude": 13.8750907, "longitude": 100.7115847, "street_names": "", "highway_types": "residential", "in_degree": 4, "out_degree": 4, "fully_bidirectional": true, "traffic_signals": false, "junction": "", "minimum_branch_angle": 86.28, "maximum_branch_angle": 93.7, "cross_score": 0.9705, "likely_geometric_cross": true, "osm_url": "https://www.openstreetmap.org/node/6124182987", "branch_1_neighbor": "6124183130", "branch_1_bearing": 86.44, "branch_1_street": "", "branch_1_highway": "residential", "branch_2_neighbor": "6124182980", "branch_2_bearing": 172.71, "branch_2_street": "", "branch_2_highway": "residential", "branch_3_neighbor": "6124182994", "branch_3_bearing": 266.41, "branch_3_street": "", "branch_3_highway": "residential", "branch_4_neighbor": "6124182902", "branch_4_bearing": 358.02, "branch_4_street": "", "branch_4_highway": "residential" }, "geometry": { "type": "Point", "coordinates": [ 100.7115847, 13.8750907 ] } },
{ "type": "Feature", "properties": { "osm_node_id": "8292089786", "latitude": 13.8790056, "longitude": 100.7224357, "street_names": "", "highway_types": "residential", "in_degree": 3, "out_degree": 3, "fully_bidirectional": false, "traffic_signals": false, "junction": "", "minimum_branch_angle": 86.35, "maximum_branch_angle": 93.1, "cross_score": 0.9705, "likely_geometric_cross": true, "osm_url": "https://www.openstreetmap.org/node/8292089786", "branch_1_neighbor": "8292833058", "branch_1_bearing": 0.64, "branch_1_street": "", "branch_1_highway": "residential", "branch_2_neighbor": "3053301651", "branch_2_bearing": 86.99, "branch_2_street": "", "branch_2_highway": "residential", "branch_3_neighbor": "8292089771", "branch_3_bearing": 180.09, "branch_3_street": "", "branch_3_highway": "residential", "branch_4_neighbor": "3053301644", "branch_4_bearing": 272.3, "branch_4_street": "", "branch_4_highway": "residential" }, "geometry": { "type": "Point", "coordinates": [ 100.7224357, 13.8790056 ] } },
{ "type": "Feature", "properties": { "osm_node_id": "3841938495", "latitude": 13.8343996, "longitude": 100.697157, "street_names": "ซอยพระยาสุเรนทร์ 23; ซอยพระยาสุเรนทร์ 23 แยก 1", "highway_types": "residential", "in_degree": 4, "out_degree": 4, "fully_bidirectional": true, "traffic_signals": false, "junction": "", "minimum_branch_angle": 87.14, "maximum_branch_angle": 93.37, "cross_score": 0.9703, "likely_geometric_cross": true, "osm_url": "https://www.openstreetmap.org/node/3841938495", "branch_1_neighbor": "353334454", "branch_1_bearing": 71.84, "branch_1_street": "ซอยพระยาสุเรนทร์ 23", "branch_1_highway": "residential", "branch_2_neighbor": "3841938493", "branch_2_bearing": 165.21, "branch_2_street": "ซอยพระยาสุเรนทร์ 23 แยก 1", "branch_2_highway": "residential", "branch_3_neighbor": "353334452", "branch_3_bearing": 252.72, "branch_3_street": "ซอยพระยาสุเรนทร์ 23", "branch_3_highway": "residential", "branch_4_neighbor": "3841938500", "branch_4_bearing": 344.7, "branch_4_street": "", "branch_4_highway": "residential" }, "geometry": { "type": "Point", "coordinates": [ 100.697157, 13.8343996 ] } },
{ "type": "Feature", "properties": { "osm_node_id": "5935849073", "latitude": 13.907676, "longitude": 100.7157228, "street_names": "", "highway_types": "residential", "in_degree": 3, "out_degree": 3, "fully_bidirectional": false, "traffic_signals": false, "junction": "", "minimum_branch_angle": 85.97, "maximum_branch_angle": 95.3, "cross_score": 0.97, "likely_geometric_cross": true, "osm_url": "https://www.openstreetmap.org/node/5935849073", "branch_1_neighbor": "5935849057", "branch_1_bearing": 85.38, "branch_1_street": "", "branch_1_highway": "residential", "branch_2_neighbor": "5935920826", "branch_2_bearing": 171.35, "branch_2_street": "", "branch_2_highway": "residential", "branch_3_neighbor": "5935849071", "branch_3_bearing": 266.65, "branch_3_street": "", "branch_3_highway": "residential", "branch_4_neighbor": "5935920788", "branch_4_bearing": 356.75, "branch_4_street": "", "branch_4_highway": "residential" }, "geometry": { "type": "Point", "coordinates": [ 100.7157228, 13.907676 ] } },
{ "type": "Feature", "properties": { "osm_node_id": "7990396145", "latitude": 13.87349, "longitude": 100.7085692, "street_names": "ถนนปัญญาอินทรา", "highway_types": "residential", "in_degree": 2, "out_degree": 2, "fully_bidirectional": false, "traffic_signals": false, "junction": "", "minimum_branch_angle": 86.76, "maximum_branch_angle": 93.4, "cross_score": 0.9699, "likely_geometric_cross": true, "osm_url": "https://www.openstreetmap.org/node/7990396145", "branch_1_neighbor": "8061465707", "branch_1_bearing": 1.37, "branch_1_street": "ถนนปัญญาอินทรา", "branch_1_highway": "residential", "branch_2_neighbor": "7990396139", "branch_2_bearing": 88.13, "branch_2_street": "", "branch_2_highway": "residential", "branch_3_neighbor": "7990396143", "branch_3_bearing": 181.53, "branch_3_street": "ถนนปัญญาอินทรา", "branch_3_highway": "residential", "branch_4_neighbor": "7990396136", "branch_4_bearing": 269.36, "branch_4_street": "", "branch_4_highway": "residential" }, "geometry": { "type": "Point", "coordinates": [ 100.7085692, 13.87349 ] } },
{ "type": "Feature", "properties": { "osm_node_id": "8140840727", "latitude": 13.8530302, "longitude": 100.7067949, "street_names": "ถนนปัญญาอินทรา", "highway_types": "residential; tertiary", "in_degree": 2, "out_degree": 2, "fully_bidirectional": false, "traffic_signals": false, "junction": "", "minimum_branch_angle": 86.92, "maximum_branch_angle": 92.9, "cross_score": 0.9693, "likely_geometric_cross": true, "osm_url": "https://www.openstreetmap.org/node/8140840727", "branch_1_neighbor": "3840058931", "branch_1_bearing": 84.98, "branch_1_street": "ถนนปัญญาอินทรา", "branch_1_highway": "tertiary", "branch_2_neighbor": "8141290365", "branch_2_bearing": 177.59, "branch_2_street": "", "branch_2_highway": "residential", "branch_3_neighbor": "8140770191", "branch_3_bearing": 265.15, "branch_3_street": "ถนนปัญญาอินทรา", "branch_3_highway": "tertiary", "branch_4_neighbor": "8140840726", "branch_4_bearing": 358.05, "branch_4_street": "", "branch_4_highway": "residential" }, "geometry": { "type": "Point", "coordinates": [ 100.7067949, 13.8530302 ] } },
{ "type": "Feature", "properties": { "osm_node_id": "5935976444", "latitude": 13.9082157, "longitude": 100.7051598, "street_names": "", "highway_types": "residential", "in_degree": 4, "out_degree": 4, "fully_bidirectional": true, "traffic_signals": false, "junction": "", "minimum_branch_angle": 84.43, "maximum_branch_angle": 93.7, "cross_score": 0.969, "likely_geometric_cross": true, "osm_url": "https://www.openstreetmap.org/node/5935976444", "branch_1_neighbor": "5935976450", "branch_1_bearing": 47.39, "branch_1_street": "", "branch_1_highway": "residential", "branch_2_neighbor": "5935976443", "branch_2_bearing": 141.08, "branch_2_street": "", "branch_2_highway": "residential", "branch_3_neighbor": "5935976449", "branch_3_bearing": 225.51, "branch_3_street": "", "branch_3_highway": "residential", "branch_4_neighbor": "5935976445", "branch_4_bearing": 317.16, "branch_4_street": "", "branch_4_highway": "residential" }, "geometry": { "type": "Point", "coordinates": [ 100.7051598, 13.9082157 ] } },
{ "type": "Feature", "properties": { "osm_node_id": "3840100002", "latitude": 13.8540728, "longitude": 100.686948, "street_names": "", "highway_types": "residential", "in_degree": 3, "out_degree": 3, "fully_bidirectional": false, "traffic_signals": false, "junction": "", "minimum_branch_angle": 86.03, "maximum_branch_angle": 93.4, "cross_score": 0.9689, "likely_geometric_cross": true, "osm_url": "https://www.openstreetmap.org/node/3840100002", "branch_1_neighbor": "3840100016", "branch_1_bearing": 7.56, "branch_1_street": "", "branch_1_highway": "residential", "branch_2_neighbor": "3840100000", "branch_2_bearing": 99.76, "branch_2_street": "", "branch_2_highway": "residential", "branch_3_neighbor": "3840099997", "branch_3_bearing": 185.79, "branch_3_street": "", "branch_3_highway": "residential", "branch_4_neighbor": "8129702184", "branch_4_bearing": 274.16, "branch_4_street": "", "branch_4_highway": "residential" }, "geometry": { "type": "Point", "coordinates": [ 100.686948, 13.8540728 ] } },
{ "type": "Feature", "properties": { "osm_node_id": "3053347052", "latitude": 13.8650421, "longitude": 100.71374, "street_names": "", "highway_types": "residential", "in_degree": 4, "out_degree": 4, "fully_bidirectional": true, "traffic_signals": false, "junction": "", "minimum_branch_angle": 86.59, "maximum_branch_angle": 93.84, "cross_score": 0.9688, "likely_geometric_cross": true, "osm_url": "https://www.openstreetmap.org/node/3053347052", "branch_1_neighbor": "3053347076", "branch_1_bearing": 89.43, "branch_1_street": "", "branch_1_highway": "residential", "branch_2_neighbor": "3053347095", "branch_2_bearing": 177.21, "branch_2_street": "", "branch_2_highway": "residential", "branch_3_neighbor": "3053347440", "branch_3_bearing": 268.99, "branch_3_street": "", "branch_3_highway": "residential", "branch_4_neighbor": "3053347131", "branch_4_bearing": 355.59, "branch_4_street": "", "branch_4_highway": "residential" }, "geometry": { "type": "Point", "coordinates": [ 100.71374, 13.8650421 ] } },
{ "type": "Feature", "properties": { "osm_node_id": "353339471", "latitude": 13.8387614, "longitude": 100.6908788, "street_names": "", "highway_types": "residential", "in_degree": 3, "out_degree": 3, "fully_bidirectional": false, "traffic_signals": false, "junction": "", "minimum_branch_angle": 86.85, "maximum_branch_angle": 95.63, "cross_score": 0.9687, "likely_geometric_cross": true, "osm_url": "https://www.openstreetmap.org/node/353339471", "branch_1_neighbor": "353339473", "branch_1_bearing": 72.4, "branch_1_street": "", "branch_1_highway": "residential", "branch_2_neighbor": "353338737", "branch_2_bearing": 159.24, "branch_2_street": "", "branch_2_highway": "residential", "branch_3_neighbor": "353339933", "branch_3_bearing": 249.11, "branch_3_street": "", "branch_3_highway": "residential", "branch_4_neighbor": "353338741", "branch_4_bearing": 344.74, "branch_4_street": "", "branch_4_highway": "residential" }, "geometry": { "type": "Point", "coordinates": [ 100.6908788, 13.8387614 ] } },
{ "type": "Feature", "properties": { "osm_node_id": "8086748873", "latitude": 13.8592058, "longitude": 100.6967823, "street_names": "", "highway_types": "residential", "in_degree": 3, "out_degree": 3, "fully_bidirectional": false, "traffic_signals": false, "junction": "", "minimum_branch_angle": 84.95, "maximum_branch_angle": 95.24, "cross_score": 0.9684, "likely_geometric_cross": true, "osm_url": "https://www.openstreetmap.org/node/8086748873", "branch_1_neighbor": "8086748872", "branch_1_bearing": 88.02, "branch_1_street": "", "branch_1_highway": "residential", "branch_2_neighbor": "3840087476", "branch_2_bearing": 183.26, "branch_2_street": "", "branch_2_highway": "residential", "branch_3_neighbor": "8086748869", "branch_3_bearing": 268.21, "branch_3_street": "", "branch_3_highway": "residential", "branch_4_neighbor": "3840087486", "branch_4_bearing": 357.57, "branch_4_street": "", "branch_4_highway": "residential" }, "geometry": { "type": "Point", "coordinates": [ 100.6967823, 13.8592058 ] } },
{ "type": "Feature", "properties": { "osm_node_id": "8140821558", "latitude": 13.85419, "longitude": 100.707011, "street_names": "", "highway_types": "residential", "in_degree": 4, "out_degree": 4, "fully_bidirectional": true, "traffic_signals": false, "junction": "", "minimum_branch_angle": 86.54, "maximum_branch_angle": 95.71, "cross_score": 0.9683, "likely_geometric_cross": true, "osm_url": "https://www.openstreetmap.org/node/8140821558", "branch_1_neighbor": "8140821560", "branch_1_bearing": 0.36, "branch_1_street": "", "branch_1_highway": "residential", "branch_2_neighbor": "7908280074", "branch_2_bearing": 88.69, "branch_2_street": "", "branch_2_highway": "residential", "branch_3_neighbor": "8140821564", "branch_3_bearing": 178.11, "branch_3_street": "", "branch_3_highway": "residential", "branch_4_neighbor": "8140821559", "branch_4_bearing": 264.65, "branch_4_street": "", "branch_4_highway": "residential" }, "geometry": { "type": "Point", "coordinates": [ 100.707011, 13.85419 ] } },
{ "type": "Feature", "properties": { "osm_node_id": "5936140573", "latitude": 13.9067969, "longitude": 100.6916025, "street_names": "", "highway_types": "residential", "in_degree": 3, "out_degree": 3, "fully_bidirectional": false, "traffic_signals": false, "junction": "", "minimum_branch_angle": 84.79, "maximum_branch_angle": 95.2, "cross_score": 0.968, "likely_geometric_cross": true, "osm_url": "https://www.openstreetmap.org/node/5936140573", "branch_1_neighbor": "5936140576", "branch_1_bearing": 53.27, "branch_1_street": "", "branch_1_highway": "residential", "branch_2_neighbor": "5936140574", "branch_2_bearing": 138.07, "branch_2_street": "", "branch_2_highway": "residential", "branch_3_neighbor": "5936141604", "branch_3_bearing": 233.27, "branch_3_street": "", "branch_3_highway": "residential", "branch_4_neighbor": "5936140572", "branch_4_bearing": 323.82, "branch_4_street": "", "branch_4_highway": "residential" }, "geometry": { "type": "Point", "coordinates": [ 100.6916025, 13.9067969 ] } },
{ "type": "Feature", "properties": { "osm_node_id": "5877542514", "latitude": 13.9023951, "longitude": 100.7356458, "street_names": "ถนนนิมิตใหม่", "highway_types": "primary; residential", "in_degree": 3, "out_degree": 3, "fully_bidirectional": false, "traffic_signals": false, "junction": "", "minimum_branch_angle": 85.57, "maximum_branch_angle": 93.59, "cross_score": 0.9678, "likely_geometric_cross": true, "osm_url": "https://www.openstreetmap.org/node/5877542514", "branch_1_neighbor": "5877542491", "branch_1_bearing": 11.88, "branch_1_street": "ถนนนิมิตใหม่", "branch_1_highway": "primary", "branch_2_neighbor": "5877542513", "branch_2_bearing": 97.45, "branch_2_street": "", "branch_2_highway": "residential", "branch_3_neighbor": "8317616531", "branch_3_bearing": 191.04, "branch_3_street": "ถนนนิมิตใหม่", "branch_3_highway": "primary", "branch_4_neighbor": "5877540835", "branch_4_bearing": 279.68, "branch_4_street": "", "branch_4_highway": "residential" }, "geometry": { "type": "Point", "coordinates": [ 100.7356458, 13.9023951 ] } },
{ "type": "Feature", "properties": { "osm_node_id": "3841547657", "latitude": 13.8462127, "longitude": 100.7077261, "street_names": "", "highway_types": "residential", "in_degree": 4, "out_degree": 4, "fully_bidirectional": true, "traffic_signals": false, "junction": "", "minimum_branch_angle": 86.38, "maximum_branch_angle": 93.87, "cross_score": 0.9677, "likely_geometric_cross": true, "osm_url": "https://www.openstreetmap.org/node/3841547657", "branch_1_neighbor": "3841547658", "branch_1_bearing": 85.11, "branch_1_street": "", "branch_1_highway": "residential", "branch_2_neighbor": "3841546254", "branch_2_bearing": 177.05, "branch_2_street": "", "branch_2_highway": "residential", "branch_3_neighbor": "3841546256", "branch_3_bearing": 264.86, "branch_3_street": "", "branch_3_highway": "residential", "branch_4_neighbor": "3841547661", "branch_4_bearing": 358.73, "branch_4_street": "", "branch_4_highway": "residential" }, "geometry": { "type": "Point", "coordinates": [ 100.7077261, 13.8462127 ] } },
{ "type": "Feature", "properties": { "osm_node_id": "3834809019", "latitude": 13.8652556, "longitude": 100.7280215, "street_names": "", "highway_types": "residential", "in_degree": 4, "out_degree": 4, "fully_bidirectional": true, "traffic_signals": false, "junction": "", "minimum_branch_angle": 86.26, "maximum_branch_angle": 93.49, "cross_score": 0.9676, "likely_geometric_cross": true, "osm_url": "https://www.openstreetmap.org/node/3834809019", "branch_1_neighbor": "3834809022", "branch_1_bearing": 86.23, "branch_1_street": "", "branch_1_highway": "residential", "branch_2_neighbor": "3834808996", "branch_2_bearing": 174.13, "branch_2_street": "", "branch_2_highway": "residential", "branch_3_neighbor": "3834809017", "branch_3_bearing": 260.39, "branch_3_street": "", "branch_3_highway": "residential", "branch_4_neighbor": "3834809028", "branch_4_bearing": 352.74, "branch_4_street": "", "branch_4_highway": "residential" }, "geometry": { "type": "Point", "coordinates": [ 100.7280215, 13.8652556 ] } },
{ "type": "Feature", "properties": { "osm_node_id": "3841601576", "latitude": 13.8490588, "longitude": 100.6849804, "street_names": "ชัยพฤกษ์ B15", "highway_types": "residential", "in_degree": 4, "out_degree": 4, "fully_bidirectional": true, "traffic_signals": false, "junction": "", "minimum_branch_angle": 84.12, "maximum_branch_angle": 92.72, "cross_score": 0.9673, "likely_geometric_cross": true, "osm_url": "https://www.openstreetmap.org/node/3841601576", "branch_1_neighbor": "6521803621", "branch_1_bearing": 8.33, "branch_1_street": "", "branch_1_highway": "residential", "branch_2_neighbor": "8127851428", "branch_2_bearing": 99.19, "branch_2_street": "ชัยพฤกษ์ B15", "branch_2_highway": "residential", "branch_3_neighbor": "3841601566", "branch_3_bearing": 191.49, "branch_3_street": "", "branch_3_highway": "residential", "branch_4_neighbor": "3841601578", "branch_4_bearing": 275.62, "branch_4_street": "", "branch_4_highway": "residential" }, "geometry": { "type": "Point", "coordinates": [ 100.6849804, 13.8490588 ] } },
{ "type": "Feature", "properties": { "osm_node_id": "8302044134", "latitude": 13.8390669, "longitude": 100.6934177, "street_names": "ถนนปัญญาอินทรา", "highway_types": "residential; secondary", "in_degree": 2, "out_degree": 2, "fully_bidirectional": false, "traffic_signals": false, "junction": "", "minimum_branch_angle": 84.81, "maximum_branch_angle": 94.1, "cross_score": 0.9671, "likely_geometric_cross": true, "osm_url": "https://www.openstreetmap.org/node/8302044134", "branch_1_neighbor": "8301828567", "branch_1_bearing": 66.58, "branch_1_street": "ถนนปัญญาอินทรา", "branch_1_highway": "secondary", "branch_2_neighbor": "8302044135", "branch_2_bearing": 155.85, "branch_2_street": "", "branch_2_highway": "residential", "branch_3_neighbor": "7949430262", "branch_3_bearing": 249.95, "branch_3_street": "ถนนปัญญาอินทรา", "branch_3_highway": "secondary", "branch_4_neighbor": "8302044133", "branch_4_bearing": 334.76, "branch_4_street": "", "branch_4_highway": "residential" }, "geometry": { "type": "Point", "coordinates": [ 100.6934177, 13.8390669 ] } },
{ "type": "Feature", "properties": { "osm_node_id": "3834973593", "latitude": 13.8686152, "longitude": 100.708734, "street_names": "", "highway_types": "residential", "in_degree": 4, "out_degree": 4, "fully_bidirectional": true, "traffic_signals": false, "junction": "", "minimum_branch_angle": 87.01, "maximum_branch_angle": 92.98, "cross_score": 0.967, "likely_geometric_cross": true, "osm_url": "https://www.openstreetmap.org/node/3834973593", "branch_1_neighbor": "3834973594", "branch_1_bearing": 85.5, "branch_1_street": "", "branch_1_highway": "residential", "branch_2_neighbor": "3834973586", "branch_2_bearing": 178.47, "branch_2_street": "", "branch_2_highway": "residential", "branch_3_neighbor": "3834973592", "branch_3_bearing": 265.51, "branch_3_street": "", "branch_3_highway": "residential", "branch_4_neighbor": "3834973614", "branch_4_bearing": 358.5, "branch_4_street": "", "branch_4_highway": "residential" }, "geometry": { "type": "Point", "coordinates": [ 100.708734, 13.8686152 ] } },
{ "type": "Feature", "properties": { "osm_node_id": "3840059014", "latitude": 13.8563297, "longitude": 100.7060185, "street_names": "", "highway_types": "residential", "in_degree": 4, "out_degree": 4, "fully_bidirectional": true, "traffic_signals": false, "junction": "", "minimum_branch_angle": 85.71, "maximum_branch_angle": 94.26, "cross_score": 0.9669, "likely_geometric_cross": true, "osm_url": "https://www.openstreetmap.org/node/3840059014", "branch_1_neighbor": "3840059028", "branch_1_bearing": 1.77, "branch_1_street": "", "branch_1_highway": "residential", "branch_2_neighbor": "3840059017", "branch_2_bearing": 87.48, "branch_2_street": "", "branch_2_highway": "residential", "branch_3_neighbor": "3840059004", "branch_3_bearing": 181.75, "branch_3_street": "", "branch_3_highway": "residential", "branch_4_neighbor": "3840059015", "branch_4_bearing": 270.08, "branch_4_street": "", "branch_4_highway": "residential" }, "geometry": { "type": "Point", "coordinates": [ 100.7060185, 13.8563297 ] } },
{ "type": "Feature", "properties": { "osm_node_id": "2562521943", "latitude": 13.8750631, "longitude": 100.7205429, "street_names": "", "highway_types": "residential", "in_degree": 4, "out_degree": 4, "fully_bidirectional": true, "traffic_signals": false, "junction": "", "minimum_branch_angle": 84.03, "maximum_branch_angle": 95.56, "cross_score": 0.9668, "likely_geometric_cross": true, "osm_url": "https://www.openstreetmap.org/node/2562521943", "branch_1_neighbor": "2562521933", "branch_1_bearing": 5.3, "branch_1_street": "", "branch_1_highway": "residential", "branch_2_neighbor": "2562521944", "branch_2_bearing": 89.33, "branch_2_street": "", "branch_2_highway": "residential", "branch_3_neighbor": "2562521946", "branch_3_bearing": 179.68, "branch_3_street": "", "branch_3_highway": "residential", "branch_4_neighbor": "8061345320", "branch_4_bearing": 269.74, "branch_4_street": "", "branch_4_highway": "residential" }, "geometry": { "type": "Point", "coordinates": [ 100.7205429, 13.8750631 ] } },
{ "type": "Feature", "properties": { "osm_node_id": "3845126944", "latitude": 13.8279811, "longitude": 100.7049867, "street_names": "", "highway_types": "residential", "in_degree": 4, "out_degree": 4, "fully_bidirectional": true, "traffic_signals": false, "junction": "", "minimum_branch_angle": 86.78, "maximum_branch_angle": 94.6, "cross_score": 0.9668, "likely_geometric_cross": true, "osm_url": "https://www.openstreetmap.org/node/3845126944", "branch_1_neighbor": "3845126962", "branch_1_bearing": 2.51, "branch_1_street": "", "branch_1_highway": "residential", "branch_2_neighbor": "3845126937", "branch_2_bearing": 93.88, "branch_2_street": "", "branch_2_highway": "residential", "branch_3_neighbor": "3845126930", "branch_3_bearing": 181.13, "branch_3_street": "", "branch_3_highway": "residential", "branch_4_neighbor": "3845126954", "branch_4_bearing": 275.73, "branch_4_street": "", "branch_4_highway": "residential" }, "geometry": { "type": "Point", "coordinates": [ 100.7049867, 13.8279811 ] } },
{ "type": "Feature", "properties": { "osm_node_id": "7949430270", "latitude": 13.8373243, "longitude": 100.689232, "street_names": "ถนนปัญญาอินทรา", "highway_types": "residential; secondary", "in_degree": 2, "out_degree": 2, "fully_bidirectional": false, "traffic_signals": false, "junction": "", "minimum_branch_angle": 84.02, "maximum_branch_angle": 94.32, "cross_score": 0.9668, "likely_geometric_cross": true, "osm_url": "https://www.openstreetmap.org/node/7949430270", "branch_1_neighbor": "7949430267", "branch_1_bearing": 67.85, "branch_1_street": "ถนนปัญญาอินทรา", "branch_1_highway": "secondary", "branch_2_neighbor": "8166601154", "branch_2_bearing": 157.9, "branch_2_street": "", "branch_2_highway": "residential", "branch_3_neighbor": "8166601150", "branch_3_bearing": 252.23, "branch_3_street": "ถนนปัญญาอินทรา", "branch_3_highway": "secondary", "branch_4_neighbor": "353332357", "branch_4_bearing": 343.83, "branch_4_street": "", "branch_4_highway": "residential" }, "geometry": { "type": "Point", "coordinates": [ 100.689232, 13.8373243 ] } },
{ "type": "Feature", "properties": { "osm_node_id": "3834869432", "latitude": 13.8656298, "longitude": 100.7108792, "street_names": "", "highway_types": "residential", "in_degree": 4, "out_degree": 4, "fully_bidirectional": true, "traffic_signals": false, "junction": "", "minimum_branch_angle": 85.88, "maximum_branch_angle": 93.52, "cross_score": 0.9667, "likely_geometric_cross": true, "osm_url": "https://www.openstreetmap.org/node/3834869432", "branch_1_neighbor": "7990378083", "branch_1_bearing": 92.19, "branch_1_street": "", "branch_1_highway": "residential", "branch_2_neighbor": "8144706301", "branch_2_bearing": 178.08, "branch_2_street": "", "branch_2_highway": "residential", "branch_3_neighbor": "3834869433", "branch_3_bearing": 270.55, "branch_3_street": "", "branch_3_highway": "residential", "branch_4_neighbor": "3834869447", "branch_4_bearing": 358.67, "branch_4_street": "", "branch_4_highway": "residential" }, "geometry": { "type": "Point", "coordinates": [ 100.7108792, 13.8656298 ] } },
{ "type": "Feature", "properties": { "osm_node_id": "8301854536", "latitude": 13.8397604, "longitude": 100.6967106, "street_names": "", "highway_types": "residential", "in_degree": 4, "out_degree": 4, "fully_bidirectional": true, "traffic_signals": false, "junction": "", "minimum_branch_angle": 84.0, "maximum_branch_angle": 92.93, "cross_score": 0.9666, "likely_geometric_cross": true, "osm_url": "https://www.openstreetmap.org/node/8301854536", "branch_1_neighbor": "3841938521", "branch_1_bearing": 82.62, "branch_1_street": "", "branch_1_highway": "residential", "branch_2_neighbor": "8301854528", "branch_2_bearing": 173.77, "branch_2_street": "", "branch_2_highway": "residential", "branch_3_neighbor": "3841938519", "branch_3_bearing": 265.7, "branch_3_street": "", "branch_3_highway": "residential", "branch_4_neighbor": "8301854530", "branch_4_bearing": 358.62, "branch_4_street": "", "branch_4_highway": "residential" }, "geometry": { "type": "Point", "coordinates": [ 100.6967106, 13.8397604 ] } },
{ "type": "Feature", "properties": { "osm_node_id": "3840061882", "latitude": 13.8472955, "longitude": 100.7002165, "street_names": "", "highway_types": "residential", "in_degree": 4, "out_degree": 4, "fully_bidirectional": true, "traffic_signals": false, "junction": "", "minimum_branch_angle": 83.97, "maximum_branch_angle": 95.34, "cross_score": 0.9665, "likely_geometric_cross": true, "osm_url": "https://www.openstreetmap.org/node/3840061882", "branch_1_neighbor": "8140804560", "branch_1_bearing": 0.45, "branch_1_street": "", "branch_1_highway": "residential", "branch_2_neighbor": "3841547670", "branch_2_bearing": 90.66, "branch_2_street": "", "branch_2_highway": "residential", "branch_3_neighbor": "3841546244", "branch_3_bearing": 181.15, "branch_3_street": "", "branch_3_highway": "residential", "branch_4_neighbor": "3840087071", "branch_4_bearing": 265.12, "branch_4_street": "", "branch_4_highway": "residential" }, "geometry": { "type": "Point", "coordinates": [ 100.7002165, 13.8472955 ] } },
{ "type": "Feature", "properties": { "osm_node_id": "3841928450", "latitude": 13.830984, "longitude": 100.7045384, "street_names": "", "highway_types": "residential", "in_degree": 4, "out_degree": 4, "fully_bidirectional": true, "traffic_signals": false, "junction": "", "minimum_branch_angle": 86.11, "maximum_branch_angle": 95.3, "cross_score": 0.9664, "likely_geometric_cross": true, "osm_url": "https://www.openstreetmap.org/node/3841928450", "branch_1_neighbor": "3841928460", "branch_1_bearing": 29.39, "branch_1_street": "", "branch_1_highway": "residential", "branch_2_neighbor": "8140459102", "branch_2_bearing": 115.5, "branch_2_street": "", "branch_2_highway": "residential", "branch_3_neighbor": "3841928435", "branch_3_bearing": 203.35, "branch_3_street": "", "branch_3_highway": "residential", "branch_4_neighbor": "3841928464", "branch_4_bearing": 294.09, "branch_4_street": "", "branch_4_highway": "residential" }, "geometry": { "type": "Point", "coordinates": [ 100.7045384, 13.830984 ] } },
{ "type": "Feature", "properties": { "osm_node_id": "6521880361", "latitude": 13.8530626, "longitude": 100.7153471, "street_names": "", "highway_types": "residential", "in_degree": 4, "out_degree": 4, "fully_bidirectional": true, "traffic_signals": false, "junction": "", "minimum_branch_angle": 86.94, "maximum_branch_angle": 93.07, "cross_score": 0.9662, "likely_geometric_cross": true, "osm_url": "https://www.openstreetmap.org/node/6521880361", "branch_1_neighbor": "6521880360", "branch_1_bearing": 84.03, "branch_1_street": "", "branch_1_highway": "residential", "branch_2_neighbor": "6521880359", "branch_2_bearing": 177.1, "branch_2_street": "", "branch_2_highway": "residential", "branch_3_neighbor": "6521880352", "branch_3_bearing": 264.07, "branch_3_street": "", "branch_3_highway": "residential", "branch_4_neighbor": "6521881699", "branch_4_bearing": 357.08, "branch_4_street": "", "branch_4_highway": "residential" }, "geometry": { "type": "Point", "coordinates": [ 100.7153471, 13.8530626 ] } },
{ "type": "Feature", "properties": { "osm_node_id": "3841938513", "latitude": 13.8386044, "longitude": 100.6967406, "street_names": "ถนนพระยาสุเรนทร์", "highway_types": "residential; tertiary", "in_degree": 3, "out_degree": 3, "fully_bidirectional": false, "traffic_signals": false, "junction": "", "minimum_branch_angle": 85.18, "maximum_branch_angle": 96.12, "cross_score": 0.966, "likely_geometric_cross": true, "osm_url": "https://www.openstreetmap.org/node/3841938513", "branch_1_neighbor": "3841938514", "branch_1_bearing": 82.89, "branch_1_street": "", "branch_1_highway": "residential", "branch_2_neighbor": "3841938511", "branch_2_bearing": 168.07, "branch_2_street": "ถนนพระยาสุเรนทร์", "branch_2_highway": "tertiary", "branch_3_neighbor": "346187541", "branch_3_bearing": 264.19, "branch_3_street": "", "branch_3_highway": "residential", "branch_4_neighbor": "3841938515", "branch_4_bearing": 353.65, "branch_4_street": "ถนนพระยาสุเรนทร์", "branch_4_highway": "tertiary" }, "geometry": { "type": "Point", "coordinates": [ 100.6967406, 13.8386044 ] } },
{ "type": "Feature", "properties": { "osm_node_id": "5817100938", "latitude": 13.8381842, "longitude": 100.7693436, "street_names": "", "highway_types": "residential", "in_degree": 4, "out_degree": 4, "fully_bidirectional": true, "traffic_signals": false, "junction": "", "minimum_branch_angle": 85.01, "maximum_branch_angle": 93.56, "cross_score": 0.966, "likely_geometric_cross": true, "osm_url": "https://www.openstreetmap.org/node/5817100938", "branch_1_neighbor": "5817100950", "branch_1_bearing": 52.75, "branch_1_street": "", "branch_1_highway": "residential", "branch_2_neighbor": "5817100937", "branch_2_bearing": 145.32, "branch_2_street": "", "branch_2_highway": "residential", "branch_3_neighbor": "5817100944", "branch_3_bearing": 234.18, "branch_3_street": "", "branch_3_highway": "residential", "branch_4_neighbor": "5817100892", "branch_4_bearing": 327.74, "branch_4_street": "", "branch_4_highway": "residential" }, "geometry": { "type": "Point", "coordinates": [ 100.7693436, 13.8381842 ] } },
{ "type": "Feature", "properties": { "osm_node_id": "6124182953", "latitude": 13.8761589, "longitude": 100.7137717, "street_names": "", "highway_types": "residential", "in_degree": 4, "out_degree": 4, "fully_bidirectional": true, "traffic_signals": false, "junction": "", "minimum_branch_angle": 86.16, "maximum_branch_angle": 93.66, "cross_score": 0.9653, "likely_geometric_cross": true, "osm_url": "https://www.openstreetmap.org/node/6124182953", "branch_1_neighbor": "6124182984", "branch_1_bearing": 0.02, "branch_1_street": "", "branch_1_highway": "residential", "branch_2_neighbor": "6124182954", "branch_2_bearing": 87.62, "branch_2_street": "", "branch_2_highway": "residential", "branch_3_neighbor": "6124183131", "branch_3_bearing": 180.2, "branch_3_street": "", "branch_3_highway": "residential", "branch_4_neighbor": "6124182952", "branch_4_bearing": 266.36, "branch_4_street": "", "branch_4_highway": "residential" }, "geometry": { "type": "Point", "coordinates": [ 100.7137717, 13.8761589 ] } },
{ "type": "Feature", "properties": { "osm_node_id": "5935976470", "latitude": 13.9058303, "longitude": 100.7075407, "street_names": "", "highway_types": "residential", "in_degree": 4, "out_degree": 4, "fully_bidirectional": true, "traffic_signals": false, "junction": "", "minimum_branch_angle": 83.71, "maximum_branch_angle": 93.75, "cross_score": 0.9651, "likely_geometric_cross": true, "osm_url": "https://www.openstreetmap.org/node/5935976470", "branch_1_neighbor": "5935976469", "branch_1_bearing": 77.86, "branch_1_street": "", "branch_1_highway": "residential", "branch_2_neighbor": "5935976468", "branch_2_bearing": 161.57, "branch_2_street": "", "branch_2_highway": "residential", "branch_3_neighbor": "5935976466", "branch_3_bearing": 255.32, "branch_3_street": "", "branch_3_highway": "residential", "branch_4_neighbor": "5935976442", "branch_4_bearing": 345.35, "branch_4_street": "", "branch_4_highway": "residential" }, "geometry": { "type": "Point", "coordinates": [ 100.7075407, 13.9058303 ] } },
{ "type": "Feature", "properties": { "osm_node_id": "11221593529", "latitude": 13.8286267, "longitude": 100.7492153, "street_names": "ประชาชนร่วมใจ 7", "highway_types": "residential", "in_degree": 4, "out_degree": 4, "fully_bidirectional": true, "traffic_signals": false, "junction": "", "minimum_branch_angle": 85.22, "maximum_branch_angle": 94.79, "cross_score": 0.965, "likely_geometric_cross": true, "osm_url": "https://www.openstreetmap.org/node/11221593529", "branch_1_neighbor": "11221593530", "branch_1_bearing": 59.24, "branch_1_street": "", "branch_1_highway": "residential", "branch_2_neighbor": "8178338319", "branch_2_bearing": 144.45, "branch_2_street": "ประชาชนร่วมใจ 7", "branch_2_highway": "residential", "branch_3_neighbor": "11221593528", "branch_3_bearing": 235.96, "branch_3_street": "", "branch_3_highway": "residential", "branch_4_neighbor": "8178338322", "branch_4_bearing": 324.44, "branch_4_street": "ประชาชนร่วมใจ 7", "branch_4_highway": "residential" }, "geometry": { "type": "Point", "coordinates": [ 100.7492153, 13.8286267 ] } },
{ "type": "Feature", "properties": { "osm_node_id": "3841547721", "latitude": 13.8489895, "longitude": 100.7065652, "street_names": "", "highway_types": "residential", "in_degree": 4, "out_degree": 4, "fully_bidirectional": true, "traffic_signals": false, "junction": "", "minimum_branch_angle": 83.65, "maximum_branch_angle": 94.07, "cross_score": 0.9647, "likely_geometric_cross": true, "osm_url": "https://www.openstreetmap.org/node/3841547721", "branch_1_neighbor": "3841547722", "branch_1_bearing": 88.34, "branch_1_street": "", "branch_1_highway": "residential", "branch_2_neighbor": "3840058771", "branch_2_bearing": 180.03, "branch_2_street": "", "branch_2_highway": "residential", "branch_3_neighbor": "3841547720", "branch_3_bearing": 263.68, "branch_3_street": "", "branch_3_highway": "residential", "branch_4_neighbor": "3840058781", "branch_4_bearing": 357.75, "branch_4_street": "", "branch_4_highway": "residential" }, "geometry": { "type": "Point", "coordinates": [ 100.7065652, 13.8489895 ] } },
{ "type": "Feature", "properties": { "osm_node_id": "6129277207", "latitude": 13.8482341, "longitude": 100.6858332, "street_names": "ชัยพฤกษ์ A 38", "highway_types": "residential", "in_degree": 4, "out_degree": 4, "fully_bidirectional": true, "traffic_signals": false, "junction": "", "minimum_branch_angle": 85.46, "maximum_branch_angle": 95.11, "cross_score": 0.9646, "likely_geometric_cross": true, "osm_url": "https://www.openstreetmap.org/node/6129277207", "branch_1_neighbor": "3840099905", "branch_1_bearing": 5.16, "branch_1_street": "", "branch_1_highway": "residential", "branch_2_neighbor": "6129277210", "branch_2_bearing": 96.42, "branch_2_street": "", "branch_2_highway": "residential", "branch_3_neighbor": "6129277219", "branch_3_bearing": 181.88, "branch_3_street": "", "branch_3_highway": "residential", "branch_4_neighbor": "6129277206", "branch_4_bearing": 276.99, "branch_4_street": "ชัยพฤกษ์ A 38", "branch_4_highway": "residential" }, "geometry": { "type": "Point", "coordinates": [ 100.6858332, 13.8482341 ] } },
{ "type": "Feature", "properties": { "osm_node_id": "5936141585", "latitude": 13.9077514, "longitude": 100.6929202, "street_names": "", "highway_types": "residential", "in_degree": 3, "out_degree": 3, "fully_bidirectional": false, "traffic_signals": false, "junction": "", "minimum_branch_angle": 84.45, "maximum_branch_angle": 95.54, "cross_score": 0.964, "likely_geometric_cross": true, "osm_url": "https://www.openstreetmap.org/node/5936141585", "branch_1_neighbor": "5936141588", "branch_1_bearing": 53.27, "branch_1_street": "", "branch_1_highway": "residential", "branch_2_neighbor": "5936141586", "branch_2_bearing": 148.81, "branch_2_street": "", "branch_2_highway": "residential", "branch_3_neighbor": "5936140582", "branch_3_bearing": 233.26, "branch_3_street": "", "branch_3_highway": "residential", "branch_4_neighbor": "5936140584", "branch_4_bearing": 324.2, "branch_4_street": "", "branch_4_highway": "residential" }, "geometry": { "type": "Point", "coordinates": [ 100.6929202, 13.9077514 ] } },
{ "type": "Feature", "properties": { "osm_node_id": "8301854528", "latitude": 13.8393728, "longitude": 100.6967542, "street_names": "", "highway_types": "residential", "in_degree": 4, "out_degree": 4, "fully_bidirectional": true, "traffic_signals": false, "junction": "", "minimum_branch_angle": 84.77, "maximum_branch_angle": 96.37, "cross_score": 0.964, "likely_geometric_cross": true, "osm_url": "https://www.openstreetmap.org/node/8301854528", "branch_1_neighbor": "3841938518", "branch_1_bearing": 82.52, "branch_1_street": "", "branch_1_highway": "residential", "branch_2_neighbor": "8301854527", "branch_2_bearing": 172.62, "branch_2_street": "", "branch_2_highway": "residential", "branch_3_neighbor": "3841938517", "branch_3_bearing": 257.39, "branch_3_street": "", "branch_3_highway": "residential", "branch_4_neighbor": "8301854536", "branch_4_bearing": 353.77, "branch_4_street": "", "branch_4_highway": "residential" }, "geometry": { "type": "Point", "coordinates": [ 100.6967542, 13.8393728 ] } },
{ "type": "Feature", "properties": { "osm_node_id": "3841547666", "latitude": 13.8468904, "longitude": 100.7077043, "street_names": "", "highway_types": "residential", "in_degree": 4, "out_degree": 4, "fully_bidirectional": true, "traffic_signals": false, "junction": "", "minimum_branch_angle": 86.65, "maximum_branch_angle": 94.05, "cross_score": 0.9638, "likely_geometric_cross": true, "osm_url": "https://www.openstreetmap.org/node/3841547666", "branch_1_neighbor": "3841547667", "branch_1_bearing": 85.22, "branch_1_street": "", "branch_1_highway": "residential", "branch_2_neighbor": "3841547661", "branch_2_bearing": 177.7, "branch_2_street": "", "branch_2_highway": "residential", "branch_3_neighbor": "3841547665", "branch_3_bearing": 264.35, "branch_3_street": "", "branch_3_highway": "residential", "branch_4_neighbor": "3841547671", "branch_4_bearing": 358.4, "branch_4_street": "", "branch_4_highway": "residential" }, "geometry": { "type": "Point", "coordinates": [ 100.7077043, 13.8468904 ] } },
{ "type": "Feature", "properties": { "osm_node_id": "6124182989", "latitude": 13.8729372, "longitude": 100.709592, "street_names": "", "highway_types": "residential", "in_degree": 4, "out_degree": 4, "fully_bidirectional": true, "traffic_signals": false, "junction": "", "minimum_branch_angle": 85.06, "maximum_branch_angle": 94.59, "cross_score": 0.9637, "likely_geometric_cross": true, "osm_url": "https://www.openstreetmap.org/node/6124182989", "branch_1_neighbor": "6124182898", "branch_1_bearing": 86.63, "branch_1_street": "", "branch_1_highway": "residential", "branch_2_neighbor": "6124182975", "branch_2_bearing": 181.22, "branch_2_street": "", "branch_2_highway": "residential", "branch_3_neighbor": "6124182970", "branch_3_bearing": 266.28, "branch_3_street": "", "branch_3_highway": "residential", "branch_4_neighbor": "6124182955", "branch_4_bearing": 358.23, "branch_4_street": "", "branch_4_highway": "residential" }, "geometry": { "type": "Point", "coordinates": [ 100.709592, 13.8729372 ] } },
{ "type": "Feature", "properties": { "osm_node_id": "5277017930", "latitude": 13.8714437, "longitude": 100.7133129, "street_names": "", "highway_types": "residential", "in_degree": 4, "out_degree": 4, "fully_bidirectional": true, "traffic_signals": false, "junction": "", "minimum_branch_angle": 84.18, "maximum_branch_angle": 94.44, "cross_score": 0.9634, "likely_geometric_cross": true, "osm_url": "https://www.openstreetmap.org/node/5277017930", "branch_1_neighbor": "5277017931", "branch_1_bearing": 87.84, "branch_1_street": "", "branch_1_highway": "residential", "branch_2_neighbor": "5277017934", "branch_2_bearing": 179.99, "branch_2_street": "", "branch_2_highway": "residential", "branch_3_neighbor": "5277017929", "branch_3_bearing": 264.16, "branch_3_street": "", "branch_3_highway": "residential", "branch_4_neighbor": "5277017921", "branch_4_bearing": 358.6, "branch_4_street": "", "branch_4_highway": "residential" }, "geometry": { "type": "Point", "coordinates": [ 100.7133129, 13.8714437 ] } },
{ "type": "Feature", "properties": { "osm_node_id": "7949430262", "latitude": 13.8390389, "longitude": 100.6933387, "street_names": "ถนนปัญญาอินทรา", "highway_types": "residential; secondary", "in_degree": 2, "out_degree": 2, "fully_bidirectional": false, "traffic_signals": false, "junction": "", "minimum_branch_angle": 85.64, "maximum_branch_angle": 95.22, "cross_score": 0.9634, "likely_geometric_cross": true, "osm_url": "https://www.openstreetmap.org/node/7949430262", "branch_1_neighbor": "8302044134", "branch_1_bearing": 69.95, "branch_1_street": "ถนนปัญญาอินทรา", "branch_1_highway": "secondary", "branch_2_neighbor": "8302044135", "branch_2_bearing": 157.72, "branch_2_street": "", "branch_2_highway": "residential", "branch_3_neighbor": "7949430267", "branch_3_bearing": 243.36, "branch_3_street": "ถนนปัญญาอินทรา", "branch_3_highway": "secondary", "branch_4_neighbor": "353332056", "branch_4_bearing": 334.73, "branch_4_street": "", "branch_4_highway": "residential" }, "geometry": { "type": "Point", "coordinates": [ 100.6933387, 13.8390389 ] } },
{ "type": "Feature", "properties": { "osm_node_id": "3839984237", "latitude": 13.8500959, "longitude": 100.721331, "street_names": "ถนนหทัยราษฎร์", "highway_types": "residential; secondary; secondary_link", "in_degree": 3, "out_degree": 3, "fully_bidirectional": false, "traffic_signals": false, "junction": "", "minimum_branch_angle": 85.87, "maximum_branch_angle": 93.34, "cross_score": 0.963, "likely_geometric_cross": true, "osm_url": "https://www.openstreetmap.org/node/3839984237", "branch_1_neighbor": "3839987962", "branch_1_bearing": 6.56, "branch_1_street": "ถนนหทัยราษฎร์", "branch_1_highway": "secondary", "branch_2_neighbor": "3839984239", "branch_2_bearing": 99.88, "branch_2_street": "", "branch_2_highway": "residential", "branch_3_neighbor": "2562536729", "branch_3_bearing": 187.36, "branch_3_street": "ถนนหทัยราษฎร์", "branch_3_highway": "secondary", "branch_4_neighbor": "8105512264", "branch_4_bearing": 280.69, "branch_4_street": "", "branch_4_highway": "secondary_link" }, "geometry": { "type": "Point", "coordinates": [ 100.721331, 13.8500959 ] } },
{ "type": "Feature", "properties": { "osm_node_id": "5933392468", "latitude": 13.9087958, "longitude": 100.6955807, "street_names": "ซอยหนองระแหง 4", "highway_types": "residential; tertiary", "in_degree": 4, "out_degree": 4, "fully_bidirectional": true, "traffic_signals": false, "junction": "", "minimum_branch_angle": 83.3, "maximum_branch_angle": 93.58, "cross_score": 0.9628, "likely_geometric_cross": true, "osm_url": "https://www.openstreetmap.org/node/5933392468", "branch_1_neighbor": "5936062816", "branch_1_bearing": 63.42, "branch_1_street": "ซอยหนองระแหง 4", "branch_1_highway": "tertiary", "branch_2_neighbor": "5936062804", "branch_2_bearing": 155.95, "branch_2_street": "", "branch_2_highway": "residential", "branch_3_neighbor": "5936062792", "branch_3_bearing": 246.53, "branch_3_street": "", "branch_3_highway": "residential", "branch_4_neighbor": "5936062802", "branch_4_bearing": 329.84, "branch_4_street": "ซอยหนองระแหง 4", "branch_4_highway": "tertiary" }, "geometry": { "type": "Point", "coordinates": [ 100.6955807, 13.9087958 ] } },
{ "type": "Feature", "properties": { "osm_node_id": "5277017921", "latitude": 13.8718898, "longitude": 100.7133017, "street_names": "", "highway_types": "residential", "in_degree": 4, "out_degree": 4, "fully_bidirectional": true, "traffic_signals": false, "junction": "", "minimum_branch_angle": 85.93, "maximum_branch_angle": 94.71, "cross_score": 0.9626, "likely_geometric_cross": true, "osm_url": "https://www.openstreetmap.org/node/5277017921", "branch_1_neighbor": "5277017925", "branch_1_bearing": 86.58, "branch_1_street": "", "branch_1_highway": "residential", "branch_2_neighbor": "5277017930", "branch_2_bearing": 178.6, "branch_2_street": "", "branch_2_highway": "residential", "branch_3_neighbor": "5277015205", "branch_3_bearing": 265.94, "branch_3_street": "", "branch_3_highway": "residential", "branch_4_neighbor": "5277017922", "branch_4_bearing": 351.87, "branch_4_street": "", "branch_4_highway": "residential" }, "geometry": { "type": "Point", "coordinates": [ 100.7133017, 13.8718898 ] } },
{ "type": "Feature", "properties": { "osm_node_id": "3841928362", "latitude": 13.8292305, "longitude": 100.7063735, "street_names": "", "highway_types": "residential", "in_degree": 4, "out_degree": 4, "fully_bidirectional": true, "traffic_signals": false, "junction": "", "minimum_branch_angle": 86.62, "maximum_branch_angle": 94.87, "cross_score": 0.9625, "likely_geometric_cross": true, "osm_url": "https://www.openstreetmap.org/node/3841928362", "branch_1_neighbor": "3841928358", "branch_1_bearing": 90.11, "branch_1_street": "", "branch_1_highway": "residential", "branch_2_neighbor": "3841928255", "branch_2_bearing": 176.73, "branch_2_street": "", "branch_2_highway": "residential", "branch_3_neighbor": "3841928372", "branch_3_bearing": 263.36, "branch_3_street": "", "branch_3_highway": "residential", "branch_4_neighbor": "3841928379", "branch_4_bearing": 355.24, "branch_4_street": "", "branch_4_highway": "residential" }, "geometry": { "type": "Point", "coordinates": [ 100.7063735, 13.8292305 ] } },
{ "type": "Feature", "properties": { "osm_node_id": "6124182971", "latitude": 13.8731636, "longitude": 100.7131779, "street_names": "", "highway_types": "residential", "in_degree": 4, "out_degree": 4, "fully_bidirectional": true, "traffic_signals": false, "junction": "", "minimum_branch_angle": 86.12, "maximum_branch_angle": 93.62, "cross_score": 0.9624, "likely_geometric_cross": true, "osm_url": "https://www.openstreetmap.org/node/6124182971", "branch_1_neighbor": "6124182972", "branch_1_bearing": 86.6, "branch_1_street": "", "branch_1_highway": "residential", "branch_2_neighbor": "6124182974", "branch_2_bearing": 172.72, "branch_2_street": "", "branch_2_highway": "residential", "branch_3_neighbor": "6124182898", "branch_3_bearing": 265.87, "branch_3_street": "", "branch_3_highway": "residential", "branch_4_neighbor": "6124182956", "branch_4_bearing": 352.98, "branch_4_street": "", "branch_4_highway": "residential" }, "geometry": { "type": "Point", "coordinates": [ 100.7131779, 13.8731636 ] } },
{ "type": "Feature", "properties": { "osm_node_id": "8061465720", "latitude": 13.8752018, "longitude": 100.7086171, "street_names": "ถนนปัญญาอินทรา", "highway_types": "residential", "in_degree": 2, "out_degree": 2, "fully_bidirectional": false, "traffic_signals": false, "junction": "", "minimum_branch_angle": 85.78, "maximum_branch_angle": 95.49, "cross_score": 0.9619, "likely_geometric_cross": true, "osm_url": "https://www.openstreetmap.org/node/8061465720", "branch_1_neighbor": "2558439623", "branch_1_bearing": 0.29, "branch_1_street": "ถนนปัญญาอินทรา", "branch_1_highway": "residential", "branch_2_neighbor": "6124182996", "branch_2_bearing": 86.07, "branch_2_street": "", "branch_2_highway": "residential", "branch_3_neighbor": "8061465718", "branch_3_bearing": 181.56, "branch_3_street": "ถนนปัญญาอินทรา", "branch_3_highway": "residential", "branch_4_neighbor": "8061465721", "branch_4_bearing": 268.92, "branch_4_street": "", "branch_4_highway": "residential" }, "geometry": { "type": "Point", "coordinates": [ 100.7086171, 13.8752018 ] } },
{ "type": "Feature", "properties": { "osm_node_id": "353334101", "latitude": 13.8337868, "longitude": 100.6970615, "street_names": "ซอยพระยาสุเรนทร์ 21", "highway_types": "residential", "in_degree": 4, "out_degree": 4, "fully_bidirectional": true, "traffic_signals": false, "junction": "", "minimum_branch_angle": 83.11, "maximum_branch_angle": 95.69, "cross_score": 0.9617, "likely_geometric_cross": true, "osm_url": "https://www.openstreetmap.org/node/353334101", "branch_1_neighbor": "3841938493", "branch_1_bearing": 67.67, "branch_1_street": "ซอยพระยาสุเรนทร์ 21", "branch_1_highway": "residential", "branch_2_neighbor": "6128822505", "branch_2_bearing": 163.36, "branch_2_street": "", "branch_2_highway": "residential", "branch_3_neighbor": "353334109", "branch_3_bearing": 246.47, "branch_3_street": "ซอยพระยาสุเรนทร์ 21", "branch_3_highway": "residential", "branch_4_neighbor": "353334452", "branch_4_bearing": 337.13, "branch_4_street": "", "branch_4_highway": "residential" }, "geometry": { "type": "Point", "coordinates": [ 100.6970615, 13.8337868 ] } },
{ "type": "Feature", "properties": { "osm_node_id": "6521877733", "latitude": 13.8495439, "longitude": 100.7155252, "street_names": "", "highway_types": "residential", "in_degree": 4, "out_degree": 4, "fully_bidirectional": true, "traffic_signals": false, "junction": "", "minimum_branch_angle": 86.31, "maximum_branch_angle": 93.68, "cross_score": 0.9617, "likely_geometric_cross": true, "osm_url": "https://www.openstreetmap.org/node/6521877733", "branch_1_neighbor": "6521877731", "branch_1_bearing": 85.18, "branch_1_street": "", "branch_1_highway": "residential", "branch_2_neighbor": "6521877736", "branch_2_bearing": 178.86, "branch_2_street": "", "branch_2_highway": "residential", "branch_3_neighbor": "6521877732", "branch_3_bearing": 265.66, "branch_3_street": "", "branch_3_highway": "residential", "branch_4_neighbor": "6521877730", "branch_4_bearing": 358.87, "branch_4_street": "", "branch_4_highway": "residential" }, "geometry": { "type": "Point", "coordinates": [ 100.7155252, 13.8495439 ] } },
{ "type": "Feature", "properties": { "osm_node_id": "8086897628", "latitude": 13.8491295, "longitude": 100.6947557, "street_names": "ถนนพระยาสุเรนทร์", "highway_types": "residential; tertiary", "in_degree": 2, "out_degree": 3, "fully_bidirectional": false, "traffic_signals": false, "junction": "", "minimum_branch_angle": 84.69, "maximum_branch_angle": 93.55, "cross_score": 0.9616, "likely_geometric_cross": true, "osm_url": "https://www.openstreetmap.org/node/8086897628", "branch_1_neighbor": "3841571610", "branch_1_bearing": 66.83, "branch_1_street": "", "branch_1_highway": "residential", "branch_2_neighbor": "8086897633", "branch_2_bearing": 155.23, "branch_2_street": "ถนนพระยาสุเรนทร์", "branch_2_highway": "tertiary", "branch_3_neighbor": "8236488050", "branch_3_bearing": 239.93, "branch_3_street": "", "branch_3_highway": "residential", "branch_4_neighbor": "8236488049", "branch_4_bearing": 333.48, "branch_4_street": "ถนนพระยาสุเรนทร์", "branch_4_highway": "tertiary" }, "geometry": { "type": "Point", "coordinates": [ 100.6947557, 13.8491295 ] } },
{ "type": "Feature", "properties": { "osm_node_id": "3841370446", "latitude": 13.8476239, "longitude": 100.7443229, "street_names": "", "highway_types": "residential", "in_degree": 4, "out_degree": 4, "fully_bidirectional": true, "traffic_signals": false, "junction": "", "minimum_branch_angle": 84.72, "maximum_branch_angle": 93.5, "cross_score": 0.9613, "likely_geometric_cross": true, "osm_url": "https://www.openstreetmap.org/node/3841370446", "branch_1_neighbor": "3841370449", "branch_1_bearing": 70.66, "branch_1_street": "", "branch_1_highway": "residential", "branch_2_neighbor": "3841370441", "branch_2_bearing": 164.13, "branch_2_street": "", "branch_2_highway": "residential", "branch_3_neighbor": "3841370439", "branch_3_bearing": 248.86, "branch_3_street": "", "branch_3_highway": "residential", "branch_4_neighbor": "3841370450", "branch_4_bearing": 342.36, "branch_4_street": "", "branch_4_highway": "residential" }, "geometry": { "type": "Point", "coordinates": [ 100.7443229, 13.8476239 ] } },
{ "type": "Feature", "properties": { "osm_node_id": "6497201615", "latitude": 13.8729894, "longitude": 100.6854791, "street_names": "ซอยพระยาสุเรนทร์ 50", "highway_types": "residential", "in_degree": 4, "out_degree": 4, "fully_bidirectional": true, "traffic_signals": false, "junction": "", "minimum_branch_angle": 83.79, "maximum_branch_angle": 95.65, "cross_score": 0.9613, "likely_geometric_cross": true, "osm_url": "https://www.openstreetmap.org/node/6497201615", "branch_1_neighbor": "6497201617", "branch_1_bearing": 76.61, "branch_1_street": "", "branch_1_highway": "residential", "branch_2_neighbor": "6497201616", "branch_2_bearing": 160.39, "branch_2_street": "ซอยพระยาสุเรนทร์ 50", "branch_2_highway": "residential", "branch_3_neighbor": "6497201623", "branch_3_bearing": 256.04, "branch_3_street": "", "branch_3_highway": "residential", "branch_4_neighbor": "6497201614", "branch_4_bearing": 345.28, "branch_4_street": "ซอยพระยาสุเรนทร์ 50", "branch_4_highway": "residential" }, "geometry": { "type": "Point", "coordinates": [ 100.6854791, 13.8729894 ] } },
{ "type": "Feature", "properties": { "osm_node_id": "353339473", "latitude": 13.8388216, "longitude": 100.6910742, "street_names": "", "highway_types": "residential", "in_degree": 3, "out_degree": 3, "fully_bidirectional": false, "traffic_signals": false, "junction": "", "minimum_branch_angle": 84.55, "maximum_branch_angle": 94.08, "cross_score": 0.9612, "likely_geometric_cross": true, "osm_url": "https://www.openstreetmap.org/node/353339473", "branch_1_neighbor": "353339504", "branch_1_bearing": 71.03, "branch_1_street": "", "branch_1_highway": "residential", "branch_2_neighbor": "353338418", "branch_2_bearing": 159.49, "branch_2_street": "", "branch_2_highway": "residential", "branch_3_neighbor": "353339471", "branch_3_bearing": 252.4, "branch_3_street": "", "branch_3_highway": "residential", "branch_4_neighbor": "353338415", "branch_4_bearing": 336.95, "branch_4_street": "", "branch_4_highway": "residential" }, "geometry": { "type": "Point", "coordinates": [ 100.6910742, 13.8388216 ] } },
{ "type": "Feature", "properties": { "osm_node_id": "2555247020", "latitude": 13.860918, "longitude": 100.7125678, "street_names": "ถนนเลียบคลองสอง", "highway_types": "residential; secondary", "in_degree": 2, "out_degree": 2, "fully_bidirectional": false, "traffic_signals": false, "junction": "", "minimum_branch_angle": 85.84, "maximum_branch_angle": 93.64, "cross_score": 0.9607, "likely_geometric_cross": true, "osm_url": "https://www.openstreetmap.org/node/2555247020", "branch_1_neighbor": "8144550820", "branch_1_bearing": 84.44, "branch_1_street": "ถนนเลียบคลองสอง", "branch_1_highway": "secondary", "branch_2_neighbor": "6117202199", "branch_2_bearing": 178.08, "branch_2_street": "", "branch_2_highway": "residential", "branch_3_neighbor": "3834869328", "branch_3_bearing": 265.16, "branch_3_street": "ถนนเลียบคลองสอง", "branch_3_highway": "secondary", "branch_4_neighbor": "2555247022", "branch_4_bearing": 358.59, "branch_4_street": "", "branch_4_highway": "residential" }, "geometry": { "type": "Point", "coordinates": [ 100.7125678, 13.860918 ] } },
{ "type": "Feature", "properties": { "osm_node_id": "8374271327", "latitude": 13.8814411, "longitude": 100.739737, "street_names": "", "highway_types": "residential", "in_degree": 4, "out_degree": 4, "fully_bidirectional": true, "traffic_signals": false, "junction": "", "minimum_branch_angle": 83.07, "maximum_branch_angle": 95.45, "cross_score": 0.9607, "likely_geometric_cross": true, "osm_url": "https://www.openstreetmap.org/node/8374271327", "branch_1_neighbor": "8437218689", "branch_1_bearing": 82.18, "branch_1_street": "", "branch_1_highway": "residential", "branch_2_neighbor": "8374271328", "branch_2_bearing": 173.8, "branch_2_street": "", "branch_2_highway": "residential", "branch_3_neighbor": "2373565246", "branch_3_bearing": 263.66, "branch_3_street": "", "branch_3_highway": "residential", "branch_4_neighbor": "8374271324", "branch_4_bearing": 359.11, "branch_4_street": "", "branch_4_highway": "residential" }, "geometry": { "type": "Point", "coordinates": [ 100.739737, 13.8814411 ] } },
{ "type": "Feature", "properties": { "osm_node_id": "3840011336", "latitude": 13.8493797, "longitude": 100.7188225, "street_names": "ซอยหทัยราษฎร์ 33", "highway_types": "residential", "in_degree": 4, "out_degree": 4, "fully_bidirectional": true, "traffic_signals": false, "junction": "", "minimum_branch_angle": 83.9, "maximum_branch_angle": 93.96, "cross_score": 0.96, "likely_geometric_cross": true, "osm_url": "https://www.openstreetmap.org/node/3840011336", "branch_1_neighbor": "8620208749", "branch_1_bearing": 82.67, "branch_1_street": "ซอยหทัยราษฎร์ 33", "branch_1_highway": "residential", "branch_2_neighbor": "3840011321", "branch_2_bearing": 176.63, "branch_2_street": "", "branch_2_highway": "residential", "branch_3_neighbor": "8344076424", "branch_3_bearing": 265.53, "branch_3_street": "ซอยหทัยราษฎร์ 33", "branch_3_highway": "residential", "branch_4_neighbor": "3840012472", "branch_4_bearing": 358.77, "branch_4_street": "", "branch_4_highway": "residential" }, "geometry": { "type": "Point", "coordinates": [ 100.7188225, 13.8493797 ] } },
{ "type": "Feature", "properties": { "osm_node_id": "7908343110", "latitude": 13.8527295, "longitude": 100.7028186, "street_names": "ถนนปัญญาอินทรา", "highway_types": "residential; tertiary", "in_degree": 2, "out_degree": 2, "fully_bidirectional": false, "traffic_signals": false, "junction": "", "minimum_branch_angle": 84.42, "maximum_branch_angle": 96.28, "cross_score": 0.96, "likely_geometric_cross": true, "osm_url": "https://www.openstreetmap.org/node/7908343110", "branch_1_neighbor": "8140770189", "branch_1_bearing": 84.17, "branch_1_street": "ถนนปัญญาอินทรา", "branch_1_highway": "tertiary", "branch_2_neighbor": "8140840723", "branch_2_bearing": 168.59, "branch_2_street": "", "branch_2_highway": "residential", "branch_3_neighbor": "8140820992", "branch_3_bearing": 264.87, "branch_3_street": "ถนนปัญญาอินทรา", "branch_3_highway": "tertiary", "branch_4_neighbor": "3840058934", "branch_4_bearing": 353.25, "branch_4_street": "", "branch_4_highway": "residential" }, "geometry": { "type": "Point", "coordinates": [ 100.7028186, 13.8527295 ] } },
{ "type": "Feature", "properties": { "osm_node_id": "6124183103", "latitude": 13.8742439, "longitude": 100.7084607, "street_names": "ถนนปัญญาอินทรา", "highway_types": "residential", "in_degree": 2, "out_degree": 2, "fully_bidirectional": false, "traffic_signals": false, "junction": "", "minimum_branch_angle": 83.43, "maximum_branch_angle": 94.34, "cross_score": 0.9598, "likely_geometric_cross": true, "osm_url": "https://www.openstreetmap.org/node/6124183103", "branch_1_neighbor": "8061465719", "branch_1_bearing": 1.96, "branch_1_street": "ถนนปัญญาอินทรา", "branch_1_highway": "residential", "branch_2_neighbor": "8061465716", "branch_2_bearing": 91.3, "branch_2_street": "", "branch_2_highway": "residential", "branch_3_neighbor": "8061465706", "branch_3_bearing": 184.19, "branch_3_street": "ถนนปัญญาอินทรา", "branch_3_highway": "residential", "branch_4_neighbor": "8061465710", "branch_4_bearing": 267.62, "branch_4_street": "", "branch_4_highway": "residential" }, "geometry": { "type": "Point", "coordinates": [ 100.7084607, 13.8742439 ] } },
{ "type": "Feature", "properties": { "osm_node_id": "3841912679", "latitude": 13.8361553, "longitude": 100.7163526, "street_names": "ซอยหทัยราษฎร์ 31", "highway_types": "residential", "in_degree": 4, "out_degree": 4, "fully_bidirectional": true, "traffic_signals": false, "junction": "", "minimum_branch_angle": 85.44, "maximum_branch_angle": 94.39, "cross_score": 0.9596, "likely_geometric_cross": true, "osm_url": "https://www.openstreetmap.org/node/3841912679", "branch_1_neighbor": "8080476820", "branch_1_bearing": 85.43, "branch_1_street": "ซอยหทัยราษฎร์ 31", "branch_1_highway": "residential", "branch_2_neighbor": "6124097022", "branch_2_bearing": 178.31, "branch_2_street": "", "branch_2_highway": "residential", "branch_3_neighbor": "11015093611", "branch_3_bearing": 263.75, "branch_3_street": "", "branch_3_highway": "residential", "branch_4_neighbor": "3841912685", "branch_4_bearing": 358.14, "branch_4_street": "", "branch_4_highway": "residential" }, "geometry": { "type": "Point", "coordinates": [ 100.7163526, 13.8361553 ] } },
{ "type": "Feature", "properties": { "osm_node_id": "3841547671", "latitude": 13.84729, "longitude": 100.7076928, "street_names": "", "highway_types": "residential", "in_degree": 4, "out_degree": 4, "fully_bidirectional": true, "traffic_signals": false, "junction": "", "minimum_branch_angle": 83.61, "maximum_branch_angle": 96.39, "cross_score": 0.9592, "likely_geometric_cross": true, "osm_url": "https://www.openstreetmap.org/node/3841547671", "branch_1_neighbor": "3841547672", "branch_1_bearing": 87.44, "branch_1_street": "", "branch_1_highway": "residential", "branch_2_neighbor": "3841547666", "branch_2_bearing": 178.4, "branch_2_street": "", "branch_2_highway": "residential", "branch_3_neighbor": "3841547669", "branch_3_bearing": 267.44, "branch_3_street": "", "branch_3_highway": "residential", "branch_4_neighbor": "3841547676", "branch_4_bearing": 351.05, "branch_4_street": "", "branch_4_highway": "residential" }, "geometry": { "type": "Point", "coordinates": [ 100.7076928, 13.84729 ] } },
{ "type": "Feature", "properties": { "osm_node_id": "3841938305", "latitude": 13.8303057, "longitude": 100.6951377, "street_names": "ซอย 2 มั่งมีศรีสุข", "highway_types": "residential", "in_degree": 4, "out_degree": 4, "fully_bidirectional": true, "traffic_signals": false, "junction": "", "minimum_branch_angle": 85.59, "maximum_branch_angle": 94.41, "cross_score": 0.9589, "likely_geometric_cross": true, "osm_url": "https://www.openstreetmap.org/node/3841938305", "branch_1_neighbor": "3841938311", "branch_1_bearing": 60.71, "branch_1_street": "", "branch_1_highway": "residential", "branch_2_neighbor": "8034727845", "branch_2_bearing": 153.7, "branch_2_street": "ซอย 2 มั่งมีศรีสุข", "branch_2_highway": "residential", "branch_3_neighbor": "3841938304", "branch_3_bearing": 240.71, "branch_3_street": "", "branch_3_highway": "residential", "branch_4_neighbor": "3841938319", "branch_4_bearing": 335.12, "branch_4_street": "ซอย 2 มั่งมีศรีสุข", "branch_4_highway": "residential" }, "geometry": { "type": "Point", "coordinates": [ 100.6951377, 13.8303057 ] } },
{ "type": "Feature", "properties": { "osm_node_id": "8341596612", "latitude": 13.8963268, "longitude": 100.7167691, "street_names": "", "highway_types": "residential", "in_degree": 4, "out_degree": 4, "fully_bidirectional": true, "traffic_signals": false, "junction": "", "minimum_branch_angle": 85.69, "maximum_branch_angle": 95.92, "cross_score": 0.9582, "likely_geometric_cross": true, "osm_url": "https://www.openstreetmap.org/node/8341596612", "branch_1_neighbor": "8341596611", "branch_1_bearing": 87.31, "branch_1_street": "", "branch_1_highway": "residential", "branch_2_neighbor": "8341609624", "branch_2_bearing": 174.09, "branch_2_street": "", "branch_2_highway": "residential", "branch_3_neighbor": "8341596613", "branch_3_bearing": 270.02, "branch_3_street": "", "branch_3_highway": "residential", "branch_4_neighbor": "8341596615", "branch_4_bearing": 355.7, "branch_4_street": "", "branch_4_highway": "residential" }, "geometry": { "type": "Point", "coordinates": [ 100.7167691, 13.8963268 ] } },
{ "type": "Feature", "properties": { "osm_node_id": "3841547661", "latitude": 13.8465497, "longitude": 100.7077184, "street_names": "", "highway_types": "residential", "in_degree": 4, "out_degree": 4, "fully_bidirectional": true, "traffic_signals": false, "junction": "", "minimum_branch_angle": 85.41, "maximum_branch_angle": 93.99, "cross_score": 0.9581, "likely_geometric_cross": true, "osm_url": "https://www.openstreetmap.org/node/3841547661", "branch_1_neighbor": "3841547662", "branch_1_bearing": 84.74, "branch_1_street": "", "branch_1_highway": "residential", "branch_2_neighbor": "3841547657", "branch_2_bearing": 178.73, "branch_2_street": "", "branch_2_highway": "residential", "branch_3_neighbor": "3841547659", "branch_3_bearing": 264.14, "branch_3_street": "", "branch_3_highway": "residential", "branch_4_neighbor": "3841547666", "branch_4_bearing": 357.7, "branch_4_street": "", "branch_4_highway": "residential" }, "geometry": { "type": "Point", "coordinates": [ 100.7077184, 13.8465497 ] } },
{ "type": "Feature", "properties": { "osm_node_id": "3840058764", "latitude": 13.8473092, "longitude": 100.6989918, "street_names": "", "highway_types": "residential", "in_degree": 4, "out_degree": 4, "fully_bidirectional": true, "traffic_signals": false, "junction": "", "minimum_branch_angle": 82.66, "maximum_branch_angle": 97.01, "cross_score": 0.9576, "likely_geometric_cross": true, "osm_url": "https://www.openstreetmap.org/node/3840058764", "branch_1_neighbor": "8140804536", "branch_1_bearing": 1.19, "branch_1_street": "", "branch_1_highway": "residential", "branch_2_neighbor": "7908343089", "branch_2_bearing": 98.2, "branch_2_street": "", "branch_2_highway": "residential", "branch_3_neighbor": "8295415653", "branch_3_bearing": 180.85, "branch_3_street": "", "branch_3_highway": "residential", "branch_4_neighbor": "3840087072", "branch_4_bearing": 270.56, "branch_4_street": "", "branch_4_highway": "residential" }, "geometry": { "type": "Point", "coordinates": [ 100.6989918, 13.8473092 ] } },
{ "type": "Feature", "properties": { "osm_node_id": "5869911059", "latitude": 13.8771704, "longitude": 100.7870936, "street_names": "แบนชโด 2", "highway_types": "residential", "in_degree": 4, "out_degree": 4, "fully_bidirectional": true, "traffic_signals": false, "junction": "", "minimum_branch_angle": 85.83, "maximum_branch_angle": 94.9, "cross_score": 0.9576, "likely_geometric_cross": true, "osm_url": "https://www.openstreetmap.org/node/5869911059", "branch_1_neighbor": "8236685595", "branch_1_bearing": 64.45, "branch_1_street": "แบนชโด 2", "branch_1_highway": "residential", "branch_2_neighbor": "8236911305", "branch_2_bearing": 159.35, "branch_2_street": "", "branch_2_highway": "residential", "branch_3_neighbor": "5867558472", "branch_3_bearing": 245.89, "branch_3_street": "แบนชโด 2", "branch_3_highway": "residential", "branch_4_neighbor": "8236685596", "branch_4_bearing": 338.62, "branch_4_street": "", "branch_4_highway": "residential" }, "geometry": { "type": "Point", "coordinates": [ 100.7870936, 13.8771704 ] } },
{ "type": "Feature", "properties": { "osm_node_id": "1669530698", "latitude": 13.8330777, "longitude": 100.7640554, "street_names": "ถนนประชาร่วมใจ", "highway_types": "residential; secondary", "in_degree": 4, "out_degree": 4, "fully_bidirectional": true, "traffic_signals": false, "junction": "", "minimum_branch_angle": 85.26, "maximum_branch_angle": 94.86, "cross_score": 0.9575, "likely_geometric_cross": true, "osm_url": "https://www.openstreetmap.org/node/1669530698", "branch_1_neighbor": "2739129044", "branch_1_bearing": 56.23, "branch_1_street": "ถนนประชาร่วมใจ", "branch_1_highway": "secondary", "branch_2_neighbor": "8181782175", "branch_2_bearing": 151.09, "branch_2_street": "", "branch_2_highway": "residential", "branch_3_neighbor": "5883246751", "branch_3_bearing": 238.18, "branch_3_street": "ถนนประชาร่วมใจ", "branch_3_highway": "secondary", "branch_4_neighbor": "5883318909", "branch_4_bearing": 330.97, "branch_4_street": "", "branch_4_highway": "residential" }, "geometry": { "type": "Point", "coordinates": [ 100.7640554, 13.8330777 ] } },
{ "type": "Feature", "properties": { "osm_node_id": "5817100950", "latitude": 13.8383603, "longitude": 100.7695821, "street_names": "ซอยประชาร่วมใจ 35", "highway_types": "residential", "in_degree": 4, "out_degree": 4, "fully_bidirectional": true, "traffic_signals": false, "junction": "", "minimum_branch_angle": 85.69, "maximum_branch_angle": 95.21, "cross_score": 0.9574, "likely_geometric_cross": true, "osm_url": "https://www.openstreetmap.org/node/5817100950", "branch_1_neighbor": "5817100948", "branch_1_bearing": 53.65, "branch_1_street": "", "branch_1_highway": "residential", "branch_2_neighbor": "5819567007", "branch_2_bearing": 146.1, "branch_2_street": "ซอยประชาร่วมใจ 35", "branch_2_highway": "residential", "branch_3_neighbor": "5817100938", "branch_3_bearing": 232.75, "branch_3_street": "", "branch_3_highway": "residential", "branch_4_neighbor": "5817100952", "branch_4_bearing": 327.96, "branch_4_street": "ซอยประชาร่วมใจ 35", "branch_4_highway": "residential" }, "geometry": { "type": "Point", "coordinates": [ 100.7695821, 13.8383603 ] } },
{ "type": "Feature", "properties": { "osm_node_id": "3841928483", "latitude": 13.8317948, "longitude": 100.7068963, "street_names": "", "highway_types": "residential", "in_degree": 4, "out_degree": 4, "fully_bidirectional": true, "traffic_signals": false, "junction": "", "minimum_branch_angle": 84.25, "maximum_branch_angle": 95.56, "cross_score": 0.9572, "likely_geometric_cross": true, "osm_url": "https://www.openstreetmap.org/node/3841928483", "branch_1_neighbor": "3841928501", "branch_1_bearing": 19.96, "branch_1_street": "", "branch_1_highway": "residential", "branch_2_neighbor": "3841928469", "branch_2_bearing": 115.52, "branch_2_street": "", "branch_2_highway": "residential", "branch_3_neighbor": "3841928466", "branch_3_bearing": 199.77, "branch_3_street": "", "branch_3_highway": "residential", "branch_4_neighbor": "3841928517", "branch_4_bearing": 287.81, "branch_4_street": "", "branch_4_highway": "residential" }, "geometry": { "type": "Point", "coordinates": [ 100.7068963, 13.8317948 ] } },
{ "type": "Feature", "properties": { "osm_node_id": "5817100948", "latitude": 13.8385438, "longitude": 100.7698389, "street_names": "", "highway_types": "residential", "in_degree": 4, "out_degree": 4, "fully_bidirectional": true, "traffic_signals": false, "junction": "", "minimum_branch_angle": 86.01, "maximum_branch_angle": 94.08, "cross_score": 0.957, "likely_geometric_cross": true, "osm_url": "https://www.openstreetmap.org/node/5817100948", "branch_1_neighbor": "5817100949", "branch_1_bearing": 53.56, "branch_1_street": "", "branch_1_highway": "residential", "branch_2_neighbor": "5819566970", "branch_2_bearing": 147.64, "branch_2_street": "", "branch_2_highway": "residential", "branch_3_neighbor": "5817100950", "branch_3_bearing": 233.65, "branch_3_street": "", "branch_3_highway": "residential", "branch_4_neighbor": "5817100947", "branch_4_bearing": 327.32, "branch_4_street": "", "branch_4_highway": "residential" }, "geometry": { "type": "Point", "coordinates": [ 100.7698389, 13.8385438 ] } },
{ "type": "Feature", "properties": { "osm_node_id": "3840058957", "latitude": 13.8542572, "longitude": 100.7077193, "street_names": "", "highway_types": "residential", "in_degree": 4, "out_degree": 4, "fully_bidirectional": true, "traffic_signals": false, "junction": "", "minimum_branch_angle": 85.89, "maximum_branch_angle": 97.77, "cross_score": 0.9568, "likely_geometric_cross": true, "osm_url": "https://www.openstreetmap.org/node/3840058957", "branch_1_neighbor": "3840058958", "branch_1_bearing": 91.25, "branch_1_street": "", "branch_1_highway": "residential", "branch_2_neighbor": "3840058947", "branch_2_bearing": 177.14, "branch_2_street": "", "branch_2_highway": "residential", "branch_3_neighbor": "3840058953", "branch_3_bearing": 265.41, "branch_3_street": "", "branch_3_highway": "residential", "branch_4_neighbor": "3840058967", "branch_4_bearing": 353.48, "branch_4_street": "", "branch_4_highway": "residential" }, "geometry": { "type": "Point", "coordinates": [ 100.7077193, 13.8542572 ] } },
{ "type": "Feature", "properties": { "osm_node_id": "5277017934", "latitude": 13.8709766, "longitude": 100.713313, "street_names": "", "highway_types": "residential", "in_degree": 4, "out_degree": 4, "fully_bidirectional": true, "traffic_signals": false, "junction": "", "minimum_branch_angle": 85.9, "maximum_branch_angle": 94.33, "cross_score": 0.9567, "likely_geometric_cross": true, "osm_url": "https://www.openstreetmap.org/node/5277017934", "branch_1_neighbor": "5277017933", "branch_1_bearing": 85.89, "branch_1_street": "", "branch_1_highway": "residential", "branch_2_neighbor": "5277017926", "branch_2_bearing": 179.35, "branch_2_street": "", "branch_2_highway": "residential", "branch_3_neighbor": "5277017932", "branch_3_bearing": 265.65, "branch_3_street": "", "branch_3_highway": "residential", "branch_4_neighbor": "5277017930", "branch_4_bearing": 359.99, "branch_4_street": "", "branch_4_highway": "residential" }, "geometry": { "type": "Point", "coordinates": [ 100.713313, 13.8709766 ] } },
{ "type": "Feature", "properties": { "osm_node_id": "3840100017", "latitude": 13.8544622, "longitude": 100.6836742, "street_names": "40 แยก 4", "highway_types": "residential", "in_degree": 4, "out_degree": 4, "fully_bidirectional": true, "traffic_signals": false, "junction": "", "minimum_branch_angle": 85.56, "maximum_branch_angle": 95.97, "cross_score": 0.9566, "likely_geometric_cross": true, "osm_url": "https://www.openstreetmap.org/node/3840100017", "branch_1_neighbor": "6129277193", "branch_1_bearing": 81.04, "branch_1_street": "", "branch_1_highway": "residential", "branch_2_neighbor": "3840099983", "branch_2_bearing": 177.01, "branch_2_street": "40 แยก 4", "branch_2_highway": "residential", "branch_3_neighbor": "6129277268", "branch_3_bearing": 262.57, "branch_3_street": "", "branch_3_highway": "residential", "branch_4_neighbor": "3840100087", "branch_4_bearing": 354.42, "branch_4_street": "", "branch_4_highway": "residential" }, "geometry": { "type": "Point", "coordinates": [ 100.6836742, 13.8544622 ] } },
{ "type": "Feature", "properties": { "osm_node_id": "8236500064", "latitude": 13.8765539, "longitude": 100.7857014, "street_names": "แบนชโด 2", "highway_types": "residential", "in_degree": 4, "out_degree": 4, "fully_bidirectional": true, "traffic_signals": false, "junction": "", "minimum_branch_angle": 85.44, "maximum_branch_angle": 94.73, "cross_score": 0.9556, "likely_geometric_cross": true, "osm_url": "https://www.openstreetmap.org/node/8236500064", "branch_1_neighbor": "5867558472", "branch_1_bearing": 65.14, "branch_1_street": "แบนชโด 2", "branch_1_highway": "residential", "branch_2_neighbor": "8236685567", "branch_2_bearing": 159.86, "branch_2_street": "", "branch_2_highway": "residential", "branch_3_neighbor": "5869911045", "branch_3_bearing": 246.43, "branch_3_street": "แบนชโด 2", "branch_3_highway": "residential", "branch_4_neighbor": "8236707019", "branch_4_bearing": 339.7, "branch_4_street": "", "branch_4_highway": "residential" }, "geometry": { "type": "Point", "coordinates": [ 100.7857014, 13.8765539 ] } },
{ "type": "Feature", "properties": { "osm_node_id": "6521880355", "latitude": 13.8520026, "longitude": 100.7154024, "street_names": "", "highway_types": "residential", "in_degree": 4, "out_degree": 4, "fully_bidirectional": true, "traffic_signals": false, "junction": "", "minimum_branch_angle": 85.73, "maximum_branch_angle": 94.26, "cross_score": 0.9553, "likely_geometric_cross": true, "osm_url": "https://www.openstreetmap.org/node/6521880355", "branch_1_neighbor": "6521880349", "branch_1_bearing": 82.83, "branch_1_street": "", "branch_1_highway": "residential", "branch_2_neighbor": "6521877715", "branch_2_bearing": 177.09, "branch_2_street": "", "branch_2_highway": "residential", "branch_3_neighbor": "6521880354", "branch_3_bearing": 263.3, "branch_3_street": "", "branch_3_highway": "residential", "branch_4_neighbor": "6521880357", "branch_4_bearing": 357.1, "branch_4_street": "", "branch_4_highway": "residential" }, "geometry": { "type": "Point", "coordinates": [ 100.7154024, 13.8520026 ] } },
{ "type": "Feature", "properties": { "osm_node_id": "6124182903", "latitude": 13.8754112, "longitude": 100.7093748, "street_names": "", "highway_types": "residential", "in_degree": 4, "out_degree": 4, "fully_bidirectional": true, "traffic_signals": false, "junction": "", "minimum_branch_angle": 83.88, "maximum_branch_angle": 95.23, "cross_score": 0.9552, "likely_geometric_cross": true, "osm_url": "https://www.openstreetmap.org/node/6124182903", "branch_1_neighbor": "6124182902", "branch_1_bearing": 85.72, "branch_1_street": "", "branch_1_highway": "residential", "branch_2_neighbor": "6124182996", "branch_2_bearing": 180.94, "branch_2_street": "", "branch_2_highway": "residential", "branch_3_neighbor": "6124182904", "branch_3_bearing": 264.82, "branch_3_street": "", "branch_3_highway": "residential", "branch_4_neighbor": "6124182906", "branch_4_bearing": 352.88, "branch_4_street": "", "branch_4_highway": "residential" }, "geometry": { "type": "Point", "coordinates": [ 100.7093748, 13.8754112 ] } },
{ "type": "Feature", "properties": { "osm_node_id": "3053347070", "latitude": 13.8689215, "longitude": 100.7121873, "street_names": "ชมนาด 13", "highway_types": "residential", "in_degree": 4, "out_degree": 4, "fully_bidirectional": true, "traffic_signals": false, "junction": "", "minimum_branch_angle": 82.52, "maximum_branch_angle": 96.79, "cross_score": 0.9548, "likely_geometric_cross": true, "osm_url": "https://www.openstreetmap.org/node/3053347070", "branch_1_neighbor": "3053347106", "branch_1_bearing": 88.89, "branch_1_street": "", "branch_1_highway": "residential", "branch_2_neighbor": "3053347127", "branch_2_bearing": 185.68, "branch_2_street": "", "branch_2_highway": "residential", "branch_3_neighbor": "3053347101", "branch_3_bearing": 268.2, "branch_3_street": "ชมนาด 13", "branch_3_highway": "residential", "branch_4_neighbor": "3053347443", "branch_4_bearing": 359.55, "branch_4_street": "", "branch_4_highway": "residential" }, "geometry": { "type": "Point", "coordinates": [ 100.7121873, 13.8689215 ] } },
{ "type": "Feature", "properties": { "osm_node_id": "2562521933", "latitude": 13.8754075, "longitude": 100.7205758, "street_names": "ซอย ๑๕; ซอย ๑๖", "highway_types": "residential", "in_degree": 4, "out_degree": 4, "fully_bidirectional": true, "traffic_signals": false, "junction": "", "minimum_branch_angle": 85.78, "maximum_branch_angle": 94.64, "cross_score": 0.9543, "likely_geometric_cross": true, "osm_url": "https://www.openstreetmap.org/node/2562521933", "branch_1_neighbor": "2562521937", "branch_1_bearing": 91.71, "branch_1_street": "ซอย ๑๖", "branch_1_highway": "residential", "branch_2_neighbor": "2562521943", "branch_2_bearing": 185.3, "branch_2_street": "", "branch_2_highway": "residential", "branch_3_neighbor": "8061345319", "branch_3_bearing": 271.28, "branch_3_street": "ซอย ๑๕", "branch_3_highway": "residential", "branch_4_neighbor": "2562521941", "branch_4_bearing": 357.06, "branch_4_street": "", "branch_4_highway": "residential" }, "geometry": { "type": "Point", "coordinates": [ 100.7205758, 13.8754075 ] } },
{ "type": "Feature", "properties": { "osm_node_id": "5869911045", "latitude": 13.876312, "longitude": 100.7851302, "street_names": "แบนชโด 2", "highway_types": "residential", "in_degree": 4, "out_degree": 4, "fully_bidirectional": true, "traffic_signals": false, "junction": "", "minimum_branch_angle": 84.64, "maximum_branch_angle": 94.21, "cross_score": 0.9543, "likely_geometric_cross": true, "osm_url": "https://www.openstreetmap.org/node/5869911045", "branch_1_neighbor": "8236500064", "branch_1_bearing": 66.43, "branch_1_street": "แบนชโด 2", "branch_1_highway": "residential", "branch_2_neighbor": "8236685554", "branch_2_bearing": 160.64, "branch_2_street": "", "branch_2_highway": "residential", "branch_3_neighbor": "8236707049", "branch_3_bearing": 245.28, "branch_3_street": "แบนชโด 2", "branch_3_highway": "residential", "branch_4_neighbor": "8236707029", "branch_4_bearing": 339.31, "branch_4_street": "", "branch_4_highway": "residential" }, "geometry": { "type": "Point", "coordinates": [ 100.7851302, 13.876312 ] } },
{ "type": "Feature", "properties": { "osm_node_id": "5877132772", "latitude": 13.9165751, "longitude": 100.7524784, "street_names": "", "highway_types": "residential", "in_degree": 4, "out_degree": 4, "fully_bidirectional": true, "traffic_signals": false, "junction": "", "minimum_branch_angle": 85.51, "maximum_branch_angle": 94.76, "cross_score": 0.9541, "likely_geometric_cross": true, "osm_url": "https://www.openstreetmap.org/node/5877132772", "branch_1_neighbor": "5877132775", "branch_1_bearing": 0.7, "branch_1_street": "", "branch_1_highway": "residential", "branch_2_neighbor": "8218385845", "branch_2_bearing": 95.45, "branch_2_street": "", "branch_2_highway": "residential", "branch_3_neighbor": "8226141282", "branch_3_bearing": 181.68, "branch_3_street": "", "branch_3_highway": "residential", "branch_4_neighbor": "5877132764", "branch_4_bearing": 275.19, "branch_4_street": "", "branch_4_highway": "residential" }, "geometry": { "type": "Point", "coordinates": [ 100.7524784, 13.9165751 ] } },
{ "type": "Feature", "properties": { "osm_node_id": "3053322530", "latitude": 13.8670334, "longitude": 100.7443685, "street_names": "", "highway_types": "residential", "in_degree": 4, "out_degree": 4, "fully_bidirectional": true, "traffic_signals": false, "junction": "", "minimum_branch_angle": 84.72, "maximum_branch_angle": 95.68, "cross_score": 0.9536, "likely_geometric_cross": true, "osm_url": "https://www.openstreetmap.org/node/3053322530", "branch_1_neighbor": "8157887973", "branch_1_bearing": 83.22, "branch_1_street": "", "branch_1_highway": "residential", "branch_2_neighbor": "8185707575", "branch_2_bearing": 178.9, "branch_2_street": "", "branch_2_highway": "residential", "branch_3_neighbor": "8157887974", "branch_3_bearing": 265.83, "branch_3_street": "", "branch_3_highway": "residential", "branch_4_neighbor": "3053324381", "branch_4_bearing": 358.5, "branch_4_street": "", "branch_4_highway": "residential" }, "geometry": { "type": "Point", "coordinates": [ 100.7443685, 13.8670334 ] } },
{ "type": "Feature", "properties": { "osm_node_id": "3017429961", "latitude": 13.8311443, "longitude": 100.7610659, "street_names": "ถนนประชาร่วมใจ", "highway_types": "residential; secondary", "in_degree": 4, "out_degree": 4, "fully_bidirectional": true, "traffic_signals": false, "junction": "", "minimum_branch_angle": 85.41, "maximum_branch_angle": 96.31, "cross_score": 0.9528, "likely_geometric_cross": true, "osm_url": "https://www.openstreetmap.org/node/3017429961", "branch_1_neighbor": "1669530692", "branch_1_bearing": 57.41, "branch_1_street": "ถนนประชาร่วมใจ", "branch_1_highway": "secondary", "branch_2_neighbor": "5883318906", "branch_2_bearing": 149.6, "branch_2_street": "", "branch_2_highway": "residential", "branch_3_neighbor": "5883318905", "branch_3_bearing": 235.02, "branch_3_street": "ถนนประชาร่วมใจ", "branch_3_highway": "secondary", "branch_4_neighbor": "3017429976", "branch_4_bearing": 331.33, "branch_4_street": "", "branch_4_highway": "residential" }, "geometry": { "type": "Point", "coordinates": [ 100.7610659, 13.8311443 ] } },
{ "type": "Feature", "properties": { "osm_node_id": "3841928405", "latitude": 13.8299871, "longitude": 100.706339, "street_names": "", "highway_types": "residential", "in_degree": 4, "out_degree": 4, "fully_bidirectional": true, "traffic_signals": false, "junction": "", "minimum_branch_angle": 84.29, "maximum_branch_angle": 96.91, "cross_score": 0.9523, "likely_geometric_cross": true, "osm_url": "https://www.openstreetmap.org/node/3841928405", "branch_1_neighbor": "8140459102", "branch_1_bearing": 3.63, "branch_1_street": "", "branch_1_highway": "residential", "branch_2_neighbor": "3841928408", "branch_2_bearing": 87.92, "branch_2_street": "", "branch_2_highway": "residential", "branch_3_neighbor": "3841928379", "branch_3_bearing": 179.58, "branch_3_street": "", "branch_3_highway": "residential", "branch_4_neighbor": "3841928435", "branch_4_bearing": 266.71, "branch_4_street": "", "branch_4_highway": "residential" }, "geometry": { "type": "Point", "coordinates": [ 100.706339, 13.8299871 ] } },
{ "type": "Feature", "properties": { "osm_node_id": "2552303325", "latitude": 13.8762411, "longitude": 100.7383026, "street_names": "ซอยนิมิตใหม่ 34", "highway_types": "residential", "in_degree": 4, "out_degree": 4, "fully_bidirectional": true, "traffic_signals": false, "junction": "", "minimum_branch_angle": 83.01, "maximum_branch_angle": 96.55, "cross_score": 0.9521, "likely_geometric_cross": true, "osm_url": "https://www.openstreetmap.org/node/2552303325", "branch_1_neighbor": "2552303338", "branch_1_bearing": 86.47, "branch_1_street": "", "branch_1_highway": "residential", "branch_2_neighbor": "2552303327", "branch_2_bearing": 178.54, "branch_2_street": "", "branch_2_highway": "residential", "branch_3_neighbor": "2552303318", "branch_3_bearing": 261.55, "branch_3_street": "", "branch_3_highway": "residential", "branch_4_neighbor": "2552303333", "branch_4_bearing": 358.09, "branch_4_street": "ซอยนิมิตใหม่ 34", "branch_4_highway": "residential" }, "geometry": { "type": "Point", "coordinates": [ 100.7383026, 13.8762411 ] } },
{ "type": "Feature", "properties": { "osm_node_id": "3834809000", "latitude": 13.8649629, "longitude": 100.7256153, "street_names": "", "highway_types": "residential", "in_degree": 4, "out_degree": 4, "fully_bidirectional": true, "traffic_signals": false, "junction": "", "minimum_branch_angle": 85.13, "maximum_branch_angle": 94.39, "cross_score": 0.952, "likely_geometric_cross": true, "osm_url": "https://www.openstreetmap.org/node/3834809000", "branch_1_neighbor": "3834809004", "branch_1_bearing": 78.66, "branch_1_street": "", "branch_1_highway": "residential", "branch_2_neighbor": "3834808983", "branch_2_bearing": 172.91, "branch_2_street": "", "branch_2_highway": "residential", "branch_3_neighbor": "3834808994", "branch_3_bearing": 258.04, "branch_3_street": "", "branch_3_highway": "residential", "branch_4_neighbor": "8341447650", "branch_4_bearing": 352.44, "branch_4_street": "", "branch_4_highway": "residential" }, "geometry": { "type": "Point", "coordinates": [ 100.7256153, 13.8649629 ] } },
{ "type": "Feature", "properties": { "osm_node_id": "3010327836", "latitude": 13.8353969, "longitude": 100.7675243, "street_names": "ซอยประชาร่วมใจ 33; ซอยประชาร่วมใจ 44; ถนนประชาร่วมใจ", "highway_types": "residential; secondary", "in_degree": 4, "out_degree": 4, "fully_bidirectional": true, "traffic_signals": false, "junction": "", "minimum_branch_angle": 85.64, "maximum_branch_angle": 94.39, "cross_score": 0.9519, "likely_geometric_cross": true, "osm_url": "https://www.openstreetmap.org/node/3010327836", "branch_1_neighbor": "5819567003", "branch_1_bearing": 55.26, "branch_1_street": "ถนนประชาร่วมใจ", "branch_1_highway": "secondary", "branch_2_neighbor": "3010327299", "branch_2_bearing": 149.52, "branch_2_street": "ซอยประชาร่วมใจ 44", "branch_2_highway": "residential", "branch_3_neighbor": "3010327329", "branch_3_bearing": 235.16, "branch_3_street": "ถนนประชาร่วมใจ", "branch_3_highway": "secondary", "branch_4_neighbor": "8182260087", "branch_4_bearing": 329.55, "branch_4_street": "ซอยประชาร่วมใจ 33", "branch_4_highway": "residential" }, "geometry": { "type": "Point", "coordinates": [ 100.7675243, 13.8353969 ] } },
{ "type": "Feature", "properties": { "osm_node_id": "3834869276", "latitude": 13.8587076, "longitude": 100.713818, "street_names": "", "highway_types": "residential", "in_degree": 3, "out_degree": 3, "fully_bidirectional": false, "traffic_signals": false, "junction": "", "minimum_branch_angle": 84.29, "maximum_branch_angle": 96.0, "cross_score": 0.9512, "likely_geometric_cross": true, "osm_url": "https://www.openstreetmap.org/node/3834869276", "branch_1_neighbor": "3834869277", "branch_1_bearing": 91.96, "branch_1_street": "", "branch_1_highway": "residential", "branch_2_neighbor": "3834869267", "branch_2_bearing": 178.89, "branch_2_street": "", "branch_2_highway": "residential", "branch_3_neighbor": "8144523513", "branch_3_bearing": 274.89, "branch_3_street": "", "branch_3_highway": "residential", "branch_4_neighbor": "3834869283", "branch_4_bearing": 359.18, "branch_4_street": "", "branch_4_highway": "residential" }, "geometry": { "type": "Point", "coordinates": [ 100.713818, 13.8587076 ] } },
{ "type": "Feature", "properties": { "osm_node_id": "6117202318", "latitude": 13.8469584, "longitude": 100.7117984, "street_names": "", "highway_types": "residential", "in_degree": 4, "out_degree": 4, "fully_bidirectional": true, "traffic_signals": false, "junction": "", "minimum_branch_angle": 85.48, "maximum_branch_angle": 95.24, "cross_score": 0.9512, "likely_geometric_cross": true, "osm_url": "https://www.openstreetmap.org/node/6117202318", "branch_1_neighbor": "6117202302", "branch_1_bearing": 2.17, "branch_1_street": "", "branch_1_highway": "residential", "branch_2_neighbor": "6521855223", "branch_2_bearing": 87.65, "branch_2_street": "", "branch_2_highway": "residential", "branch_3_neighbor": "6117202316", "branch_3_bearing": 182.89, "branch_3_street": "", "branch_3_highway": "residential", "branch_4_neighbor": "6117202319", "branch_4_bearing": 268.62, "branch_4_street": "", "branch_4_highway": "residential" }, "geometry": { "type": "Point", "coordinates": [ 100.7117984, 13.8469584 ] } },
{ "type": "Feature", "properties": { "osm_node_id": "8140821560", "latitude": 13.8545884, "longitude": 100.7070136, "street_names": "", "highway_types": "residential", "in_degree": 4, "out_degree": 4, "fully_bidirectional": true, "traffic_signals": false, "junction": "", "minimum_branch_angle": 84.93, "maximum_branch_angle": 94.55, "cross_score": 0.9507, "likely_geometric_cross": true, "osm_url": "https://www.openstreetmap.org/node/8140821560", "branch_1_neighbor": "7908280072", "branch_1_bearing": 85.82, "branch_1_street": "", "branch_1_highway": "residential", "branch_2_neighbor": "8140821558", "branch_2_bearing": 180.36, "branch_2_street": "", "branch_2_highway": "residential", "branch_3_neighbor": "8140821561", "branch_3_bearing": 265.29, "branch_3_street": "", "branch_3_highway": "residential", "branch_4_neighbor": "8141249882", "branch_4_bearing": 359.62, "branch_4_street": "", "branch_4_highway": "residential" }, "geometry": { "type": "Point", "coordinates": [ 100.7070136, 13.8545884 ] } },
{ "type": "Feature", "properties": { "osm_node_id": "3840099943", "latitude": 13.850968, "longitude": 100.6848357, "street_names": "ชัยพฤกษ์ B10; ชัยพฤกษ์ B7", "highway_types": "residential", "in_degree": 4, "out_degree": 4, "fully_bidirectional": true, "traffic_signals": false, "junction": "", "minimum_branch_angle": 83.02, "maximum_branch_angle": 96.09, "cross_score": 0.9505, "likely_geometric_cross": true, "osm_url": "https://www.openstreetmap.org/node/3840099943", "branch_1_neighbor": "3840099951", "branch_1_bearing": 3.49, "branch_1_street": "", "branch_1_highway": "residential", "branch_2_neighbor": "3840099942", "branch_2_bearing": 96.31, "branch_2_street": "ชัยพฤกษ์ B7", "branch_2_highway": "residential", "branch_3_neighbor": "3840099936", "branch_3_bearing": 192.4, "branch_3_street": "", "branch_3_highway": "residential", "branch_4_neighbor": "3840099944", "branch_4_bearing": 275.41, "branch_4_street": "ชัยพฤกษ์ B10", "branch_4_highway": "residential" }, "geometry": { "type": "Point", "coordinates": [ 100.6848357, 13.850968 ] } },
{ "type": "Feature", "properties": { "osm_node_id": "5877906824", "latitude": 13.891673, "longitude": 100.7600212, "street_names": "ซอย นิมิตรใหม่ 40", "highway_types": "residential", "in_degree": 4, "out_degree": 4, "fully_bidirectional": true, "traffic_signals": false, "junction": "", "minimum_branch_angle": 82.35, "maximum_branch_angle": 96.6, "cross_score": 0.9502, "likely_geometric_cross": true, "osm_url": "https://www.openstreetmap.org/node/5877906824", "branch_1_neighbor": "3053291601", "branch_1_bearing": 81.47, "branch_1_street": "ซอย นิมิตรใหม่ 40", "branch_1_highway": "residential", "branch_2_neighbor": "5877906820", "branch_2_bearing": 178.07, "branch_2_street": "", "branch_2_highway": "residential", "branch_3_neighbor": "3053291613", "branch_3_bearing": 260.42, "branch_3_street": "ซอย นิมิตรใหม่ 40", "branch_3_highway": "residential", "branch_4_neighbor": "5877906825", "branch_4_bearing": 352.78, "branch_4_street": "", "branch_4_highway": "residential" }, "geometry": { "type": "Point", "coordinates": [ 100.7600212, 13.891673 ] } },
{ "type": "Feature", "properties": { "osm_node_id": "8140776938", "latitude": 13.8528454, "longitude": 100.7047014, "street_names": "ถนนปัญญาอินทรา", "highway_types": "residential; tertiary", "in_degree": 2, "out_degree": 2, "fully_bidirectional": false, "traffic_signals": false, "junction": "", "minimum_branch_angle": 84.5, "maximum_branch_angle": 96.23, "cross_score": 0.95, "likely_geometric_cross": true, "osm_url": "https://www.openstreetmap.org/node/8140776938", "branch_1_neighbor": "6117202150", "branch_1_bearing": 84.99, "branch_1_street": "ถนนปัญญาอินทรา", "branch_1_highway": "tertiary", "branch_2_neighbor": "8140776939", "branch_2_bearing": 177.77, "branch_2_street": "", "branch_2_highway": "residential", "branch_3_neighbor": "8140840723", "branch_3_bearing": 264.26, "branch_3_street": "ถนนปัญญาอินทรา", "branch_3_highway": "tertiary", "branch_4_neighbor": "8140770189", "branch_4_bearing": 348.76, "branch_4_street": "", "branch_4_highway": "residential" }, "geometry": { "type": "Point", "coordinates": [ 100.7047014, 13.8528454 ] } },
{ "type": "Feature", "properties": { "osm_node_id": "8182279509", "latitude": 13.8703327, "longitude": 100.7689847, "street_names": "", "highway_types": "residential", "in_degree": 4, "out_degree": 4, "fully_bidirectional": true, "traffic_signals": false, "junction": "", "minimum_branch_angle": 82.84, "maximum_branch_angle": 96.59, "cross_score": 0.95, "likely_geometric_cross": true, "osm_url": "https://www.openstreetmap.org/node/8182279509", "branch_1_neighbor": "8182279508", "branch_1_bearing": 89.7, "branch_1_street": "", "branch_1_highway": "residential", "branch_2_neighbor": "8182279507", "branch_2_bearing": 177.86, "branch_2_street": "", "branch_2_highway": "residential", "branch_3_neighbor": "8182279510", "branch_3_bearing": 274.44, "branch_3_street": "", "branch_3_highway": "residential", "branch_4_neighbor": "8182279504", "branch_4_bearing": 357.29, "branch_4_street": "", "branch_4_highway": "residential" }, "geometry": { "type": "Point", "coordinates": [ 100.7689847, 13.8703327 ] } },
{ "type": "Feature", "properties": { "osm_node_id": "453493378", "latitude": 13.8368075, "longitude": 100.689383, "street_names": "", "highway_types": "residential", "in_degree": 4, "out_degree": 4, "fully_bidirectional": true, "traffic_signals": false, "junction": "", "minimum_branch_angle": 84.26, "maximum_branch_angle": 94.96, "cross_score": 0.9491, "likely_geometric_cross": true, "osm_url": "https://www.openstreetmap.org/node/453493378", "branch_1_neighbor": "353341343", "branch_1_bearing": 68.85, "branch_1_street": "", "branch_1_highway": "residential", "branch_2_neighbor": "353341247", "branch_2_bearing": 163.05, "branch_2_street": "", "branch_2_highway": "residential", "branch_3_neighbor": "3843413939", "branch_3_bearing": 249.63, "branch_3_street": "", "branch_3_highway": "residential", "branch_4_neighbor": "8166601154", "branch_4_bearing": 344.59, "branch_4_street": "", "branch_4_highway": "residential" }, "geometry": { "type": "Point", "coordinates": [ 100.689383, 13.8368075 ] } },
{ "type": "Feature", "properties": { "osm_node_id": "346616867", "latitude": 13.8589981, "longitude": 100.6932093, "street_names": "ถนนคู้บอน; ถนนพระยาสุเรนทร์; ถนนเลียบคลองสอง", "highway_types": "secondary; tertiary", "in_degree": 2, "out_degree": 2, "fully_bidirectional": false, "traffic_signals": true, "junction": "", "minimum_branch_angle": 84.77, "maximum_branch_angle": 95.7, "cross_score": 0.9486, "likely_geometric_cross": true, "osm_url": "https://www.openstreetmap.org/node/346616867", "branch_1_neighbor": "8086789255", "branch_1_bearing": 81.03, "branch_1_street": "ถนนเลียบคลองสอง", "branch_1_highway": "secondary", "branch_2_neighbor": "2555247039", "branch_2_bearing": 174.58, "branch_2_street": "ถนนพระยาสุเรนทร์", "branch_2_highway": "tertiary", "branch_3_neighbor": "8086897649", "branch_3_bearing": 260.56, "branch_3_street": "ถนนคู้บอน", "branch_3_highway": "secondary", "branch_4_neighbor": "518790496", "branch_4_bearing": 356.26, "branch_4_street": "ถนนพระยาสุเรนทร์", "branch_4_highway": "tertiary" }, "geometry": { "type": "Point", "coordinates": [ 100.6932093, 13.8589981 ] } },
{ "type": "Feature", "properties": { "osm_node_id": "6117202150", "latitude": 13.8528615, "longitude": 100.7048906, "street_names": "ถนนปัญญาอินทรา", "highway_types": "residential; tertiary", "in_degree": 2, "out_degree": 2, "fully_bidirectional": false, "traffic_signals": false, "junction": "", "minimum_branch_angle": 84.17, "maximum_branch_angle": 96.7, "cross_score": 0.9482, "likely_geometric_cross": true, "osm_url": "https://www.openstreetmap.org/node/6117202150", "branch_1_neighbor": "8140770191", "branch_1_bearing": 84.11, "branch_1_street": "ถนนปัญญาอินทรา", "branch_1_highway": "tertiary", "branch_2_neighbor": "8140776940", "branch_2_bearing": 180.82, "branch_2_street": "", "branch_2_highway": "residential", "branch_3_neighbor": "8140776938", "branch_3_bearing": 264.99, "branch_3_street": "ถนนปัญญาอินทรา", "branch_3_highway": "tertiary", "branch_4_neighbor": "7908343112", "branch_4_bearing": 351.49, "branch_4_street": "", "branch_4_highway": "residential" }, "geometry": { "type": "Point", "coordinates": [ 100.7048906, 13.8528615 ] } },
{ "type": "Feature", "properties": { "osm_node_id": "3841928460", "latitude": 13.8313122, "longitude": 100.7047288, "street_names": "", "highway_types": "residential", "in_degree": 4, "out_degree": 4, "fully_bidirectional": true, "traffic_signals": false, "junction": "", "minimum_branch_angle": 85.29, "maximum_branch_angle": 95.58, "cross_score": 0.948, "likely_geometric_cross": true, "osm_url": "https://www.openstreetmap.org/node/3841928460", "branch_1_neighbor": "8140459111", "branch_1_bearing": 30.26, "branch_1_street": "", "branch_1_highway": "residential", "branch_2_neighbor": "3841928439", "branch_2_bearing": 115.61, "branch_2_street": "", "branch_2_highway": "residential", "branch_3_neighbor": "3841928450", "branch_3_bearing": 209.39, "branch_3_street": "", "branch_3_highway": "residential", "branch_4_neighbor": "3841928479", "branch_4_bearing": 294.68, "branch_4_street": "", "branch_4_highway": "residential" }, "geometry": { "type": "Point", "coordinates": [ 100.7047288, 13.8313122 ] } },
{ "type": "Feature", "properties": { "osm_node_id": "3840058919", "latitude": 13.8526002, "longitude": 100.7021656, "street_names": "ถนนปัญญาอินทรา", "highway_types": "residential; tertiary", "in_degree": 3, "out_degree": 3, "fully_bidirectional": false, "traffic_signals": false, "junction": "", "minimum_branch_angle": 83.06, "maximum_branch_angle": 96.94, "cross_score": 0.9474, "likely_geometric_cross": true, "osm_url": "https://www.openstreetmap.org/node/3840058919", "branch_1_neighbor": "8140840722", "branch_1_bearing": 84.45, "branch_1_street": "ถนนปัญญาอินทรา", "branch_1_highway": "tertiary", "branch_2_neighbor": "3840058901", "branch_2_bearing": 181.39, "branch_2_street": "", "branch_2_highway": "residential", "branch_3_neighbor": "3840058885", "branch_3_bearing": 264.45, "branch_3_street": "ถนนปัญญาอินทรา", "branch_3_highway": "tertiary", "branch_4_neighbor": "7908343109", "branch_4_bearing": 351.93, "branch_4_street": "", "branch_4_highway": "residential" }, "geometry": { "type": "Point", "coordinates": [ 100.7021656, 13.8526002 ] } },
{ "type": "Feature", "properties": { "osm_node_id": "6117202433", "latitude": 13.8484539, "longitude": 100.708704, "street_names": "", "highway_types": "residential", "in_degree": 4, "out_degree": 4, "fully_bidirectional": true, "traffic_signals": false, "junction": "", "minimum_branch_angle": 83.24, "maximum_branch_angle": 96.78, "cross_score": 0.9474, "likely_geometric_cross": true, "osm_url": "https://www.openstreetmap.org/node/6117202433", "branch_1_neighbor": "6117202599", "branch_1_bearing": 0.09, "branch_1_street": "", "branch_1_highway": "residential", "branch_2_neighbor": "6117202597", "branch_2_bearing": 87.39, "branch_2_street": "", "branch_2_highway": "residential", "branch_3_neighbor": "6117202126", "branch_3_bearing": 170.62, "branch_3_street": "", "branch_3_highway": "residential", "branch_4_neighbor": "6117202596", "branch_4_bearing": 267.4, "branch_4_street": "", "branch_4_highway": "residential" }, "geometry": { "type": "Point", "coordinates": [ 100.708704, 13.8484539 ] } },
{ "type": "Feature", "properties": { "osm_node_id": "3835124931", "latitude": 13.8626229, "longitude": 100.6845981, "street_names": "", "highway_types": "residential", "in_degree": 4, "out_degree": 4, "fully_bidirectional": true, "traffic_signals": false, "junction": "", "minimum_branch_angle": 81.78, "maximum_branch_angle": 98.35, "cross_score": 0.9471, "likely_geometric_cross": true, "osm_url": "https://www.openstreetmap.org/node/3835124931", "branch_1_neighbor": "3835124942", "branch_1_bearing": 24.41, "branch_1_street": "", "branch_1_highway": "residential", "branch_2_neighbor": "3835124924", "branch_2_bearing": 106.19, "branch_2_street": "", "branch_2_highway": "residential", "branch_3_neighbor": "8011646048", "branch_3_bearing": 194.89, "branch_3_street": "", "branch_3_highway": "residential", "branch_4_neighbor": "3835124941", "branch_4_bearing": 286.07, "branch_4_street": "", "branch_4_highway": "residential" }, "geometry": { "type": "Point", "coordinates": [ 100.6845981, 13.8626229 ] } },
{ "type": "Feature", "properties": { "osm_node_id": "5936141596", "latitude": 13.9084564, "longitude": 100.6938936, "street_names": "", "highway_types": "residential", "in_degree": 3, "out_degree": 3, "fully_bidirectional": false, "traffic_signals": false, "junction": "", "minimum_branch_angle": 82.64, "maximum_branch_angle": 97.36, "cross_score": 0.947, "likely_geometric_cross": true, "osm_url": "https://www.openstreetmap.org/node/5936141596", "branch_1_neighbor": "5936141599", "branch_1_bearing": 53.27, "branch_1_street": "", "branch_1_highway": "residential", "branch_2_neighbor": "5936141597", "branch_2_bearing": 135.91, "branch_2_street": "", "branch_2_highway": "residential", "branch_3_neighbor": "5936141592", "branch_3_bearing": 233.27, "branch_3_street": "", "branch_3_highway": "residential", "branch_4_neighbor": "5936141595", "branch_4_bearing": 325.45, "branch_4_street": "", "branch_4_highway": "residential" }, "geometry": { "type": "Point", "coordinates": [ 100.6938936, 13.9084564 ] } },
{ "type": "Feature", "properties": { "osm_node_id": "3834808994", "latitude": 13.8648824, "longitude": 100.7252529, "street_names": "", "highway_types": "residential", "in_degree": 4, "out_degree": 4, "fully_bidirectional": true, "traffic_signals": false, "junction": "", "minimum_branch_angle": 84.4, "maximum_branch_angle": 95.66, "cross_score": 0.9467, "likely_geometric_cross": true, "osm_url": "https://www.openstreetmap.org/node/3834808994", "branch_1_neighbor": "3834809000", "branch_1_bearing": 76.17, "branch_1_street": "", "branch_1_highway": "residential", "branch_2_neighbor": "8341413212", "branch_2_bearing": 171.83, "branch_2_street": "", "branch_2_highway": "residential", "branch_3_neighbor": "3834808990", "branch_3_bearing": 257.85, "branch_3_street": "", "branch_3_highway": "residential", "branch_4_neighbor": "3834809013", "branch_4_bearing": 351.77, "branch_4_street": "", "branch_4_highway": "residential" }, "geometry": { "type": "Point", "coordinates": [ 100.7252529, 13.8648824 ] } },
{ "type": "Feature", "properties": { "osm_node_id": "3841571584", "latitude": 13.8424537, "longitude": 100.6926191, "street_names": "", "highway_types": "residential", "in_degree": 3, "out_degree": 3, "fully_bidirectional": false, "traffic_signals": false, "junction": "", "minimum_branch_angle": 83.45, "maximum_branch_angle": 95.11, "cross_score": 0.9459, "likely_geometric_cross": true, "osm_url": "https://www.openstreetmap.org/node/3841571584", "branch_1_neighbor": "353338748", "branch_1_bearing": 46.81, "branch_1_street": "", "branch_1_highway": "residential", "branch_2_neighbor": "3841571579", "branch_2_bearing": 133.63, "branch_2_street": "", "branch_2_highway": "residential", "branch_3_neighbor": "353339701", "branch_3_bearing": 228.74, "branch_3_street": "", "branch_3_highway": "residential", "branch_4_neighbor": "3841571585", "branch_4_bearing": 312.18, "branch_4_street": "", "branch_4_highway": "residential" }, "geometry": { "type": "Point", "coordinates": [ 100.6926191, 13.8424537 ] } },
{ "type": "Feature", "properties": { "osm_node_id": "8140820992", "latitude": 13.8527203, "longitude": 100.702713, "street_names": "ถนนปัญญาอินทรา", "highway_types": "residential; tertiary", "in_degree": 2, "out_degree": 2, "fully_bidirectional": false, "traffic_signals": false, "junction": "", "minimum_branch_angle": 80.93, "maximum_branch_angle": 99.03, "cross_score": 0.9455, "likely_geometric_cross": true, "osm_url": "https://www.openstreetmap.org/node/8140820992", "branch_1_neighbor": "7908343110", "branch_1_bearing": 84.87, "branch_1_street": "ถนนปัญญาอินทรา", "branch_1_highway": "tertiary", "branch_2_neighbor": "8140840722", "branch_2_bearing": 165.81, "branch_2_street": "", "branch_2_highway": "residential", "branch_3_neighbor": "7908343109", "branch_3_bearing": 264.84, "branch_3_street": "ถนนปัญญาอินทรา", "branch_3_highway": "tertiary", "branch_4_neighbor": "8140820993", "branch_4_bearing": 354.09, "branch_4_street": "", "branch_4_highway": "residential" }, "geometry": { "type": "Point", "coordinates": [ 100.702713, 13.8527203 ] } },
{ "type": "Feature", "properties": { "osm_node_id": "8144706262", "latitude": 13.8633617, "longitude": 100.7085702, "street_names": "", "highway_types": "residential", "in_degree": 3, "out_degree": 3, "fully_bidirectional": false, "traffic_signals": false, "junction": "", "minimum_branch_angle": 80.36, "maximum_branch_angle": 99.61, "cross_score": 0.9448, "likely_geometric_cross": true, "osm_url": "https://www.openstreetmap.org/node/8144706262", "branch_1_neighbor": "8144706265", "branch_1_bearing": 89.32, "branch_1_street": "", "branch_1_highway": "residential", "branch_2_neighbor": "8144706266", "branch_2_bearing": 179.64, "branch_2_street": "", "branch_2_highway": "residential", "branch_3_neighbor": "3834973557", "branch_3_bearing": 260.01, "branch_3_street": "", "branch_3_highway": "residential", "branch_4_neighbor": "3834973563", "branch_4_bearing": 359.62, "branch_4_street": "", "branch_4_highway": "residential" }, "geometry": { "type": "Point", "coordinates": [ 100.7085702, 13.8633617 ] } },
{ "type": "Feature", "properties": { "osm_node_id": "8292064663", "latitude": 13.8766255, "longitude": 100.7205342, "street_names": "ซอยหทัยราษฎร์ 37", "highway_types": "residential", "in_degree": 4, "out_degree": 4, "fully_bidirectional": true, "traffic_signals": false, "junction": "", "minimum_branch_angle": 84.33, "maximum_branch_angle": 95.93, "cross_score": 0.9447, "likely_geometric_cross": true, "osm_url": "https://www.openstreetmap.org/node/8292064663", "branch_1_neighbor": "2562522048", "branch_1_bearing": 0.02, "branch_1_street": "", "branch_1_highway": "residential", "branch_2_neighbor": "8292064664", "branch_2_bearing": 94.05, "branch_2_street": "ซอยหทัยราษฎร์ 37", "branch_2_highway": "residential", "branch_3_neighbor": "2562521939", "branch_3_bearing": 178.38, "branch_3_street": "", "branch_3_highway": "residential", "branch_4_neighbor": "2562521912", "branch_4_bearing": 274.31, "branch_4_street": "", "branch_4_highway": "residential" }, "geometry": { "type": "Point", "coordinates": [ 100.7205342, 13.8766255 ] } },
{ "type": "Feature", "properties": { "osm_node_id": "3841928255", "latitude": 13.8288332, "longitude": 100.7064113, "street_names": "", "highway_types": "residential", "in_degree": 4, "out_degree": 4, "fully_bidirectional": true, "traffic_signals": false, "junction": "", "minimum_branch_angle": 83.61, "maximum_branch_angle": 99.32, "cross_score": 0.9445, "likely_geometric_cross": true, "osm_url": "https://www.openstreetmap.org/node/3841928255", "branch_1_neighbor": "3845126968", "branch_1_bearing": 91.76, "branch_1_street": "", "branch_1_highway": "residential", "branch_2_neighbor": "3845126964", "branch_2_bearing": 182.44, "branch_2_street": "", "branch_2_highway": "residential", "branch_3_neighbor": "3845126976", "branch_3_bearing": 268.83, "branch_3_street": "", "branch_3_highway": "residential", "branch_4_neighbor": "3841928362", "branch_4_bearing": 352.44, "branch_4_street": "", "branch_4_highway": "residential" }, "geometry": { "type": "Point", "coordinates": [ 100.7064113, 13.8288332 ] } },
{ "type": "Feature", "properties": { "osm_node_id": "5941658256", "latitude": 13.8956484, "longitude": 100.7134093, "street_names": "ถนนไทยรามัญ", "highway_types": "residential; tertiary", "in_degree": 4, "out_degree": 4, "fully_bidirectional": true, "traffic_signals": false, "junction": "", "minimum_branch_angle": 84.58, "maximum_branch_angle": 95.32, "cross_score": 0.9443, "likely_geometric_cross": true, "osm_url": "https://www.openstreetmap.org/node/5941658256", "branch_1_neighbor": "6131175727", "branch_1_bearing": 81.31, "branch_1_street": "ถนนไทยรามัญ", "branch_1_highway": "tertiary", "branch_2_neighbor": "8424633763", "branch_2_bearing": 176.03, "branch_2_street": "", "branch_2_highway": "residential", "branch_3_neighbor": "5935920698", "branch_3_bearing": 261.41, "branch_3_street": "ถนนไทยรามัญ", "branch_3_highway": "tertiary", "branch_4_neighbor": "5941658254", "branch_4_bearing": 356.73, "branch_4_street": "", "branch_4_highway": "residential" }, "geometry": { "type": "Point", "coordinates": [ 100.7134093, 13.8956484 ] } },
{ "type": "Feature", "properties": { "osm_node_id": "8232831015", "latitude": 13.857505, "longitude": 100.7885228, "street_names": "แบนชโด 1", "highway_types": "residential", "in_degree": 4, "out_degree": 4, "fully_bidirectional": true, "traffic_signals": false, "junction": "", "minimum_branch_angle": 84.58, "maximum_branch_angle": 97.0, "cross_score": 0.944, "likely_geometric_cross": true, "osm_url": "https://www.openstreetmap.org/node/8232831015", "branch_1_neighbor": "5867337043", "branch_1_bearing": 62.31, "branch_1_street": "แบนชโด 1", "branch_1_highway": "residential", "branch_2_neighbor": "8232831012", "branch_2_bearing": 155.39, "branch_2_street": "", "branch_2_highway": "residential", "branch_3_neighbor": "5867167855", "branch_3_bearing": 239.97, "branch_3_street": "แบนชโด 1", "branch_3_highway": "residential", "branch_4_neighbor": "8236331127", "branch_4_bearing": 336.97, "branch_4_street": "", "branch_4_highway": "residential" }, "geometry": { "type": "Point", "coordinates": [ 100.7885228, 13.857505 ] } },
{ "type": "Feature", "properties": { "osm_node_id": "3012564666", "latitude": 13.8466951, "longitude": 100.7908739, "street_names": "ซอยประชาร่วมใจ 63; ถนนประชาร่วมใจ", "highway_types": "residential; secondary", "in_degree": 4, "out_degree": 4, "fully_bidirectional": true, "traffic_signals": false, "junction": "", "minimum_branch_angle": 84.73, "maximum_branch_angle": 95.22, "cross_score": 0.9438, "likely_geometric_cross": true, "osm_url": "https://www.openstreetmap.org/node/3012564666", "branch_1_neighbor": "3013648359", "branch_1_bearing": 59.62, "branch_1_street": "ถนนประชาร่วมใจ", "branch_1_highway": "secondary", "branch_2_neighbor": "8229987594", "branch_2_bearing": 154.85, "branch_2_street": "", "branch_2_highway": "residential", "branch_3_neighbor": "5867038294", "branch_3_bearing": 240.0, "branch_3_street": "ถนนประชาร่วมใจ", "branch_3_highway": "secondary", "branch_4_neighbor": "5867038153", "branch_4_bearing": 334.89, "branch_4_street": "ซอยประชาร่วมใจ 63", "branch_4_highway": "residential" }, "geometry": { "type": "Point", "coordinates": [ 100.7908739, 13.8466951 ] } },
{ "type": "Feature", "properties": { "osm_node_id": "3845126937", "latitude": 13.8277455, "longitude": 100.7060974, "street_names": "", "highway_types": "residential", "in_degree": 4, "out_degree": 4, "fully_bidirectional": true, "traffic_signals": false, "junction": "", "minimum_branch_angle": 83.23, "maximum_branch_angle": 96.77, "cross_score": 0.9437, "likely_geometric_cross": true, "osm_url": "https://www.openstreetmap.org/node/3845126937", "branch_1_neighbor": "3845126951", "branch_1_bearing": 12.92, "branch_1_street": "", "branch_1_highway": "residential", "branch_2_neighbor": "3845126926", "branch_2_bearing": 106.27, "branch_2_street": "", "branch_2_highway": "residential", "branch_3_neighbor": "3845126924", "branch_3_bearing": 192.91, "branch_3_street": "", "branch_3_highway": "residential", "branch_4_neighbor": "3845126944", "branch_4_bearing": 289.69, "branch_4_street": "", "branch_4_highway": "residential" }, "geometry": { "type": "Point", "coordinates": [ 100.7060974, 13.8277455 ] } },
{ "type": "Feature", "properties": { "osm_node_id": "7990396143", "latitude": 13.873352, "longitude": 100.7085654, "street_names": "ถนนปัญญาอินทรา", "highway_types": "residential", "in_degree": 2, "out_degree": 2, "fully_bidirectional": false, "traffic_signals": false, "junction": "", "minimum_branch_angle": 80.74, "maximum_branch_angle": 99.28, "cross_score": 0.9437, "likely_geometric_cross": true, "osm_url": "https://www.openstreetmap.org/node/7990396143", "branch_1_neighbor": "7990396145", "branch_1_bearing": 1.53, "branch_1_street": "ถนนปัญญาอินทรา", "branch_1_highway": "residential", "branch_2_neighbor": "7990396138", "branch_2_bearing": 82.27, "branch_2_street": "", "branch_2_highway": "residential", "branch_3_neighbor": "5277015177", "branch_3_bearing": 181.56, "branch_3_street": "ถนนปัญญาอินทรา", "branch_3_highway": "residential", "branch_4_neighbor": "7990396137", "branch_4_bearing": 270.67, "branch_4_street": "", "branch_4_highway": "residential" }, "geometry": { "type": "Point", "coordinates": [ 100.7085654, 13.873352 ] } },
{ "type": "Feature", "properties": { "osm_node_id": "5867558472", "latitude": 13.8768933, "longitude": 100.7864559, "street_names": "แบนชโด 2", "highway_types": "residential", "in_degree": 4, "out_degree": 4, "fully_bidirectional": true, "traffic_signals": false, "junction": "", "minimum_branch_angle": 84.87, "maximum_branch_angle": 95.87, "cross_score": 0.9433, "likely_geometric_cross": true, "osm_url": "https://www.openstreetmap.org/node/5867558472", "branch_1_neighbor": "5869911059", "branch_1_bearing": 65.89, "branch_1_street": "แบนชโด 2", "branch_1_highway": "residential", "branch_2_neighbor": "8236911316", "branch_2_bearing": 160.21, "branch_2_street": "", "branch_2_highway": "residential", "branch_3_neighbor": "8236500064", "branch_3_bearing": 245.14, "branch_3_street": "แบนชโด 2", "branch_3_highway": "residential", "branch_4_neighbor": "8236707017", "branch_4_bearing": 341.01, "branch_4_street": "", "branch_4_highway": "residential" }, "geometry": { "type": "Point", "coordinates": [ 100.7864559, 13.8768933 ] } },
{ "type": "Feature", "properties": { "osm_node_id": "3841912711", "latitude": 13.8377602, "longitude": 100.7195703, "street_names": "", "highway_types": "residential", "in_degree": 4, "out_degree": 4, "fully_bidirectional": true, "traffic_signals": false, "junction": "", "minimum_branch_angle": 82.6, "maximum_branch_angle": 99.06, "cross_score": 0.9432, "likely_geometric_cross": true, "osm_url": "https://www.openstreetmap.org/node/3841912711", "branch_1_neighbor": "3841912722", "branch_1_bearing": 4.65, "branch_1_street": "", "branch_1_highway": "residential", "branch_2_neighbor": "8080761952", "branch_2_bearing": 95.81, "branch_2_street": "", "branch_2_highway": "residential", "branch_3_neighbor": "3841912699", "branch_3_bearing": 182.98, "branch_3_street": "", "branch_3_highway": "residential", "branch_4_neighbor": "3841912701", "branch_4_bearing": 265.58, "branch_4_street": "", "branch_4_highway": "residential" }, "geometry": { "type": "Point", "coordinates": [ 100.7195703, 13.8377602 ] } },
{ "type": "Feature", "properties": { "osm_node_id": "5935920826", "latitude": 13.9075822, "longitude": 100.7157375, "street_names": "", "highway_types": "residential", "in_degree": 3, "out_degree": 3, "fully_bidirectional": false, "traffic_signals": false, "junction": "", "minimum_branch_angle": 84.69, "maximum_branch_angle": 96.31, "cross_score": 0.9427, "likely_geometric_cross": true, "osm_url": "https://www.openstreetmap.org/node/5935920826", "branch_1_neighbor": "5935849061", "branch_1_bearing": 85.35, "branch_1_street": "", "branch_1_highway": "residential", "branch_2_neighbor": "5935920823", "branch_2_bearing": 170.35, "branch_2_street": "", "branch_2_highway": "residential", "branch_3_neighbor": "5935849071", "branch_3_bearing": 266.66, "branch_3_street": "", "branch_3_highway": "residential", "branch_4_neighbor": "5935849073", "branch_4_bearing": 351.35, "branch_4_street": "", "branch_4_highway": "residential" }, "geometry": { "type": "Point", "coordinates": [ 100.7157375, 13.9075822 ] } },
{ "type": "Feature", "properties": { "osm_node_id": "1669530708", "latitude": 13.8365706, "longitude": 100.7693233, "street_names": "ถนนประชาร่วมใจ", "highway_types": "residential; secondary", "in_degree": 4, "out_degree": 4, "fully_bidirectional": true, "traffic_signals": false, "junction": "", "minimum_branch_angle": 82.27, "maximum_branch_angle": 98.01, "cross_score": 0.9417, "likely_geometric_cross": true, "osm_url": "https://www.openstreetmap.org/node/1669530708", "branch_1_neighbor": "5819567030", "branch_1_bearing": 58.8, "branch_1_street": "ถนนประชาร่วมใจ", "branch_1_highway": "secondary", "branch_2_neighbor": "8061955681", "branch_2_bearing": 146.03, "branch_2_street": "", "branch_2_highway": "residential", "branch_3_neighbor": "5819567044", "branch_3_bearing": 238.51, "branch_3_street": "ถนนประชาร่วมใจ", "branch_3_highway": "secondary", "branch_4_neighbor": "5819566973", "branch_4_bearing": 320.78, "branch_4_street": "", "branch_4_highway": "residential" }, "geometry": { "type": "Point", "coordinates": [ 100.7693233, 13.8365706 ] } },
{ "type": "Feature", "properties": { "osm_node_id": "2553894566", "latitude": 13.8597564, "longitude": 100.7318185, "street_names": "ถนนนิมิตใหม่; ถนนหทัยมิตร", "highway_types": "primary; tertiary; tertiary_link", "in_degree": 3, "out_degree": 3, "fully_bidirectional": false, "traffic_signals": true, "junction": "", "minimum_branch_angle": 82.84, "maximum_branch_angle": 95.44, "cross_score": 0.941, "likely_geometric_cross": true, "osm_url": "https://www.openstreetmap.org/node/2553894566", "branch_1_neighbor": "2553894567", "branch_1_bearing": 85.06, "branch_1_street": "ถนนหทัยมิตร", "branch_1_highway": "tertiary_link", "branch_2_neighbor": "3839892583", "branch_2_bearing": 180.23, "branch_2_street": "ถนนนิมิตใหม่", "branch_2_highway": "primary", "branch_3_neighbor": "8370357070", "branch_3_bearing": 263.07, "branch_3_street": "ถนนหทัยมิตร", "branch_3_highway": "tertiary", "branch_4_neighbor": "5877927110", "branch_4_bearing": 358.51, "branch_4_street": "ถนนนิมิตใหม่", "branch_4_highway": "primary" }, "geometry": { "type": "Point", "coordinates": [ 100.7318185, 13.8597564 ] } },
{ "type": "Feature", "properties": { "osm_node_id": "3053328212", "latitude": 13.857011, "longitude": 100.7437753, "street_names": "วัดสุขใจ 10", "highway_types": "residential", "in_degree": 4, "out_degree": 4, "fully_bidirectional": true, "traffic_signals": false, "junction": "", "minimum_branch_angle": 84.15, "maximum_branch_angle": 95.8, "cross_score": 0.9408, "likely_geometric_cross": true, "osm_url": "https://www.openstreetmap.org/node/3053328212", "branch_1_neighbor": "3839860456", "branch_1_bearing": 78.14, "branch_1_street": "", "branch_1_highway": "residential", "branch_2_neighbor": "3053328220", "branch_2_bearing": 173.0, "branch_2_street": "วัดสุขใจ 10", "branch_2_highway": "residential", "branch_3_neighbor": "5877834628", "branch_3_bearing": 268.8, "branch_3_street": "", "branch_3_highway": "residential", "branch_4_neighbor": "8158103182", "branch_4_bearing": 352.95, "branch_4_street": "วัดสุขใจ 10", "branch_4_highway": "residential" }, "geometry": { "type": "Point", "coordinates": [ 100.7437753, 13.857011 ] } },
{ "type": "Feature", "properties": { "osm_node_id": "5259000588", "latitude": 13.8494595, "longitude": 100.71948, "street_names": "Romthip Park Alley; ซอยหทัยราษฎร์ 33", "highway_types": "residential", "in_degree": 4, "out_degree": 4, "fully_bidirectional": true, "traffic_signals": false, "junction": "", "minimum_branch_angle": 83.65, "maximum_branch_angle": 95.82, "cross_score": 0.9408, "likely_geometric_cross": true, "osm_url": "https://www.openstreetmap.org/node/5259000588", "branch_1_neighbor": "1726187780", "branch_1_bearing": 81.65, "branch_1_street": "ซอยหทัยราษฎร์ 33", "branch_1_highway": "residential", "branch_2_neighbor": "5259000587", "branch_2_bearing": 177.47, "branch_2_street": "Romthip Park Alley", "branch_2_highway": "residential", "branch_3_neighbor": "8620208749", "branch_3_bearing": 263.16, "branch_3_street": "ซอยหทัยราษฎร์ 33", "branch_3_highway": "residential", "branch_4_neighbor": "7324137041", "branch_4_bearing": 358.0, "branch_4_street": "", "branch_4_highway": "residential" }, "geometry": { "type": "Point", "coordinates": [ 100.71948, 13.8494595 ] } },
{ "type": "Feature", "properties": { "osm_node_id": "353339019", "latitude": 13.8416372, "longitude": 100.6914099, "street_names": "", "highway_types": "residential", "in_degree": 3, "out_degree": 3, "fully_bidirectional": false, "traffic_signals": false, "junction": "", "minimum_branch_angle": 81.77, "maximum_branch_angle": 97.83, "cross_score": 0.9407, "likely_geometric_cross": true, "osm_url": "https://www.openstreetmap.org/node/353339019", "branch_1_neighbor": "353339699", "branch_1_bearing": 48.72, "branch_1_street": "", "branch_1_highway": "residential", "branch_2_neighbor": "353339020", "branch_2_bearing": 136.28, "branch_2_street": "", "branch_2_highway": "residential", "branch_3_neighbor": "353338744", "branch_3_bearing": 229.12, "branch_3_street": "", "branch_3_highway": "residential", "branch_4_neighbor": "353339166", "branch_4_bearing": 310.89, "branch_4_street": "", "branch_4_highway": "residential" }, "geometry": { "type": "Point", "coordinates": [ 100.6914099, 13.8416372 ] } },
{ "type": "Feature", "properties": { "osm_node_id": "3834868746", "latitude": 13.8573637, "longitude": 100.7138582, "street_names": "", "highway_types": "residential", "in_degree": 3, "out_degree": 3, "fully_bidirectional": false, "traffic_signals": false, "junction": "", "minimum_branch_angle": 83.18, "maximum_branch_angle": 96.43, "cross_score": 0.9401, "likely_geometric_cross": true, "osm_url": "https://www.openstreetmap.org/node/3834868746", "branch_1_neighbor": "3834868747", "branch_1_bearing": 90.58, "branch_1_street": "", "branch_1_highway": "residential", "branch_2_neighbor": "3834868741", "branch_2_bearing": 176.61, "branch_2_street": "", "branch_2_highway": "residential", "branch_3_neighbor": "8144523506", "branch_3_bearing": 270.97, "branch_3_street": "", "branch_3_highway": "residential", "branch_4_neighbor": "3834868753", "branch_4_bearing": 354.15, "branch_4_street": "", "branch_4_highway": "residential" }, "geometry": { "type": "Point", "coordinates": [ 100.7138582, 13.8573637 ] } },
{ "type": "Feature", "properties": { "osm_node_id": "6124129517", "latitude": 13.8385192, "longitude": 100.703162, "street_names": "", "highway_types": "residential", "in_degree": 4, "out_degree": 4, "fully_bidirectional": true, "traffic_signals": false, "junction": "", "minimum_branch_angle": 83.06, "maximum_branch_angle": 98.45, "cross_score": 0.94, "likely_geometric_cross": true, "osm_url": "https://www.openstreetmap.org/node/6124129517", "branch_1_neighbor": "6124129516", "branch_1_bearing": 55.23, "branch_1_street": "", "branch_1_highway": "residential", "branch_2_neighbor": "6124129519", "branch_2_bearing": 147.58, "branch_2_street": "", "branch_2_highway": "residential", "branch_3_neighbor": "6124129504", "branch_3_bearing": 233.72, "branch_3_street": "", "branch_3_highway": "residential", "branch_4_neighbor": "8295374684", "branch_4_bearing": 332.16, "branch_4_street": "", "branch_4_highway": "residential" }, "geometry": { "type": "Point", "coordinates": [ 100.703162, 13.8385192 ] } },
{ "type": "Feature", "properties": { "osm_node_id": "8144741700", "latitude": 13.8605037, "longitude": 100.7071652, "street_names": "ถนนปัญญาอินทรา; ถนนเลียบคลองสอง", "highway_types": "secondary; tertiary", "in_degree": 2, "out_degree": 2, "fully_bidirectional": false, "traffic_signals": true, "junction": "", "minimum_branch_angle": 84.01, "maximum_branch_angle": 96.33, "cross_score": 0.94, "likely_geometric_cross": true, "osm_url": "https://www.openstreetmap.org/node/8144741700", "branch_1_neighbor": "518784509", "branch_1_bearing": 83.67, "branch_1_street": "ถนนเลียบคลองสอง", "branch_1_highway": "secondary", "branch_2_neighbor": "7908343127", "branch_2_bearing": 180.0, "branch_2_street": "ถนนปัญญาอินทรา", "branch_2_highway": "tertiary", "branch_3_neighbor": "3834972744", "branch_3_bearing": 265.19, "branch_3_street": "ถนนเลียบคลองสอง", "branch_3_highway": "secondary", "branch_4_neighbor": "8144741701", "branch_4_bearing": 359.66, "branch_4_street": "ถนนปัญญาอินทรา", "branch_4_highway": "tertiary" }, "geometry": { "type": "Point", "coordinates": [ 100.7071652, 13.8605037 ] } },
{ "type": "Feature", "properties": { "osm_node_id": "3010521944", "latitude": 13.8416099, "longitude": 100.7790452, "street_names": "ซอยประชาร่วมใจ 45; ซอยประชาร่วมใจ 60; ถนนประชาร่วมใจ", "highway_types": "residential; secondary", "in_degree": 4, "out_degree": 4, "fully_bidirectional": true, "traffic_signals": false, "junction": "", "minimum_branch_angle": 83.41, "maximum_branch_angle": 95.92, "cross_score": 0.9396, "likely_geometric_cross": true, "osm_url": "https://www.openstreetmap.org/node/3010521944", "branch_1_neighbor": "5817136067", "branch_1_bearing": 67.01, "branch_1_street": "ถนนประชาร่วมใจ", "branch_1_highway": "secondary", "branch_2_neighbor": "5817136072", "branch_2_bearing": 152.73, "branch_2_street": "ซอยประชาร่วมใจ 60", "branch_2_highway": "residential", "branch_3_neighbor": "3013648345", "branch_3_bearing": 248.65, "branch_3_street": "ถนนประชาร่วมใจ", "branch_3_highway": "secondary", "branch_4_neighbor": "3010521955", "branch_4_bearing": 332.06, "branch_4_street": "ซอยประชาร่วมใจ 45", "branch_4_highway": "residential" }, "geometry": { "type": "Point", "coordinates": [ 100.7790452, 13.8416099 ] } },
{ "type": "Feature", "properties": { "osm_node_id": "5935920708", "latitude": 13.8958999, "longitude": 100.7151813, "street_names": "ถนนไทยรามัญ", "highway_types": "residential; tertiary", "in_degree": 4, "out_degree": 4, "fully_bidirectional": true, "traffic_signals": false, "junction": "", "minimum_branch_angle": 83.16, "maximum_branch_angle": 95.64, "cross_score": 0.9393, "likely_geometric_cross": true, "osm_url": "https://www.openstreetmap.org/node/5935920708", "branch_1_neighbor": "8341609624", "branch_1_bearing": 81.2, "branch_1_street": "ถนนไทยรามัญ", "branch_1_highway": "tertiary", "branch_2_neighbor": "5941659419", "branch_2_bearing": 176.49, "branch_2_street": "", "branch_2_highway": "residential", "branch_3_neighbor": "8424645145", "branch_3_bearing": 262.4, "branch_3_street": "ถนนไทยรามัญ", "branch_3_highway": "tertiary", "branch_4_neighbor": "5935920703", "branch_4_bearing": 358.03, "branch_4_street": "", "branch_4_highway": "residential" }, "geometry": { "type": "Point", "coordinates": [ 100.7151813, 13.8958999 ] } },
{ "type": "Feature", "properties": { "osm_node_id": "1669530751", "latitude": 13.8471548, "longitude": 100.7916895, "street_names": "ซอยประชาร่วมใจ 65; ถนนประชาร่วมใจ", "highway_types": "residential; secondary", "in_degree": 4, "out_degree": 4, "fully_bidirectional": true, "traffic_signals": false, "junction": "", "minimum_branch_angle": 83.48, "maximum_branch_angle": 96.35, "cross_score": 0.9392, "likely_geometric_cross": true, "osm_url": "https://www.openstreetmap.org/node/1669530751", "branch_1_neighbor": "3012564668", "branch_1_bearing": 61.14, "branch_1_street": "ถนนประชาร่วมใจ", "branch_1_highway": "secondary", "branch_2_neighbor": "8229987599", "branch_2_bearing": 155.73, "branch_2_street": "ซอยประชาร่วมใจ 65", "branch_2_highway": "residential", "branch_3_neighbor": "3013648359", "branch_3_bearing": 239.21, "branch_3_street": "ถนนประชาร่วมใจ", "branch_3_highway": "secondary", "branch_4_neighbor": "3012564678", "branch_4_bearing": 335.56, "branch_4_street": "ซอยประชาร่วมใจ 65", "branch_4_highway": "residential" }, "geometry": { "type": "Point", "coordinates": [ 100.7916895, 13.8471548 ] } },
{ "type": "Feature", "properties": { "osm_node_id": "8086897649", "latitude": 13.858984, "longitude": 100.693122, "street_names": "ถนนคู้บอน; ถนนพระยาสุเรนทร์", "highway_types": "secondary; tertiary", "in_degree": 2, "out_degree": 2, "fully_bidirectional": false, "traffic_signals": true, "junction": "", "minimum_branch_angle": 83.47, "maximum_branch_angle": 96.54, "cross_score": 0.9385, "likely_geometric_cross": true, "osm_url": "https://www.openstreetmap.org/node/8086897649", "branch_1_neighbor": "346616867", "branch_1_bearing": 80.56, "branch_1_street": "ถนนคู้บอน", "branch_1_highway": "secondary", "branch_2_neighbor": "8086897648", "branch_2_bearing": 177.09, "branch_2_street": "ถนนพระยาสุเรนทร์", "branch_2_highway": "tertiary", "branch_3_neighbor": "8086787363", "branch_3_bearing": 260.56, "branch_3_street": "ถนนคู้บอน", "branch_3_highway": "secondary", "branch_4_neighbor": "518790496", "branch_4_bearing": 355.1, "branch_4_street": "ถนนพระยาสุเรนทร์", "branch_4_highway": "tertiary" }, "geometry": { "type": "Point", "coordinates": [ 100.693122, 13.858984 ] } },
{ "type": "Feature", "properties": { "osm_node_id": "3841912685", "latitude": 13.8365191, "longitude": 100.7163404, "street_names": "", "highway_types": "residential", "in_degree": 4, "out_degree": 4, "fully_bidirectional": true, "traffic_signals": false, "junction": "", "minimum_branch_angle": 82.3, "maximum_branch_angle": 97.15, "cross_score": 0.9383, "likely_geometric_cross": true, "osm_url": "https://www.openstreetmap.org/node/3841912685", "branch_1_neighbor": "3841912683", "branch_1_bearing": 84.17, "branch_1_street": "", "branch_1_highway": "residential", "branch_2_neighbor": "3841912679", "branch_2_bearing": 178.14, "branch_2_street": "", "branch_2_highway": "residential", "branch_3_neighbor": "8080466006", "branch_3_bearing": 260.44, "branch_3_street": "", "branch_3_highway": "residential", "branch_4_neighbor": "3841912691", "branch_4_bearing": 357.58, "branch_4_street": "", "branch_4_highway": "residential" }, "geometry": { "type": "Point", "coordinates": [ 100.7163404, 13.8365191 ] } },
{ "type": "Feature", "properties": { "osm_node_id": "3834754707", "latitude": 13.8597869, "longitude": 100.7350807, "street_names": "ซอย วัดสุขใจ; ซอยวัดสุขใจ; วัดสุขใจ 1; วัดสุขใจ 4", "highway_types": "residential; tertiary", "in_degree": 4, "out_degree": 4, "fully_bidirectional": true, "traffic_signals": false, "junction": "", "minimum_branch_angle": 84.3, "maximum_branch_angle": 96.5, "cross_score": 0.9381, "likely_geometric_cross": true, "osm_url": "https://www.openstreetmap.org/node/3834754707", "branch_1_neighbor": "3834754699", "branch_1_bearing": 83.68, "branch_1_street": "ซอยวัดสุขใจ", "branch_1_highway": "tertiary", "branch_2_neighbor": "3839892569", "branch_2_bearing": 168.24, "branch_2_street": "วัดสุขใจ 4", "branch_2_highway": "residential", "branch_3_neighbor": "3839892586", "branch_3_bearing": 262.88, "branch_3_street": "ซอย วัดสุขใจ; ซอยวัดสุขใจ", "branch_3_highway": "tertiary", "branch_4_neighbor": "3834754752", "branch_4_bearing": 347.18, "branch_4_street": "วัดสุขใจ 1", "branch_4_highway": "residential" }, "geometry": { "type": "Point", "coordinates": [ 100.7350807, 13.8597869 ] } },
{ "type": "Feature", "properties": { "osm_node_id": "3840058931", "latitude": 13.8530356, "longitude": 100.7068582, "street_names": "ถนนปัญญาอินทรา", "highway_types": "residential; tertiary", "in_degree": 2, "out_degree": 2, "fully_bidirectional": false, "traffic_signals": false, "junction": "", "minimum_branch_angle": 83.94, "maximum_branch_angle": 101.3, "cross_score": 0.9372, "likely_geometric_cross": true, "osm_url": "https://www.openstreetmap.org/node/3840058931", "branch_1_neighbor": "10052681650", "branch_1_bearing": 77.86, "branch_1_street": "ถนนปัญญาอินทรา", "branch_1_highway": "tertiary", "branch_2_neighbor": "8141290364", "branch_2_bearing": 179.17, "branch_2_street": "", "branch_2_highway": "residential", "branch_3_neighbor": "8140840727", "branch_3_bearing": 264.98, "branch_3_street": "ถนนปัญญาอินทรา", "branch_3_highway": "tertiary", "branch_4_neighbor": "7908343115", "branch_4_bearing": 353.92, "branch_4_street": "", "branch_4_highway": "residential" }, "geometry": { "type": "Point", "coordinates": [ 100.7068582, 13.8530356 ] } },
{ "type": "Feature", "properties": { "osm_node_id": "6128822507", "latitude": 13.8322248, "longitude": 100.6954561, "street_names": "", "highway_types": "residential", "in_degree": 4, "out_degree": 4, "fully_bidirectional": true, "traffic_signals": false, "junction": "", "minimum_branch_angle": 78.9, "maximum_branch_angle": 101.37, "cross_score": 0.9368, "likely_geometric_cross": true, "osm_url": "https://www.openstreetmap.org/node/6128822507", "branch_1_neighbor": "6128822542", "branch_1_bearing": 74.08, "branch_1_street": "", "branch_1_highway": "residential", "branch_2_neighbor": "6128822508", "branch_2_bearing": 163.82, "branch_2_street": "", "branch_2_highway": "residential", "branch_3_neighbor": "6128822539", "branch_3_bearing": 253.81, "branch_3_street": "", "branch_3_highway": "residential", "branch_4_neighbor": "6128831090", "branch_4_bearing": 355.18, "branch_4_street": "", "branch_4_highway": "residential" }, "geometry": { "type": "Point", "coordinates": [ 100.6954561, 13.8322248 ] } },
{ "type": "Feature", "properties": { "osm_node_id": "2555247039", "latitude": 13.8589009, "longitude": 100.6932188, "street_names": "ถนนคู้บอน; ถนนพระยาสุเรนทร์; ถนนเลียบคลองสอง", "highway_types": "secondary; tertiary", "in_degree": 2, "out_degree": 2, "fully_bidirectional": false, "traffic_signals": true, "junction": "", "minimum_branch_angle": 81.49, "maximum_branch_angle": 96.46, "cross_score": 0.9365, "likely_geometric_cross": true, "osm_url": "https://www.openstreetmap.org/node/2555247039", "branch_1_neighbor": "8086748882", "branch_1_bearing": 81.67, "branch_1_street": "ถนนเลียบคลองสอง", "branch_1_highway": "secondary", "branch_2_neighbor": "3840087224", "branch_2_bearing": 178.13, "branch_2_street": "ถนนพระยาสุเรนทร์", "branch_2_highway": "tertiary", "branch_3_neighbor": "8086897648", "branch_3_bearing": 259.61, "branch_3_street": "ถนนคู้บอน", "branch_3_highway": "secondary", "branch_4_neighbor": "346616867", "branch_4_bearing": 354.58, "branch_4_street": "ถนนพระยาสุเรนทร์", "branch_4_highway": "tertiary" }, "geometry": { "type": "Point", "coordinates": [ 100.6932188, 13.8589009 ] } },
{ "type": "Feature", "properties": { "osm_node_id": "353339701", "latitude": 13.8417101, "longitude": 100.6917463, "street_names": "", "highway_types": "residential", "in_degree": 3, "out_degree": 3, "fully_bidirectional": false, "traffic_signals": false, "junction": "", "minimum_branch_angle": 81.42, "maximum_branch_angle": 97.89, "cross_score": 0.9365, "likely_geometric_cross": true, "osm_url": "https://www.openstreetmap.org/node/353339701", "branch_1_neighbor": "3841571584", "branch_1_bearing": 48.73, "branch_1_street": "", "branch_1_highway": "residential", "branch_2_neighbor": "353339583", "branch_2_bearing": 135.88, "branch_2_street": "", "branch_2_highway": "residential", "branch_3_neighbor": "353339020", "branch_3_bearing": 229.42, "branch_3_street": "", "branch_3_highway": "residential", "branch_4_neighbor": "353339699", "branch_4_bearing": 310.84, "branch_4_street": "", "branch_4_highway": "residential" }, "geometry": { "type": "Point", "coordinates": [ 100.6917463, 13.8417101 ] } },
{ "type": "Feature", "properties": { "osm_node_id": "2373578038", "latitude": 13.8928697, "longitude": 100.755632, "street_names": "เคซีการ์เด้นโฮม 7", "highway_types": "residential", "in_degree": 4, "out_degree": 4, "fully_bidirectional": true, "traffic_signals": false, "junction": "", "minimum_branch_angle": 82.72, "maximum_branch_angle": 96.48, "cross_score": 0.9359, "likely_geometric_cross": true, "osm_url": "https://www.openstreetmap.org/node/2373578038", "branch_1_neighbor": "2373578039", "branch_1_bearing": 78.12, "branch_1_street": "เคซีการ์เด้นโฮม 7", "branch_1_highway": "residential", "branch_2_neighbor": "2373578034", "branch_2_bearing": 174.6, "branch_2_street": "เคซีการ์เด้นโฮม 7", "branch_2_highway": "residential", "branch_3_neighbor": "2373578037", "branch_3_bearing": 260.34, "branch_3_street": "เคซีการ์เด้นโฮม 7", "branch_3_highway": "residential", "branch_4_neighbor": "2373578036", "branch_4_bearing": 355.4, "branch_4_street": "เคซีการ์เด้นโฮม 7", "branch_4_highway": "residential" }, "geometry": { "type": "Point", "coordinates": [ 100.755632, 13.8928697 ] } },
{ "type": "Feature", "properties": { "osm_node_id": "6117202126", "latitude": 13.8481395, "longitude": 100.7087606, "street_names": "", "highway_types": "residential", "in_degree": 4, "out_degree": 4, "fully_bidirectional": true, "traffic_signals": false, "junction": "", "minimum_branch_angle": 79.86, "maximum_branch_angle": 98.86, "cross_score": 0.9357, "likely_geometric_cross": true, "osm_url": "https://www.openstreetmap.org/node/6117202126", "branch_1_neighbor": "6117202586", "branch_1_bearing": 87.64, "branch_1_street": "", "branch_1_highway": "residential", "branch_2_neighbor": "6117202137", "branch_2_bearing": 180.36, "branch_2_street": "", "branch_2_highway": "residential", "branch_3_neighbor": "3841547691", "branch_3_bearing": 268.92, "branch_3_street": "", "branch_3_highway": "residential", "branch_4_neighbor": "6117202433", "branch_4_bearing": 348.78, "branch_4_street": "", "branch_4_highway": "residential" }, "geometry": { "type": "Point", "coordinates": [ 100.7087606, 13.8481395 ] } },
{ "type": "Feature", "properties": { "osm_node_id": "6124182997", "latitude": 13.8700328, "longitude": 100.7087315, "street_names": "", "highway_types": "residential", "in_degree": 3, "out_degree": 3, "fully_bidirectional": false, "traffic_signals": false, "junction": "", "minimum_branch_angle": 78.43, "maximum_branch_angle": 95.41, "cross_score": 0.9357, "likely_geometric_cross": true, "osm_url": "https://www.openstreetmap.org/node/6124182997", "branch_1_neighbor": "7990396114", "branch_1_bearing": 83.11, "branch_1_street": "", "branch_1_highway": "residential", "branch_2_neighbor": "3834973645", "branch_2_bearing": 178.51, "branch_2_street": "", "branch_2_highway": "residential", "branch_3_neighbor": "7990396124", "branch_3_bearing": 256.94, "branch_3_street": "", "branch_3_highway": "residential", "branch_4_neighbor": "8079711413", "branch_4_bearing": 349.64, "branch_4_street": "", "branch_4_highway": "residential" }, "geometry": { "type": "Point", "coordinates": [ 100.7087315, 13.8700328 ] } },
{ "type": "Feature", "properties": { "osm_node_id": "353338741", "latitude": 13.8397832, "longitude": 100.6908421, "street_names": "", "highway_types": "residential", "in_degree": 3, "out_degree": 3, "fully_bidirectional": false, "traffic_signals": false, "junction": "", "minimum_branch_angle": 79.42, "maximum_branch_angle": 97.23, "cross_score": 0.9354, "likely_geometric_cross": true, "osm_url": "https://www.openstreetmap.org/node/353338741", "branch_1_neighbor": "3841571566", "branch_1_bearing": 11.49, "branch_1_street": "", "branch_1_highway": "residential", "branch_2_neighbor": "353338415", "branch_2_bearing": 100.43, "branch_2_street": "", "branch_2_highway": "residential", "branch_3_neighbor": "353339471", "branch_3_bearing": 179.85, "branch_3_street": "", "branch_3_highway": "residential", "branch_4_neighbor": "12740842224", "branch_4_bearing": 274.26, "branch_4_street": "", "branch_4_highway": "residential" }, "geometry": { "type": "Point", "coordinates": [ 100.6908421, 13.8397832 ] } },
{ "type": "Feature", "properties": { "osm_node_id": "4688947276", "latitude": 13.8947865, "longitude": 100.7075883, "street_names": "ถนนไทยรามัญ", "highway_types": "residential; tertiary", "in_degree": 4, "out_degree": 4, "fully_bidirectional": true, "traffic_signals": false, "junction": "", "minimum_branch_angle": 83.45, "maximum_branch_angle": 96.32, "cross_score": 0.9354, "likely_geometric_cross": true, "osm_url": "https://www.openstreetmap.org/node/4688947276", "branch_1_neighbor": "8424621738", "branch_1_bearing": 80.63, "branch_1_street": "ถนนไทยรามัญ", "branch_1_highway": "tertiary", "branch_2_neighbor": "5941663068", "branch_2_bearing": 176.95, "branch_2_street": "", "branch_2_highway": "residential", "branch_3_neighbor": "5941663071", "branch_3_bearing": 261.86, "branch_3_street": "ถนนไทยรามัญ", "branch_3_highway": "tertiary", "branch_4_neighbor": "4688947277", "branch_4_bearing": 357.18, "branch_4_street": "", "branch_4_highway": "residential" }, "geometry": { "type": "Point", "coordinates": [ 100.7075883, 13.8947865 ] } },
{ "type": "Feature", "properties": { "osm_node_id": "3841928446", "latitude": 13.8308967, "longitude": 100.7072137, "street_names": "", "highway_types": "residential", "in_degree": 4, "out_degree": 4, "fully_bidirectional": true, "traffic_signals": false, "junction": "", "minimum_branch_angle": 80.58, "maximum_branch_angle": 99.28, "cross_score": 0.9349, "likely_geometric_cross": true, "osm_url": "https://www.openstreetmap.org/node/3841928446", "branch_1_neighbor": "3841928461", "branch_1_bearing": 5.44, "branch_1_street": "", "branch_1_highway": "residential", "branch_2_neighbor": "3841928443", "branch_2_bearing": 97.89, "branch_2_street": "", "branch_2_highway": "residential", "branch_3_neighbor": "3841928431", "branch_3_bearing": 185.59, "branch_3_street": "", "branch_3_highway": "residential", "branch_4_neighbor": "6521819000", "branch_4_bearing": 284.86, "branch_4_street": "", "branch_4_highway": "residential" }, "geometry": { "type": "Point", "coordinates": [ 100.7072137, 13.8308967 ] } },
{ "type": "Feature", "properties": { "osm_node_id": "3010521945", "latitude": 13.8417716, "longitude": 100.7794548, "street_names": "ซอยประชาร่วมใจ 47; ซอยประชาร่วมใจ 62; ถนนประชาร่วมใจ", "highway_types": "residential; secondary", "in_degree": 4, "out_degree": 4, "fully_bidirectional": true, "traffic_signals": false, "junction": "", "minimum_branch_angle": 82.12, "maximum_branch_angle": 98.23, "cross_score": 0.9345, "likely_geometric_cross": true, "osm_url": "https://www.openstreetmap.org/node/3010521945", "branch_1_neighbor": "5817135647", "branch_1_bearing": 68.13, "branch_1_street": "ถนนประชาร่วมใจ", "branch_1_highway": "secondary", "branch_2_neighbor": "5817271193", "branch_2_bearing": 154.21, "branch_2_street": "ซอยประชาร่วมใจ 62", "branch_2_highway": "residential", "branch_3_neighbor": "5817136065", "branch_3_bearing": 247.78, "branch_3_street": "ถนนประชาร่วมใจ", "branch_3_highway": "secondary", "branch_4_neighbor": "2839633219", "branch_4_bearing": 329.9, "branch_4_street": "ซอยประชาร่วมใจ 47", "branch_4_highway": "residential" }, "geometry": { "type": "Point", "coordinates": [ 100.7794548, 13.8417716 ] } },
{ "type": "Feature", "properties": { "osm_node_id": "3841928542", "latitude": 13.8327222, "longitude": 100.706589, "street_names": "", "highway_types": "residential", "in_degree": 4, "out_degree": 4, "fully_bidirectional": true, "traffic_signals": false, "junction": "", "minimum_branch_angle": 80.52, "maximum_branch_angle": 96.63, "cross_score": 0.9326, "likely_geometric_cross": true, "osm_url": "https://www.openstreetmap.org/node/3841928542", "branch_1_neighbor": "3841928572", "branch_1_bearing": 32.1, "branch_1_street": "", "branch_1_highway": "residential", "branch_2_neighbor": "3841928503", "branch_2_bearing": 112.61, "branch_2_street": "", "branch_2_highway": "residential", "branch_3_neighbor": "3841928513", "branch_3_bearing": 208.12, "branch_3_street": "", "branch_3_highway": "residential", "branch_4_neighbor": "3841928567", "branch_4_bearing": 295.47, "branch_4_street": "", "branch_4_highway": "residential" }, "geometry": { "type": "Point", "coordinates": [ 100.706589, 13.8327222 ] } },
{ "type": "Feature", "properties": { "osm_node_id": "2552303338", "latitude": 13.8762714, "longitude": 100.7388081, "street_names": "ซอยนิมิตใหม่ 34", "highway_types": "residential", "in_degree": 4, "out_degree": 4, "fully_bidirectional": true, "traffic_signals": false, "junction": "", "minimum_branch_angle": 79.43, "maximum_branch_angle": 99.99, "cross_score": 0.9321, "likely_geometric_cross": true, "osm_url": "https://www.openstreetmap.org/node/2552303338", "branch_1_neighbor": "2552303339", "branch_1_bearing": 78.14, "branch_1_street": "", "branch_1_highway": "residential", "branch_2_neighbor": "2552303336", "branch_2_bearing": 178.13, "branch_2_street": "ซอยนิมิตใหม่ 34", "branch_2_highway": "residential", "branch_3_neighbor": "2552303325", "branch_3_bearing": 266.47, "branch_3_street": "", "branch_3_highway": "residential", "branch_4_neighbor": "2552303340", "branch_4_bearing": 358.71, "branch_4_street": "ซอยนิมิตใหม่ 34", "branch_4_highway": "residential" }, "geometry": { "type": "Point", "coordinates": [ 100.7388081, 13.8762714 ] } },
{ "type": "Feature", "properties": { "osm_node_id": "6124182994", "latitude": 13.8749685, "longitude": 100.7093695, "street_names": "", "highway_types": "residential", "in_degree": 4, "out_degree": 4, "fully_bidirectional": true, "traffic_signals": false, "junction": "", "minimum_branch_angle": 83.17, "maximum_branch_angle": 97.19, "cross_score": 0.9317, "likely_geometric_cross": true, "osm_url": "https://www.openstreetmap.org/node/6124182994", "branch_1_neighbor": "6124182995", "branch_1_bearing": 4.07, "branch_1_street": "", "branch_1_highway": "residential", "branch_2_neighbor": "6124182987", "branch_2_bearing": 87.24, "branch_2_street": "", "branch_2_highway": "residential", "branch_3_neighbor": "6124182978", "branch_3_bearing": 184.43, "branch_3_street": "", "branch_3_highway": "residential", "branch_4_neighbor": "6124183007", "branch_4_bearing": 268.98, "branch_4_street": "", "branch_4_highway": "residential" }, "geometry": { "type": "Point", "coordinates": [ 100.7093695, 13.8749685 ] } },
{ "type": "Feature", "properties": { "osm_node_id": "3834869488", "latitude": 13.8687903, "longitude": 100.7187466, "street_names": "ซอย 15; ซอย 16", "highway_types": "residential", "in_degree": 4, "out_degree": 4, "fully_bidirectional": true, "traffic_signals": false, "junction": "", "minimum_branch_angle": 80.06, "maximum_branch_angle": 100.14, "cross_score": 0.9309, "likely_geometric_cross": true, "osm_url": "https://www.openstreetmap.org/node/3834869488", "branch_1_neighbor": "3834869489", "branch_1_bearing": 88.81, "branch_1_street": "ซอย 16", "branch_1_highway": "residential", "branch_2_neighbor": "3834869485", "branch_2_bearing": 168.86, "branch_2_street": "", "branch_2_highway": "residential", "branch_3_neighbor": "3834869487", "branch_3_bearing": 269.0, "branch_3_street": "ซอย 15", "branch_3_highway": "residential", "branch_4_neighbor": "3834869497", "branch_4_bearing": 356.51, "branch_4_street": "", "branch_4_highway": "residential" }, "geometry": { "type": "Point", "coordinates": [ 100.7187466, 13.8687903 ] } },
{ "type": "Feature", "properties": { "osm_node_id": "3835124885", "latitude": 13.8610166, "longitude": 100.6862461, "street_names": "", "highway_types": "residential", "in_degree": 4, "out_degree": 4, "fully_bidirectional": true, "traffic_signals": false, "junction": "", "minimum_branch_angle": 80.28, "maximum_branch_angle": 100.34, "cross_score": 0.9285, "likely_geometric_cross": true, "osm_url": "https://www.openstreetmap.org/node/3835124885", "branch_1_neighbor": "3835124888", "branch_1_bearing": 32.09, "branch_1_street": "", "branch_1_highway": "residential", "branch_2_neighbor": "11038534305", "branch_2_bearing": 112.38, "branch_2_street": "", "branch_2_highway": "residential", "branch_3_neighbor": "3835124880", "branch_3_bearing": 204.9, "branch_3_street": "", "branch_3_highway": "residential", "branch_4_neighbor": "3835124887", "branch_4_bearing": 291.75, "branch_4_street": "", "branch_4_highway": "residential" }, "geometry": { "type": "Point", "coordinates": [ 100.6862461, 13.8610166 ] } },
{ "type": "Feature", "properties": { "osm_node_id": "7990396148", "latitude": 13.8713017, "longitude": 100.708196, "street_names": "ถนนปัญญาอินทรา", "highway_types": "residential", "in_degree": 2, "out_degree": 2, "fully_bidirectional": false, "traffic_signals": false, "junction": "", "minimum_branch_angle": 82.37, "maximum_branch_angle": 98.37, "cross_score": 0.9283, "likely_geometric_cross": true, "osm_url": "https://www.openstreetmap.org/node/7990396148", "branch_1_neighbor": "5277015177", "branch_1_bearing": 62.2, "branch_1_street": "ถนนปัญญาอินทรา", "branch_1_highway": "residential", "branch_2_neighbor": "5277015186", "branch_2_bearing": 144.57, "branch_2_street": "", "branch_2_highway": "residential", "branch_3_neighbor": "2558439633", "branch_3_bearing": 239.11, "branch_3_street": "ถนนปัญญาอินทรา", "branch_3_highway": "residential", "branch_4_neighbor": "8079743719", "branch_4_bearing": 323.84, "branch_4_street": "", "branch_4_highway": "residential" }, "geometry": { "type": "Point", "coordinates": [ 100.708196, 13.8713017 ] } },
{ "type": "Feature", "properties": { "osm_node_id": "6117202388", "latitude": 13.85234, "longitude": 100.7117608, "street_names": "", "highway_types": "residential", "in_degree": 3, "out_degree": 3, "fully_bidirectional": false, "traffic_signals": false, "junction": "", "minimum_branch_angle": 83.26, "maximum_branch_angle": 96.59, "cross_score": 0.9276, "likely_geometric_cross": true, "osm_url": "https://www.openstreetmap.org/node/6117202388", "branch_1_neighbor": "6117202389", "branch_1_bearing": 1.17, "branch_1_street": "", "branch_1_highway": "residential", "branch_2_neighbor": "7908280069", "branch_2_bearing": 84.43, "branch_2_street": "", "branch_2_highway": "residential", "branch_3_neighbor": "6117220114", "branch_3_bearing": 181.03, "branch_3_street": "", "branch_3_highway": "residential", "branch_4_neighbor": "6117202387", "branch_4_bearing": 264.73, "branch_4_street": "", "branch_4_highway": "residential" }, "geometry": { "type": "Point", "coordinates": [ 100.7117608, 13.85234 ] } },
{ "type": "Feature", "properties": { "osm_node_id": "7908343127", "latitude": 13.8603956, "longitude": 100.7071652, "street_names": "ถนนปัญญาอินทรา; ถนนเลียบคลองสอง", "highway_types": "secondary; tertiary", "in_degree": 2, "out_degree": 2, "fully_bidirectional": false, "traffic_signals": true, "junction": "", "minimum_branch_angle": 83.1, "maximum_branch_angle": 96.66, "cross_score": 0.9261, "likely_geometric_cross": true, "osm_url": "https://www.openstreetmap.org/node/7908343127", "branch_1_neighbor": "8144741700", "branch_1_bearing": 0.0, "branch_1_street": "ถนนปัญญาอินทรา", "branch_1_highway": "tertiary", "branch_2_neighbor": "2555247035", "branch_2_bearing": 83.1, "branch_2_street": "ถนนเลียบคลองสอง", "branch_2_highway": "secondary", "branch_3_neighbor": "7908343123", "branch_3_bearing": 179.75, "branch_3_street": "ถนนปัญญาอินทรา", "branch_3_highway": "tertiary", "branch_4_neighbor": "8299050743", "branch_4_bearing": 263.34, "branch_4_street": "ถนนเลียบคลองสอง", "branch_4_highway": "secondary" }, "geometry": { "type": "Point", "coordinates": [ 100.7071652, 13.8603956 ] } },
{ "type": "Feature", "properties": { "osm_node_id": "3834973634", "latitude": 13.869533, "longitude": 100.7086835, "street_names": "", "highway_types": "residential", "in_degree": 4, "out_degree": 4, "fully_bidirectional": true, "traffic_signals": false, "junction": "", "minimum_branch_angle": 81.61, "maximum_branch_angle": 102.23, "cross_score": 0.9256, "likely_geometric_cross": true, "osm_url": "https://www.openstreetmap.org/node/3834973634", "branch_1_neighbor": "3834973645", "branch_1_bearing": 3.2, "branch_1_street": "", "branch_1_highway": "residential", "branch_2_neighbor": "3834973636", "branch_2_bearing": 84.82, "branch_2_street": "", "branch_2_highway": "residential", "branch_3_neighbor": "3834973614", "branch_3_bearing": 175.98, "branch_3_street": "", "branch_3_highway": "residential", "branch_4_neighbor": "3834973633", "branch_4_bearing": 260.97, "branch_4_street": "", "branch_4_highway": "residential" }, "geometry": { "type": "Point", "coordinates": [ 100.7086835, 13.869533 ] } },
{ "type": "Feature", "properties": { "osm_node_id": "3841370383", "latitude": 13.8455656, "longitude": 100.7401195, "street_names": "ซอยนิมิตใหม่ 20", "highway_types": "residential", "in_degree": 4, "out_degree": 4, "fully_bidirectional": true, "traffic_signals": false, "junction": "", "minimum_branch_angle": 76.5, "maximum_branch_angle": 96.22, "cross_score": 0.925, "likely_geometric_cross": true, "osm_url": "https://www.openstreetmap.org/node/3841370383", "branch_1_neighbor": "3841370418", "branch_1_bearing": 54.03, "branch_1_street": "", "branch_1_highway": "residential", "branch_2_neighbor": "3841370390", "branch_2_bearing": 130.53, "branch_2_street": "", "branch_2_highway": "residential", "branch_3_neighbor": "3841401245", "branch_3_bearing": 225.31, "branch_3_street": "ซอยนิมิตใหม่ 20", "branch_3_highway": "residential", "branch_4_neighbor": "3841370430", "branch_4_bearing": 317.81, "branch_4_street": "", "branch_4_highway": "residential" }, "geometry": { "type": "Point", "coordinates": [ 100.7401195, 13.8455656 ] } },
{ "type": "Feature", "properties": { "osm_node_id": "3053347057", "latitude": 13.8663536, "longitude": 100.7136625, "street_names": "", "highway_types": "residential", "in_degree": 4, "out_degree": 4, "fully_bidirectional": true, "traffic_signals": false, "junction": "", "minimum_branch_angle": 81.37, "maximum_branch_angle": 100.98, "cross_score": 0.9235, "likely_geometric_cross": true, "osm_url": "https://www.openstreetmap.org/node/3053347057", "branch_1_neighbor": "3053347054", "branch_1_bearing": 90.07, "branch_1_street": "", "branch_1_highway": "residential", "branch_2_neighbor": "3053347104", "branch_2_bearing": 174.92, "branch_2_street": "", "branch_2_highway": "residential", "branch_3_neighbor": "3053347065", "branch_3_bearing": 267.73, "branch_3_street": "", "branch_3_highway": "residential", "branch_4_neighbor": "3053347454", "branch_4_bearing": 349.09, "branch_4_street": "", "branch_4_highway": "residential" }, "geometry": { "type": "Point", "coordinates": [ 100.7136625, 13.8663536 ] } },
{ "type": "Feature", "properties": { "osm_node_id": "6061846095", "latitude": 13.9006261, "longitude": 100.7905994, "street_names": "", "highway_types": "residential", "in_degree": 4, "out_degree": 4, "fully_bidirectional": true, "traffic_signals": false, "junction": "", "minimum_branch_angle": 77.46, "maximum_branch_angle": 101.45, "cross_score": 0.9234, "likely_geometric_cross": true, "osm_url": "https://www.openstreetmap.org/node/6061846095", "branch_1_neighbor": "6061846117", "branch_1_bearing": 0.49, "branch_1_street": "", "branch_1_highway": "residential", "branch_2_neighbor": "6061846096", "branch_2_bearing": 89.26, "branch_2_street": "", "branch_2_highway": "residential", "branch_3_neighbor": "6061846269", "branch_3_bearing": 181.59, "branch_3_street": "", "branch_3_highway": "residential", "branch_4_neighbor": "6061846094", "branch_4_bearing": 259.05, "branch_4_street": "", "branch_4_highway": "residential" }, "geometry": { "type": "Point", "coordinates": [ 100.7905994, 13.9006261 ] } },
{ "type": "Feature", "properties": { "osm_node_id": "7949430267", "latitude": 13.8381939, "longitude": 100.6914458, "street_names": "ซอยบุญมา; ถนนปัญญาอินทรา", "highway_types": "residential; secondary", "in_degree": 3, "out_degree": 3, "fully_bidirectional": false, "traffic_signals": false, "junction": "", "minimum_branch_angle": 82.28, "maximum_branch_angle": 97.72, "cross_score": 0.9234, "likely_geometric_cross": true, "osm_url": "https://www.openstreetmap.org/node/7949430267", "branch_1_neighbor": "7949430262", "branch_1_bearing": 66.54, "branch_1_street": "ถนนปัญญาอินทรา", "branch_1_highway": "secondary", "branch_2_neighbor": "8034751964", "branch_2_bearing": 164.26, "branch_2_street": "ซอยบุญมา", "branch_2_highway": "residential", "branch_3_neighbor": "7949430270", "branch_3_bearing": 248.2, "branch_3_street": "ถนนปัญญาอินทรา", "branch_3_highway": "secondary", "branch_4_neighbor": "353332001", "branch_4_bearing": 344.26, "branch_4_street": "ซอยบุญมา", "branch_4_highway": "residential" }, "geometry": { "type": "Point", "coordinates": [ 100.6914458, 13.8381939 ] } },
{ "type": "Feature", "properties": { "osm_node_id": "3053299141", "latitude": 13.8843001, "longitude": 100.7368863, "street_names": "ซอย นิมิตรใหม่ 40; ทางเข้าหมู่บ้านเคซีการ์เด้นโฮม", "highway_types": "residential", "in_degree": 3, "out_degree": 3, "fully_bidirectional": false, "traffic_signals": false, "junction": "", "minimum_branch_angle": 82.3, "maximum_branch_angle": 97.64, "cross_score": 0.9233, "likely_geometric_cross": true, "osm_url": "https://www.openstreetmap.org/node/3053299141", "branch_1_neighbor": "2373583199", "branch_1_bearing": 81.83, "branch_1_street": "ทางเข้าหมู่บ้านเคซีการ์เด้นโฮม", "branch_1_highway": "residential", "branch_2_neighbor": "3053292428", "branch_2_bearing": 177.99, "branch_2_street": "ซอย นิมิตรใหม่ 40", "branch_2_highway": "residential", "branch_3_neighbor": "5880882138", "branch_3_bearing": 261.88, "branch_3_street": "ทางเข้าหมู่บ้านเคซีการ์เด้นโฮม", "branch_3_highway": "residential", "branch_4_neighbor": "2373583197", "branch_4_bearing": 359.52, "branch_4_street": "ซอย นิมิตรใหม่ 40", "branch_4_highway": "residential" }, "geometry": { "type": "Point", "coordinates": [ 100.7368863, 13.8843001 ] } },
{ "type": "Feature", "properties": { "osm_node_id": "518784509", "latitude": 13.8605125, "longitude": 100.7072469, "street_names": "ถนนปัญญาอินทรา; ถนนเลียบคลองสอง", "highway_types": "secondary; tertiary", "in_degree": 2, "out_degree": 2, "fully_bidirectional": false, "traffic_signals": true, "junction": "", "minimum_branch_angle": 82.33, "maximum_branch_angle": 97.87, "cross_score": 0.9226, "likely_geometric_cross": true, "osm_url": "https://www.openstreetmap.org/node/518784509", "branch_1_neighbor": "8144741668", "branch_1_bearing": 83.47, "branch_1_street": "ถนนเลียบคลองสอง", "branch_1_highway": "secondary", "branch_2_neighbor": "2555247035", "branch_2_bearing": 181.34, "branch_2_street": "ถนนปัญญาอินทรา", "branch_2_highway": "tertiary", "branch_3_neighbor": "8144741700", "branch_3_bearing": 263.67, "branch_3_street": "ถนนเลียบคลองสอง", "branch_3_highway": "secondary", "branch_4_neighbor": "8144741689", "branch_4_bearing": 359.72, "branch_4_street": "ถนนปัญญาอินทรา", "branch_4_highway": "tertiary" }, "geometry": { "type": "Point", "coordinates": [ 100.7072469, 13.8605125 ] } },
{ "type": "Feature", "properties": { "osm_node_id": "2562521976", "latitude": 13.8701935, "longitude": 100.7200214, "street_names": "", "highway_types": "residential", "in_degree": 4, "out_degree": 4, "fully_bidirectional": true, "traffic_signals": false, "junction": "", "minimum_branch_angle": 76.28, "maximum_branch_angle": 103.31, "cross_score": 0.9223, "likely_geometric_cross": true, "osm_url": "https://www.openstreetmap.org/node/2562521976", "branch_1_neighbor": "2562521973", "branch_1_bearing": 11.3, "branch_1_street": "", "branch_1_highway": "residential", "branch_2_neighbor": "2562521977", "branch_2_bearing": 87.58, "branch_2_street": "", "branch_2_highway": "residential", "branch_3_neighbor": "2562521979", "branch_3_bearing": 178.25, "branch_3_street": "", "branch_3_highway": "residential", "branch_4_neighbor": "2562521975", "branch_4_bearing": 267.99, "branch_4_street": "", "branch_4_highway": "residential" }, "geometry": { "type": "Point", "coordinates": [ 100.7200214, 13.8701935 ] } },
{ "type": "Feature", "properties": { "osm_node_id": "8962650221", "latitude": 13.8851613, "longitude": 100.7318698, "street_names": "ถนนนิมิตใหม่", "highway_types": "primary; residential", "in_degree": 3, "out_degree": 3, "fully_bidirectional": false, "traffic_signals": false, "junction": "", "minimum_branch_angle": 82.61, "maximum_branch_angle": 97.39, "cross_score": 0.9218, "likely_geometric_cross": true, "osm_url": "https://www.openstreetmap.org/node/8962650221", "branch_1_neighbor": "3053299147", "branch_1_bearing": 0.16, "branch_1_street": "ถนนนิมิตใหม่", "branch_1_highway": "primary", "branch_2_neighbor": "3053292424", "branch_2_bearing": 82.76, "branch_2_street": "", "branch_2_highway": "residential", "branch_3_neighbor": "2553894552", "branch_3_bearing": 180.16, "branch_3_street": "ถนนนิมิตใหม่", "branch_3_highway": "primary", "branch_4_neighbor": "3053299137", "branch_4_bearing": 263.48, "branch_4_street": "ถนนนิมิตใหม่", "branch_4_highway": "residential" }, "geometry": { "type": "Point", "coordinates": [ 100.7318698, 13.8851613 ] } },
{ "type": "Feature", "properties": { "osm_node_id": "6124182939", "latitude": 13.8756125, "longitude": 100.7175237, "street_names": "", "highway_types": "residential", "in_degree": 3, "out_degree": 3, "fully_bidirectional": false, "traffic_signals": false, "junction": "", "minimum_branch_angle": 76.08, "maximum_branch_angle": 104.23, "cross_score": 0.9209, "likely_geometric_cross": true, "osm_url": "https://www.openstreetmap.org/node/6124182939", "branch_1_neighbor": "8292089806", "branch_1_bearing": 89.49, "branch_1_street": "", "branch_1_highway": "residential", "branch_2_neighbor": "8292089807", "branch_2_bearing": 165.57, "branch_2_street": "", "branch_2_highway": "residential", "branch_3_neighbor": "6124183001", "branch_3_bearing": 269.8, "branch_3_street": "", "branch_3_highway": "residential", "branch_4_neighbor": "6124182940", "branch_4_bearing": 359.76, "branch_4_street": "", "branch_4_highway": "residential" }, "geometry": { "type": "Point", "coordinates": [ 100.7175237, 13.8756125 ] } },
{ "type": "Feature", "properties": { "osm_node_id": "3053299137", "latitude": 13.8851404, "longitude": 100.7316814, "street_names": "ถนนนิมิตใหม่", "highway_types": "primary; residential", "in_degree": 3, "out_degree": 3, "fully_bidirectional": false, "traffic_signals": false, "junction": "", "minimum_branch_angle": 81.1, "maximum_branch_angle": 97.17, "cross_score": 0.9204, "likely_geometric_cross": true, "osm_url": "https://www.openstreetmap.org/node/3053299137", "branch_1_neighbor": "8962650221", "branch_1_bearing": 83.48, "branch_1_street": "ถนนนิมิตใหม่", "branch_1_highway": "residential", "branch_2_neighbor": "5880882160", "branch_2_bearing": 180.64, "branch_2_street": "ถนนนิมิตใหม่", "branch_2_highway": "primary", "branch_3_neighbor": "5880882726", "branch_3_bearing": 261.75, "branch_3_street": "", "branch_3_highway": "residential", "branch_4_neighbor": "5880882703", "branch_4_bearing": 358.92, "branch_4_street": "ถนนนิมิตใหม่", "branch_4_highway": "primary" }, "geometry": { "type": "Point", "coordinates": [ 100.7316814, 13.8851404 ] } },
{ "type": "Feature", "properties": { "osm_node_id": "3053292428", "latitude": 13.8842199, "longitude": 100.7368892, "street_names": "ซอย นิมิตรใหม่ 40; ซอยนิมิตใหม่ 40", "highway_types": "residential", "in_degree": 3, "out_degree": 3, "fully_bidirectional": false, "traffic_signals": false, "junction": "", "minimum_branch_angle": 82.57, "maximum_branch_angle": 98.31, "cross_score": 0.9201, "likely_geometric_cross": true, "osm_url": "https://www.openstreetmap.org/node/3053292428", "branch_1_neighbor": "8383438011", "branch_1_bearing": 80.56, "branch_1_street": "ซอยนิมิตใหม่ 40", "branch_1_highway": "residential", "branch_2_neighbor": "2373565246", "branch_2_bearing": 178.87, "branch_2_street": "ซอย นิมิตรใหม่ 40", "branch_2_highway": "residential", "branch_3_neighbor": "5880882137", "branch_3_bearing": 261.91, "branch_3_street": "ซอยนิมิตใหม่ 40", "branch_3_highway": "residential", "branch_4_neighbor": "3053299141", "branch_4_bearing": 357.99, "branch_4_street": "ซอย นิมิตรใหม่ 40", "branch_4_highway": "residential" }, "geometry": { "type": "Point", "coordinates": [ 100.7368892, 13.8842199 ] } },
{ "type": "Feature", "properties": { "osm_node_id": "2555247035", "latitude": 13.8604049, "longitude": 100.7072443, "street_names": "ถนนปัญญาอินทรา; ถนนเลียบคลองสอง", "highway_types": "secondary; tertiary", "in_degree": 2, "out_degree": 2, "fully_bidirectional": false, "traffic_signals": true, "junction": "", "minimum_branch_angle": 82.32, "maximum_branch_angle": 98.25, "cross_score": 0.9198, "likely_geometric_cross": true, "osm_url": "https://www.openstreetmap.org/node/2555247035", "branch_1_neighbor": "518784509", "branch_1_bearing": 1.34, "branch_1_street": "ถนนปัญญาอินทรา", "branch_1_highway": "tertiary", "branch_2_neighbor": "8144608919", "branch_2_bearing": 83.66, "branch_2_street": "ถนนเลียบคลองสอง", "branch_2_highway": "secondary", "branch_3_neighbor": "3840059158", "branch_3_bearing": 179.84, "branch_3_street": "ถนนปัญญาอินทรา", "branch_3_highway": "tertiary", "branch_4_neighbor": "7908343127", "branch_4_bearing": 263.1, "branch_4_street": "ถนนเลียบคลองสอง", "branch_4_highway": "secondary" }, "geometry": { "type": "Point", "coordinates": [ 100.7072443, 13.8604049 ] } },
{ "type": "Feature", "properties": { "osm_node_id": "3840099964", "latitude": 13.8520533, "longitude": 100.685112, "street_names": "ชัยพฤกษ์ A18; ชัยพฤกษ์ B1; ชัยพฤกษ์ B2; ชัยพฤกษ์ B4", "highway_types": "residential", "in_degree": 4, "out_degree": 4, "fully_bidirectional": true, "traffic_signals": false, "junction": "", "minimum_branch_angle": 82.23, "maximum_branch_angle": 97.93, "cross_score": 0.9197, "likely_geometric_cross": true, "osm_url": "https://www.openstreetmap.org/node/3840099964", "branch_1_neighbor": "8127836294", "branch_1_bearing": 13.49, "branch_1_street": "ชัยพฤกษ์ B2", "branch_1_highway": "residential", "branch_2_neighbor": "3840099960", "branch_2_bearing": 95.72, "branch_2_street": "ชัยพฤกษ์ A18; ชัยพฤกษ์ B1", "branch_2_highway": "residential", "branch_3_neighbor": "3840099957", "branch_3_bearing": 193.64, "branch_3_street": "", "branch_3_highway": "residential", "branch_4_neighbor": "3840099965", "branch_4_bearing": 276.97, "branch_4_street": "ชัยพฤกษ์ B4", "branch_4_highway": "residential" }, "geometry": { "type": "Point", "coordinates": [ 100.685112, 13.8520533 ] } },
{ "type": "Feature", "properties": { "osm_node_id": "12336575054", "latitude": 13.8369423, "longitude": 100.7013528, "street_names": "", "highway_types": "residential", "in_degree": 4, "out_degree": 4, "fully_bidirectional": true, "traffic_signals": false, "junction": "", "minimum_branch_angle": 81.32, "maximum_branch_angle": 98.89, "cross_score": 0.9187, "likely_geometric_cross": true, "osm_url": "https://www.openstreetmap.org/node/12336575054", "branch_1_neighbor": "12336575055", "branch_1_bearing": 61.01, "branch_1_street": "", "branch_1_highway": "residential", "branch_2_neighbor": "12336575057", "branch_2_bearing": 159.89, "branch_2_street": "", "branch_2_highway": "residential", "branch_3_neighbor": "12336575053", "branch_3_bearing": 255.64, "branch_3_street": "", "branch_3_highway": "residential", "branch_4_neighbor": "12336575050", "branch_4_bearing": 339.69, "branch_4_street": "", "branch_4_highway": "residential" }, "geometry": { "type": "Point", "coordinates": [ 100.7013528, 13.8369423 ] } },
{ "type": "Feature", "properties": { "osm_node_id": "3841912712", "latitude": 13.837784, "longitude": 100.7124814, "street_names": "ถนนเจริญพัฒนา; เจริญพัฒนา 23", "highway_types": "residential; tertiary", "in_degree": 4, "out_degree": 4, "fully_bidirectional": true, "traffic_signals": false, "junction": "", "minimum_branch_angle": 82.3, "maximum_branch_angle": 97.38, "cross_score": 0.9181, "likely_geometric_cross": true, "osm_url": "https://www.openstreetmap.org/node/3841912712", "branch_1_neighbor": "8201125925", "branch_1_bearing": 9.14, "branch_1_street": "ถนนเจริญพัฒนา", "branch_1_highway": "tertiary", "branch_2_neighbor": "3841912703", "branch_2_bearing": 91.43, "branch_2_street": "", "branch_2_highway": "residential", "branch_3_neighbor": "3841912696", "branch_3_bearing": 188.81, "branch_3_street": "ถนนเจริญพัฒนา", "branch_3_highway": "tertiary", "branch_4_neighbor": "8233923675", "branch_4_bearing": 271.78, "branch_4_street": "เจริญพัฒนา 23", "branch_4_highway": "residential" }, "geometry": { "type": "Point", "coordinates": [ 100.7124814, 13.837784 ] } },
{ "type": "Feature", "properties": { "osm_node_id": "2722951931", "latitude": 13.8941035, "longitude": 100.7034483, "street_names": "ซอยหนองระแหง 5; ถนนไทยรามัญ", "highway_types": "residential; tertiary", "in_degree": 4, "out_degree": 4, "fully_bidirectional": true, "traffic_signals": false, "junction": "", "minimum_branch_angle": 80.55, "maximum_branch_angle": 98.81, "cross_score": 0.9165, "likely_geometric_cross": true, "osm_url": "https://www.openstreetmap.org/node/2722951931", "branch_1_neighbor": "5941670492", "branch_1_bearing": 77.33, "branch_1_street": "ถนนไทยรามัญ", "branch_1_highway": "tertiary", "branch_2_neighbor": "6131175743", "branch_2_bearing": 176.14, "branch_2_street": "ซอยหนองระแหง 5", "branch_2_highway": "residential", "branch_3_neighbor": "5941752933", "branch_3_bearing": 260.56, "branch_3_street": "ถนนไทยรามัญ", "branch_3_highway": "tertiary", "branch_4_neighbor": "8323516709", "branch_4_bearing": 356.78, "branch_4_street": "ซอยหนองระแหง 5", "branch_4_highway": "residential" }, "geometry": { "type": "Point", "coordinates": [ 100.7034483, 13.8941035 ] } },
{ "type": "Feature", "properties": { "osm_node_id": "3840099969", "latitude": 13.852313, "longitude": 100.6862718, "street_names": "ชัยพฤกษ์ A16", "highway_types": "residential", "in_degree": 4, "out_degree": 4, "fully_bidirectional": true, "traffic_signals": false, "junction": "", "minimum_branch_angle": 81.27, "maximum_branch_angle": 97.86, "cross_score": 0.9162, "likely_geometric_cross": true, "osm_url": "https://www.openstreetmap.org/node/3840099969", "branch_1_neighbor": "3840099973", "branch_1_bearing": 12.53, "branch_1_street": "", "branch_1_highway": "residential", "branch_2_neighbor": "3840099966", "branch_2_bearing": 96.17, "branch_2_street": "", "branch_2_highway": "residential", "branch_3_neighbor": "3840099960", "branch_3_bearing": 194.03, "branch_3_street": "", "branch_3_highway": "residential", "branch_4_neighbor": "3840099970", "branch_4_bearing": 275.3, "branch_4_street": "ชัยพฤกษ์ A16", "branch_4_highway": "residential" }, "geometry": { "type": "Point", "coordinates": [ 100.6862718, 13.852313 ] } },
{ "type": "Feature", "properties": { "osm_node_id": "6124096967", "latitude": 13.8389945, "longitude": 100.7075441, "street_names": "", "highway_types": "residential", "in_degree": 4, "out_degree": 4, "fully_bidirectional": true, "traffic_signals": false, "junction": "", "minimum_branch_angle": 80.05, "maximum_branch_angle": 99.59, "cross_score": 0.9157, "likely_geometric_cross": true, "osm_url": "https://www.openstreetmap.org/node/6124096967", "branch_1_neighbor": "8201352869", "branch_1_bearing": 81.25, "branch_1_street": "", "branch_1_highway": "residential", "branch_2_neighbor": "6124096922", "branch_2_bearing": 166.04, "branch_2_street": "", "branch_2_highway": "residential", "branch_3_neighbor": "6124096966", "branch_3_bearing": 261.62, "branch_3_street": "", "branch_3_highway": "residential", "branch_4_neighbor": "6124096918", "branch_4_bearing": 341.66, "branch_4_street": "", "branch_4_highway": "residential" }, "geometry": { "type": "Point", "coordinates": [ 100.7075441, 13.8389945 ] } },
{ "type": "Feature", "properties": { "osm_node_id": "3053324381", "latitude": 13.8674271, "longitude": 100.7443579, "street_names": "", "highway_types": "residential", "in_degree": 4, "out_degree": 4, "fully_bidirectional": true, "traffic_signals": false, "junction": "", "minimum_branch_angle": 78.03, "maximum_branch_angle": 99.38, "cross_score": 0.9137, "likely_geometric_cross": true, "osm_url": "https://www.openstreetmap.org/node/3053324381", "branch_1_neighbor": "3053324445", "branch_1_bearing": 4.32, "branch_1_street": "", "branch_1_highway": "residential", "branch_2_neighbor": "3053324385", "branch_2_bearing": 82.35, "branch_2_street": "", "branch_2_highway": "residential", "branch_3_neighbor": "3053322530", "branch_3_bearing": 178.5, "branch_3_street": "", "branch_3_highway": "residential", "branch_4_neighbor": "3053324443", "branch_4_bearing": 264.95, "branch_4_street": "", "branch_4_highway": "residential" }, "geometry": { "type": "Point", "coordinates": [ 100.7443579, 13.8674271 ] } },
{ "type": "Feature", "properties": { "osm_node_id": "2562536720", "latitude": 13.8588505, "longitude": 100.7223125, "street_names": "ถนนหทัยมิตร; ถนนหทัยราษฎร์", "highway_types": "secondary; secondary_link; tertiary", "in_degree": 3, "out_degree": 3, "fully_bidirectional": false, "traffic_signals": true, "junction": "", "minimum_branch_angle": 81.57, "maximum_branch_angle": 99.16, "cross_score": 0.9133, "likely_geometric_cross": true, "osm_url": "https://www.openstreetmap.org/node/2562536720", "branch_1_neighbor": "5877963317", "branch_1_bearing": 3.62, "branch_1_street": "ถนนหทัยราษฎร์", "branch_1_highway": "secondary", "branch_2_neighbor": "5877963316", "branch_2_bearing": 85.2, "branch_2_street": "ถนนหทัยมิตร", "branch_2_highway": "tertiary", "branch_3_neighbor": "5877645861", "branch_3_bearing": 184.36, "branch_3_street": "ถนนหทัยราษฎร์", "branch_3_highway": "secondary", "branch_4_neighbor": "2075728172", "branch_4_bearing": 267.19, "branch_4_street": "", "branch_4_highway": "secondary_link" }, "geometry": { "type": "Point", "coordinates": [ 100.7223125, 13.8588505 ] } },
{ "type": "Feature", "properties": { "osm_node_id": "6124096918", "latitude": 13.8393742, "longitude": 100.7074145, "street_names": "", "highway_types": "residential", "in_degree": 4, "out_degree": 4, "fully_bidirectional": true, "traffic_signals": false, "junction": "", "minimum_branch_angle": 79.11, "maximum_branch_angle": 99.06, "cross_score": 0.9132, "likely_geometric_cross": true, "osm_url": "https://www.openstreetmap.org/node/6124096918", "branch_1_neighbor": "6124096917", "branch_1_bearing": 82.56, "branch_1_street": "", "branch_1_highway": "residential", "branch_2_neighbor": "6124096967", "branch_2_bearing": 161.66, "branch_2_street": "", "branch_2_highway": "residential", "branch_3_neighbor": "6124096919", "branch_3_bearing": 260.72, "branch_3_street": "", "branch_3_highway": "residential", "branch_4_neighbor": "8201352865", "branch_4_bearing": 345.98, "branch_4_street": "", "branch_4_highway": "residential" }, "geometry": { "type": "Point", "coordinates": [ 100.7074145, 13.8393742 ] } },
{ "type": "Feature", "properties": { "osm_node_id": "3010377758", "latitude": 13.8539064, "longitude": 100.7534498, "street_names": "ซอย 5/8; ซอยประชาร่วมใจ 31 ซอย 5; ซอยประชาร่วมใจ 31 ซอย 5/9", "highway_types": "residential", "in_degree": 4, "out_degree": 4, "fully_bidirectional": true, "traffic_signals": false, "junction": "", "minimum_branch_angle": 74.3, "maximum_branch_angle": 102.57, "cross_score": 0.9125, "likely_geometric_cross": true, "osm_url": "https://www.openstreetmap.org/node/3010377758", "branch_1_neighbor": "8163604961", "branch_1_bearing": 34.76, "branch_1_street": "ซอยประชาร่วมใจ 31 ซอย 5/9", "branch_1_highway": "residential", "branch_2_neighbor": "3010377755", "branch_2_bearing": 124.72, "branch_2_street": "ซอยประชาร่วมใจ 31 ซอย 5", "branch_2_highway": "residential", "branch_3_neighbor": "8177859266", "branch_3_bearing": 217.9, "branch_3_street": "ซอย 5/8", "branch_3_highway": "residential", "branch_4_neighbor": "8163604965", "branch_4_bearing": 320.47, "branch_4_street": "ซอยประชาร่วมใจ 31 ซอย 5", "branch_4_highway": "residential" }, "geometry": { "type": "Point", "coordinates": [ 100.7534498, 13.8539064 ] } },
{ "type": "Feature", "properties": { "osm_node_id": "6124182940", "latitude": 13.8768243, "longitude": 100.7175271, "street_names": "", "highway_types": "residential", "in_degree": 3, "out_degree": 3, "fully_bidirectional": false, "traffic_signals": false, "junction": "", "minimum_branch_angle": 76.93, "maximum_branch_angle": 103.93, "cross_score": 0.9115, "likely_geometric_cross": true, "osm_url": "https://www.openstreetmap.org/node/6124182940", "branch_1_neighbor": "8292089809", "branch_1_bearing": 16.71, "branch_1_street": "", "branch_1_highway": "residential", "branch_2_neighbor": "8292089804", "branch_2_bearing": 93.63, "branch_2_street": "", "branch_2_highway": "residential", "branch_3_neighbor": "6124182939", "branch_3_bearing": 180.78, "branch_3_street": "", "branch_3_highway": "residential", "branch_4_neighbor": "2562521913", "branch_4_bearing": 272.77, "branch_4_street": "", "branch_4_highway": "residential" }, "geometry": { "type": "Point", "coordinates": [ 100.7175271, 13.8768243 ] } },
{ "type": "Feature", "properties": { "osm_node_id": "1726187780", "latitude": 13.8496725, "longitude": 100.7211205, "street_names": "ซอยหทัยราษฎร์ 33; ถนนหทัยราษฎร์", "highway_types": "residential; secondary; secondary_link", "in_degree": 3, "out_degree": 3, "fully_bidirectional": false, "traffic_signals": false, "junction": "", "minimum_branch_angle": 76.5, "maximum_branch_angle": 104.42, "cross_score": 0.9114, "likely_geometric_cross": true, "osm_url": "https://www.openstreetmap.org/node/1726187780", "branch_1_neighbor": "8105512258", "branch_1_bearing": 7.52, "branch_1_street": "ถนนหทัยราษฎร์", "branch_1_highway": "secondary", "branch_2_neighbor": "2562536729", "branch_2_bearing": 99.06, "branch_2_street": "", "branch_2_highway": "secondary_link", "branch_3_neighbor": "5372947458", "branch_3_bearing": 186.6, "branch_3_street": "ถนนหทัยราษฎร์", "branch_3_highway": "secondary", "branch_4_neighbor": "5259000588", "branch_4_bearing": 263.11, "branch_4_street": "ซอยหทัยราษฎร์ 33", "branch_4_highway": "residential" }, "geometry": { "type": "Point", "coordinates": [ 100.7211205, 13.8496725 ] } },
{ "type": "Feature", "properties": { "osm_node_id": "2373583199", "latitude": 13.8843902, "longitude": 100.7375325, "street_names": "ทางเข้าหมู่บ้านเคซีการ์เด้นโฮม", "highway_types": "residential", "in_degree": 3, "out_degree": 3, "fully_bidirectional": false, "traffic_signals": false, "junction": "", "minimum_branch_angle": 80.66, "maximum_branch_angle": 100.11, "cross_score": 0.9111, "likely_geometric_cross": true, "osm_url": "https://www.openstreetmap.org/node/2373583199", "branch_1_neighbor": "2373565243", "branch_1_bearing": 81.06, "branch_1_street": "ทางเข้าหมู่บ้านเคซีการ์เด้นโฮม", "branch_1_highway": "residential", "branch_2_neighbor": "8383438011", "branch_2_bearing": 181.17, "branch_2_street": "", "branch_2_highway": "residential", "branch_3_neighbor": "3053299141", "branch_3_bearing": 261.83, "branch_3_street": "ทางเข้าหมู่บ้านเคซีการ์เด้นโฮม", "branch_3_highway": "residential", "branch_4_neighbor": "3053299136", "branch_4_bearing": 357.72, "branch_4_street": "", "branch_4_highway": "residential" }, "geometry": { "type": "Point", "coordinates": [ 100.7375325, 13.8843902 ] } },
{ "type": "Feature", "properties": { "osm_node_id": "2722951940", "latitude": 13.9061458, "longitude": 100.6996359, "street_names": "ซอยหนองระแหง 5; ถนนหนองระแหง", "highway_types": "residential; tertiary", "in_degree": 4, "out_degree": 4, "fully_bidirectional": true, "traffic_signals": false, "junction": "", "minimum_branch_angle": 73.85, "maximum_branch_angle": 101.62, "cross_score": 0.9103, "likely_geometric_cross": true, "osm_url": "https://www.openstreetmap.org/node/2722951940", "branch_1_neighbor": "5936033922", "branch_1_bearing": 50.72, "branch_1_street": "ถนนหนองระแหง", "branch_1_highway": "tertiary", "branch_2_neighbor": "8323516709", "branch_2_bearing": 142.67, "branch_2_street": "ซอยหนองระแหง 5", "branch_2_highway": "residential", "branch_3_neighbor": "8323516714", "branch_3_bearing": 235.25, "branch_3_street": "ถนนหนองระแหง", "branch_3_highway": "tertiary", "branch_4_neighbor": "8323516703", "branch_4_bearing": 309.1, "branch_4_street": "", "branch_4_highway": "residential" }, "geometry": { "type": "Point", "coordinates": [ 100.6996359, 13.9061458 ] } },
{ "type": "Feature", "properties": { "osm_node_id": "6128822544", "latitude": 13.8408751, "longitude": 100.698682, "street_names": "ถนนสุเหร่าคลองหนึ่ง; สุเหร่าคลองหนึ่ง 2", "highway_types": "residential; secondary", "in_degree": 4, "out_degree": 4, "fully_bidirectional": true, "traffic_signals": false, "junction": "", "minimum_branch_angle": 81.6, "maximum_branch_angle": 98.39, "cross_score": 0.9103, "likely_geometric_cross": true, "osm_url": "https://www.openstreetmap.org/node/6128822544", "branch_1_neighbor": "9343429231", "branch_1_bearing": 0.31, "branch_1_street": "", "branch_1_highway": "residential", "branch_2_neighbor": "8295400021", "branch_2_bearing": 81.91, "branch_2_street": "ถนนสุเหร่าคลองหนึ่ง", "branch_2_highway": "secondary", "branch_3_neighbor": "6128822543", "branch_3_bearing": 179.66, "branch_3_street": "สุเหร่าคลองหนึ่ง 2", "branch_3_highway": "residential", "branch_4_neighbor": "8295400019", "branch_4_bearing": 261.91, "branch_4_street": "ถนนสุเหร่าคลองหนึ่ง", "branch_4_highway": "secondary" }, "geometry": { "type": "Point", "coordinates": [ 100.698682, 13.8408751 ] } },
{ "type": "Feature", "properties": { "osm_node_id": "353334452", "latitude": 13.8342959, "longitude": 100.6968136, "street_names": "ซอยพระยาสุเรนทร์ 23; ซอยพระยาสุเรนทร์ 23 แยก 4", "highway_types": "residential", "in_degree": 4, "out_degree": 4, "fully_bidirectional": true, "traffic_signals": false, "junction": "", "minimum_branch_angle": 78.72, "maximum_branch_angle": 98.49, "cross_score": 0.9096, "likely_geometric_cross": true, "osm_url": "https://www.openstreetmap.org/node/353334452", "branch_1_neighbor": "3841938495", "branch_1_bearing": 72.72, "branch_1_street": "ซอยพระยาสุเรนทร์ 23", "branch_1_highway": "residential", "branch_2_neighbor": "353334101", "branch_2_bearing": 151.44, "branch_2_street": "", "branch_2_highway": "residential", "branch_3_neighbor": "8034727810", "branch_3_bearing": 249.94, "branch_3_street": "ซอยพระยาสุเรนทร์ 23", "branch_3_highway": "residential", "branch_4_neighbor": "353334097", "branch_4_bearing": 334.94, "branch_4_street": "ซอยพระยาสุเรนทร์ 23 แยก 4", "branch_4_highway": "residential" }, "geometry": { "type": "Point", "coordinates": [ 100.6968136, 13.8342959 ] } },
{ "type": "Feature", "properties": { "osm_node_id": "8292089804", "latitude": 13.8768203, "longitude": 100.717592, "street_names": "", "highway_types": "residential", "in_degree": 3, "out_degree": 3, "fully_bidirectional": false, "traffic_signals": false, "junction": "", "minimum_branch_angle": 77.69, "maximum_branch_angle": 102.37, "cross_score": 0.908, "likely_geometric_cross": true, "osm_url": "https://www.openstreetmap.org/node/8292089804", "branch_1_neighbor": "6124182942", "branch_1_bearing": 93.69, "branch_1_street": "", "branch_1_highway": "residential", "branch_2_neighbor": "8292089805", "branch_2_bearing": 179.44, "branch_2_street": "", "branch_2_highway": "residential", "branch_3_neighbor": "6124182940", "branch_3_bearing": 273.63, "branch_3_street": "", "branch_3_highway": "residential", "branch_4_neighbor": "8292089809", "branch_4_bearing": 351.32, "branch_4_street": "", "branch_4_highway": "residential" }, "geometry": { "type": "Point", "coordinates": [ 100.717592, 13.8768203 ] } },
{ "type": "Feature", "properties": { "osm_node_id": "5886537092", "latitude": 13.9199752, "longitude": 100.7811882, "street_names": "ซอยไมตรีจิต 9", "highway_types": "residential", "in_degree": 4, "out_degree": 4, "fully_bidirectional": true, "traffic_signals": false, "junction": "", "minimum_branch_angle": 76.2, "maximum_branch_angle": 104.72, "cross_score": 0.9078, "likely_geometric_cross": true, "osm_url": "https://www.openstreetmap.org/node/5886537092", "branch_1_neighbor": "8253676638", "branch_1_bearing": 0.68, "branch_1_street": "ซอยไมตรีจิต 9", "branch_1_highway": "residential", "branch_2_neighbor": "5886536868", "branch_2_bearing": 87.89, "branch_2_street": "", "branch_2_highway": "residential", "branch_3_neighbor": "5886537097", "branch_3_bearing": 179.77, "branch_3_street": "ซอยไมตรีจิต 9", "branch_3_highway": "residential", "branch_4_neighbor": "5886536873", "branch_4_bearing": 255.96, "branch_4_street": "", "branch_4_highway": "residential" }, "geometry": { "type": "Point", "coordinates": [ 100.7811882, 13.9199752 ] } },
{ "type": "Feature", "properties": { "osm_node_id": "6129277191", "latitude": 13.8523235, "longitude": 100.6837639, "street_names": "", "highway_types": "residential", "in_degree": 4, "out_degree": 4, "fully_bidirectional": true, "traffic_signals": false, "junction": "", "minimum_branch_angle": 80.78, "maximum_branch_angle": 106.75, "cross_score": 0.9069, "likely_geometric_cross": true, "osm_url": "https://www.openstreetmap.org/node/6129277191", "branch_1_neighbor": "8128000348", "branch_1_bearing": 18.07, "branch_1_street": "", "branch_1_highway": "residential", "branch_2_neighbor": "6129277192", "branch_2_bearing": 104.06, "branch_2_street": "", "branch_2_highway": "residential", "branch_3_neighbor": "6129277224", "branch_3_bearing": 184.84, "branch_3_street": "", "branch_3_highway": "residential", "branch_4_neighbor": "6129277190", "branch_4_bearing": 291.59, "branch_4_street": "", "branch_4_highway": "residential" }, "geometry": { "type": "Point", "coordinates": [ 100.6837639, 13.8523235 ] } },
{ "type": "Feature", "properties": { "osm_node_id": "8292089806", "latitude": 13.8756132, "longitude": 100.7176048, "street_names": "", "highway_types": "residential", "in_degree": 3, "out_degree": 3, "fully_bidirectional": false, "traffic_signals": false, "junction": "", "minimum_branch_angle": 73.06, "maximum_branch_angle": 106.19, "cross_score": 0.9059, "likely_geometric_cross": true, "osm_url": "https://www.openstreetmap.org/node/8292089806", "branch_1_neighbor": "6124183000", "branch_1_bearing": 90.23, "branch_1_street": "", "branch_1_highway": "residential", "branch_2_neighbor": "8292089807", "branch_2_bearing": 196.43, "branch_2_street": "", "branch_2_highway": "residential", "branch_3_neighbor": "6124182939", "branch_3_bearing": 269.49, "branch_3_street": "", "branch_3_highway": "residential", "branch_4_neighbor": "8292089805", "branch_4_bearing": 359.78, "branch_4_street": "", "branch_4_highway": "residential" }, "geometry": { "type": "Point", "coordinates": [ 100.7176048, 13.8756132 ] } },
{ "type": "Feature", "properties": { "osm_node_id": "6117202387", "latitude": 13.8523318, "longitude": 100.7116692, "street_names": "", "highway_types": "residential", "in_degree": 3, "out_degree": 3, "fully_bidirectional": false, "traffic_signals": false, "junction": "", "minimum_branch_angle": 80.71, "maximum_branch_angle": 99.37, "cross_score": 0.9046, "likely_geometric_cross": true, "osm_url": "https://www.openstreetmap.org/node/6117202387", "branch_1_neighbor": "6117202390", "branch_1_bearing": 2.61, "branch_1_street": "", "branch_1_highway": "residential", "branch_2_neighbor": "6117202388", "branch_2_bearing": 84.73, "branch_2_street": "", "branch_2_highway": "residential", "branch_3_neighbor": "6117202268", "branch_3_bearing": 182.52, "branch_3_street": "", "branch_3_highway": "residential", "branch_4_neighbor": "6117202260", "branch_4_bearing": 263.23, "branch_4_street": "", "branch_4_highway": "residential" }, "geometry": { "type": "Point", "coordinates": [ 100.7116692, 13.8523318 ] } },
{ "type": "Feature", "properties": { "osm_node_id": "5867167855", "latitude": 13.8571651, "longitude": 100.7879721, "street_names": "ซอยประชาร่วมใจ 67; แบนชโด 1", "highway_types": "residential", "in_degree": 4, "out_degree": 4, "fully_bidirectional": true, "traffic_signals": false, "junction": "", "minimum_branch_angle": 80.52, "maximum_branch_angle": 98.88, "cross_score": 0.9043, "likely_geometric_cross": true, "osm_url": "https://www.openstreetmap.org/node/5867167855", "branch_1_neighbor": "8232831015", "branch_1_bearing": 55.88, "branch_1_street": "แบนชโด 1", "branch_1_highway": "residential", "branch_2_neighbor": "3012564668", "branch_2_bearing": 154.22, "branch_2_street": "ซอยประชาร่วมใจ 67", "branch_2_highway": "residential", "branch_3_neighbor": "8236331119", "branch_3_bearing": 236.49, "branch_3_street": "แบนชโด 1", "branch_3_highway": "residential", "branch_4_neighbor": "8236273300", "branch_4_bearing": 335.37, "branch_4_street": "", "branch_4_highway": "residential" }, "geometry": { "type": "Point", "coordinates": [ 100.7879721, 13.8571651 ] } },
{ "type": "Feature", "properties": { "osm_node_id": "6124096922", "latitude": 13.8386259, "longitude": 100.7075817, "street_names": "", "highway_types": "residential", "in_degree": 4, "out_degree": 4, "fully_bidirectional": true, "traffic_signals": false, "junction": "", "minimum_branch_angle": 78.99, "maximum_branch_angle": 100.55, "cross_score": 0.904, "likely_geometric_cross": true, "osm_url": "https://www.openstreetmap.org/node/6124096922", "branch_1_neighbor": "6124096967", "branch_1_bearing": 1.65, "branch_1_street": "", "branch_1_highway": "residential", "branch_2_neighbor": "6124096920", "branch_2_bearing": 80.64, "branch_2_street": "", "branch_2_highway": "residential", "branch_3_neighbor": "8233827729", "branch_3_bearing": 177.36, "branch_3_street": "", "branch_3_highway": "residential", "branch_4_neighbor": "6124096923", "branch_4_bearing": 261.1, "branch_4_street": "", "branch_4_highway": "residential" }, "geometry": { "type": "Point", "coordinates": [ 100.7075817, 13.8386259 ] } },
{ "type": "Feature", "properties": { "osm_node_id": "8086897648", "latitude": 13.8588846, "longitude": 100.6931272, "street_names": "ถนนคู้บอน; ถนนพระยาสุเรนทร์", "highway_types": "secondary; tertiary", "in_degree": 2, "out_degree": 2, "fully_bidirectional": false, "traffic_signals": true, "junction": "", "minimum_branch_angle": 80.05, "maximum_branch_angle": 99.36, "cross_score": 0.9032, "likely_geometric_cross": true, "osm_url": "https://www.openstreetmap.org/node/8086897648", "branch_1_neighbor": "2555247039", "branch_1_bearing": 79.61, "branch_1_street": "ถนนคู้บอน", "branch_1_highway": "secondary", "branch_2_neighbor": "8086897632", "branch_2_bearing": 178.97, "branch_2_street": "ถนนพระยาสุเรนทร์", "branch_2_highway": "tertiary", "branch_3_neighbor": "3840087467", "branch_3_bearing": 259.02, "branch_3_street": "ถนนคู้บอน", "branch_3_highway": "secondary", "branch_4_neighbor": "8086897649", "branch_4_bearing": 357.09, "branch_4_street": "ถนนพระยาสุเรนทร์", "branch_4_highway": "tertiary" }, "geometry": { "type": "Point", "coordinates": [ 100.6931272, 13.8588846 ] } },
{ "type": "Feature", "properties": { "osm_node_id": "8186388422", "latitude": 13.8828349, "longitude": 100.7742817, "street_names": "", "highway_types": "residential", "in_degree": 4, "out_degree": 4, "fully_bidirectional": true, "traffic_signals": false, "junction": "", "minimum_branch_angle": 79.02, "maximum_branch_angle": 100.8, "cross_score": 0.9025, "likely_geometric_cross": true, "osm_url": "https://www.openstreetmap.org/node/8186388422", "branch_1_neighbor": "5870015214", "branch_1_bearing": 87.87, "branch_1_street": "", "branch_1_highway": "residential", "branch_2_neighbor": "5870015223", "branch_2_bearing": 166.9, "branch_2_street": "", "branch_2_highway": "residential", "branch_3_neighbor": "8186388431", "branch_3_bearing": 267.7, "branch_3_street": "", "branch_3_highway": "residential", "branch_4_neighbor": "8186388430", "branch_4_bearing": 351.12, "branch_4_street": "", "branch_4_highway": "residential" }, "geometry": { "type": "Point", "coordinates": [ 100.7742817, 13.8828349 ] } },
{ "type": "Feature", "properties": { "osm_node_id": "8011576683", "latitude": 13.8576899, "longitude": 100.6819832, "street_names": "", "highway_types": "residential", "in_degree": 3, "out_degree": 3, "fully_bidirectional": false, "traffic_signals": false, "junction": "", "minimum_branch_angle": 75.35, "maximum_branch_angle": 107.8, "cross_score": 0.9011, "likely_geometric_cross": true, "osm_url": "https://www.openstreetmap.org/node/8011576683", "branch_1_neighbor": "3840100096", "branch_1_bearing": 75.94, "branch_1_street": "", "branch_1_highway": "residential", "branch_2_neighbor": "8011634686", "branch_2_bearing": 163.91, "branch_2_street": "", "branch_2_highway": "residential", "branch_3_neighbor": "8011576684", "branch_3_bearing": 252.79, "branch_3_street": "", "branch_3_highway": "residential", "branch_4_neighbor": "3840100094", "branch_4_bearing": 328.14, "branch_4_street": "", "branch_4_highway": "residential" }, "geometry": { "type": "Point", "coordinates": [ 100.6819832, 13.8576899 ] } },
{ "type": "Feature", "properties": { "osm_node_id": "2555247015", "latitude": 13.8618651, "longitude": 100.7223751, "street_names": "ถนนหทัยราษฎร์; ถนนเลียบคลองสอง", "highway_types": "secondary; secondary_link", "in_degree": 2, "out_degree": 2, "fully_bidirectional": false, "traffic_signals": true, "junction": "", "minimum_branch_angle": 73.31, "maximum_branch_angle": 103.49, "cross_score": 0.8982, "likely_geometric_cross": true, "osm_url": "https://www.openstreetmap.org/node/2555247015", "branch_1_neighbor": "1684124351", "branch_1_bearing": 4.92, "branch_1_street": "ถนนหทัยราษฎร์", "branch_1_highway": "secondary", "branch_2_neighbor": "5877963375", "branch_2_bearing": 93.28, "branch_2_street": "ถนนเลียบคลองสอง", "branch_2_highway": "secondary_link", "branch_3_neighbor": "13267310124", "branch_3_bearing": 188.11, "branch_3_street": "ถนนหทัยราษฎร์", "branch_3_highway": "secondary", "branch_4_neighbor": "13267310129", "branch_4_bearing": 261.42, "branch_4_street": "ถนนเลียบคลองสอง", "branch_4_highway": "secondary" }, "geometry": { "type": "Point", "coordinates": [ 100.7223751, 13.8618651 ] } },
{ "type": "Feature", "properties": { "osm_node_id": "8392620342", "latitude": 13.8729128, "longitude": 100.6894381, "street_names": "ถนนพระยาสุเรนทร์", "highway_types": "residential; tertiary", "in_degree": 4, "out_degree": 4, "fully_bidirectional": true, "traffic_signals": false, "junction": "", "minimum_branch_angle": 72.76, "maximum_branch_angle": 108.29, "cross_score": 0.8972, "likely_geometric_cross": true, "osm_url": "https://www.openstreetmap.org/node/8392620342", "branch_1_neighbor": "8392620338", "branch_1_bearing": 49.43, "branch_1_street": "", "branch_1_highway": "residential", "branch_2_neighbor": "6130974407", "branch_2_bearing": 157.71, "branch_2_street": "ถนนพระยาสุเรนทร์", "branch_2_highway": "tertiary", "branch_3_neighbor": "8485677672", "branch_3_bearing": 247.93, "branch_3_street": "", "branch_3_highway": "residential", "branch_4_neighbor": "8649649490", "branch_4_bearing": 336.66, "branch_4_street": "ถนนพระยาสุเรนทร์", "branch_4_highway": "tertiary" }, "geometry": { "type": "Point", "coordinates": [ 100.6894381, 13.8729128 ] } },
{ "type": "Feature", "properties": { "osm_node_id": "3840099951", "latitude": 13.8513302, "longitude": 100.6849003, "street_names": "", "highway_types": "residential", "in_degree": 4, "out_degree": 4, "fully_bidirectional": true, "traffic_signals": false, "junction": "", "minimum_branch_angle": 78.67, "maximum_branch_angle": 102.06, "cross_score": 0.8967, "likely_geometric_cross": true, "osm_url": "https://www.openstreetmap.org/node/3840099951", "branch_1_neighbor": "3840099957", "branch_1_bearing": 17.78, "branch_1_street": "", "branch_1_highway": "residential", "branch_2_neighbor": "3840099950", "branch_2_bearing": 96.45, "branch_2_street": "", "branch_2_highway": "residential", "branch_3_neighbor": "3840099943", "branch_3_bearing": 192.99, "branch_3_street": "", "branch_3_highway": "residential", "branch_4_neighbor": "3840099952", "branch_4_bearing": 275.72, "branch_4_street": "", "branch_4_highway": "residential" }, "geometry": { "type": "Point", "coordinates": [ 100.6849003, 13.8513302 ] } },
{ "type": "Feature", "properties": { "osm_node_id": "3840087071", "latitude": 13.8472468, "longitude": 100.6996295, "street_names": "ถนนปัญญาอินทรา", "highway_types": "residential; tertiary", "in_degree": 3, "out_degree": 3, "fully_bidirectional": false, "traffic_signals": false, "junction": "", "minimum_branch_angle": 77.22, "maximum_branch_angle": 102.78, "cross_score": 0.8949, "likely_geometric_cross": true, "osm_url": "https://www.openstreetmap.org/node/3840087071", "branch_1_neighbor": "8140789123", "branch_1_bearing": 1.24, "branch_1_street": "ถนนปัญญาอินทรา", "branch_1_highway": "tertiary", "branch_2_neighbor": "3840061882", "branch_2_bearing": 85.12, "branch_2_street": "", "branch_2_highway": "residential", "branch_3_neighbor": "8301830301", "branch_3_bearing": 181.24, "branch_3_street": "ถนนปัญญาอินทรา", "branch_3_highway": "tertiary", "branch_4_neighbor": "7908343089", "branch_4_bearing": 258.46, "branch_4_street": "", "branch_4_highway": "residential" }, "geometry": { "type": "Point", "coordinates": [ 100.6996295, 13.8472468 ] } },
{ "type": "Feature", "properties": { "osm_node_id": "3840099957", "latitude": 13.8516905, "longitude": 100.6850193, "street_names": "ชัยพฤกษ์ B3; ชัยพฤกษ์ B6", "highway_types": "residential", "in_degree": 4, "out_degree": 4, "fully_bidirectional": true, "traffic_signals": false, "junction": "", "minimum_branch_angle": 78.26, "maximum_branch_angle": 101.52, "cross_score": 0.8921, "likely_geometric_cross": true, "osm_url": "https://www.openstreetmap.org/node/3840099957", "branch_1_neighbor": "3840099964", "branch_1_bearing": 13.94, "branch_1_street": "", "branch_1_highway": "residential", "branch_2_neighbor": "3840099956", "branch_2_bearing": 96.26, "branch_2_street": "ชัยพฤกษ์ B3", "branch_2_highway": "residential", "branch_3_neighbor": "3840099951", "branch_3_bearing": 197.78, "branch_3_street": "", "branch_3_highway": "residential", "branch_4_neighbor": "3840099958", "branch_4_bearing": 276.04, "branch_4_street": "ชัยพฤกษ์ B6", "branch_4_highway": "residential" }, "geometry": { "type": "Point", "coordinates": [ 100.6850193, 13.8516905 ] } },
{ "type": "Feature", "properties": { "osm_node_id": "5817271214", "latitude": 13.8425359, "longitude": 100.7816134, "street_names": "ถนนประชาร่วมใจ", "highway_types": "residential; secondary", "in_degree": 4, "out_degree": 4, "fully_bidirectional": true, "traffic_signals": false, "junction": "", "minimum_branch_angle": 79.08, "maximum_branch_angle": 100.22, "cross_score": 0.8915, "likely_geometric_cross": true, "osm_url": "https://www.openstreetmap.org/node/5817271214", "branch_1_neighbor": "5817271223", "branch_1_bearing": 71.76, "branch_1_street": "ถนนประชาร่วมใจ", "branch_1_highway": "secondary", "branch_2_neighbor": "5817271217", "branch_2_bearing": 153.13, "branch_2_street": "", "branch_2_highway": "residential", "branch_3_neighbor": "3013648347", "branch_3_bearing": 252.45, "branch_3_street": "ถนนประชาร่วมใจ", "branch_3_highway": "secondary", "branch_4_neighbor": "5817351562", "branch_4_bearing": 331.53, "branch_4_street": "", "branch_4_highway": "residential" }, "geometry": { "type": "Point", "coordinates": [ 100.7816134, 13.8425359 ] } },
{ "type": "Feature", "properties": { "osm_node_id": "8123078696", "latitude": 13.837438, "longitude": 100.7403166, "street_names": "", "highway_types": "residential", "in_degree": 3, "out_degree": 3, "fully_bidirectional": false, "traffic_signals": false, "junction": "", "minimum_branch_angle": 78.53, "maximum_branch_angle": 103.48, "cross_score": 0.8915, "likely_geometric_cross": true, "osm_url": "https://www.openstreetmap.org/node/8123078696", "branch_1_neighbor": "8123078695", "branch_1_bearing": 47.47, "branch_1_street": "", "branch_1_highway": "residential", "branch_2_neighbor": "3841822740", "branch_2_bearing": 143.52, "branch_2_street": "", "branch_2_highway": "residential", "branch_3_neighbor": "8123078694", "branch_3_bearing": 247.0, "branch_3_street": "", "branch_3_highway": "residential", "branch_4_neighbor": "3841822749", "branch_4_bearing": 328.94, "branch_4_street": "", "branch_4_highway": "residential" }, "geometry": { "type": "Point", "coordinates": [ 100.7403166, 13.837438 ] } },
{ "type": "Feature", "properties": { "osm_node_id": "3841822749", "latitude": 13.8374912, "longitude": 100.7402836, "street_names": "", "highway_types": "residential", "in_degree": 3, "out_degree": 3, "fully_bidirectional": false, "traffic_signals": false, "junction": "", "minimum_branch_angle": 70.35, "maximum_branch_angle": 98.26, "cross_score": 0.8908, "likely_geometric_cross": true, "osm_url": "https://www.openstreetmap.org/node/3841822749", "branch_1_neighbor": "8123078695", "branch_1_bearing": 78.59, "branch_1_street": "", "branch_1_highway": "residential", "branch_2_neighbor": "8123078696", "branch_2_bearing": 148.94, "branch_2_street": "", "branch_2_highway": "residential", "branch_3_neighbor": "8123078701", "branch_3_bearing": 247.2, "branch_3_street": "", "branch_3_highway": "residential", "branch_4_neighbor": "3841822755", "branch_4_bearing": 343.07, "branch_4_street": "", "branch_4_highway": "residential" }, "geometry": { "type": "Point", "coordinates": [ 100.7402836, 13.8374912 ] } },
{ "type": "Feature", "properties": { "osm_node_id": "7908343089", "latitude": 13.8472311, "longitude": 100.6995503, "street_names": "ถนนปัญญาอินทรา", "highway_types": "residential; tertiary", "in_degree": 3, "out_degree": 3, "fully_bidirectional": false, "traffic_signals": false, "junction": "", "minimum_branch_angle": 77.63, "maximum_branch_angle": 103.2, "cross_score": 0.8904, "likely_geometric_cross": true, "osm_url": "https://www.openstreetmap.org/node/7908343089", "branch_1_neighbor": "7908343109", "branch_1_bearing": 0.83, "branch_1_street": "ถนนปัญญาอินทรา", "branch_1_highway": "tertiary", "branch_2_neighbor": "3840087071", "branch_2_bearing": 78.46, "branch_2_street": "", "branch_2_highway": "residential", "branch_3_neighbor": "8301830290", "branch_3_bearing": 181.66, "branch_3_street": "ถนนปัญญาอินทรา", "branch_3_highway": "tertiary", "branch_4_neighbor": "3840058764", "branch_4_bearing": 278.2, "branch_4_street": "", "branch_4_highway": "residential" }, "geometry": { "type": "Point", "coordinates": [ 100.6995503, 13.8472311 ] } },
{ "type": "Feature", "properties": { "osm_node_id": "3053328223", "latitude": 13.8568232, "longitude": 100.7461629, "street_names": "วัดสุขใจ 14", "highway_types": "residential", "in_degree": 4, "out_degree": 4, "fully_bidirectional": true, "traffic_signals": false, "junction": "", "minimum_branch_angle": 76.38, "maximum_branch_angle": 105.95, "cross_score": 0.8887, "likely_geometric_cross": true, "osm_url": "https://www.openstreetmap.org/node/3053328223", "branch_1_neighbor": "5877209401", "branch_1_bearing": 60.96, "branch_1_street": "", "branch_1_highway": "residential", "branch_2_neighbor": "5877209400", "branch_2_bearing": 137.34, "branch_2_street": "", "branch_2_highway": "residential", "branch_3_neighbor": "8163528625", "branch_3_bearing": 243.29, "branch_3_street": "", "branch_3_highway": "residential", "branch_4_neighbor": "3053328218", "branch_4_bearing": 326.88, "branch_4_street": "วัดสุขใจ 14", "branch_4_highway": "residential" }, "geometry": { "type": "Point", "coordinates": [ 100.7461629, 13.8568232 ] } },
{ "type": "Feature", "properties": { "osm_node_id": "5935920797", "latitude": 13.9069852, "longitude": 100.7144702, "street_names": "", "highway_types": "residential", "in_degree": 4, "out_degree": 4, "fully_bidirectional": true, "traffic_signals": false, "junction": "", "minimum_branch_angle": 73.26, "maximum_branch_angle": 108.2, "cross_score": 0.8871, "likely_geometric_cross": true, "osm_url": "https://www.openstreetmap.org/node/5935920797", "branch_1_neighbor": "5935920821", "branch_1_bearing": 8.31, "branch_1_street": "", "branch_1_highway": "residential", "branch_2_neighbor": "5935920825", "branch_2_bearing": 81.58, "branch_2_street": "", "branch_2_highway": "residential", "branch_3_neighbor": "5935920795", "branch_3_bearing": 173.71, "branch_3_street": "", "branch_3_highway": "residential", "branch_4_neighbor": "5935920796", "branch_4_bearing": 260.11, "branch_4_street": "", "branch_4_highway": "residential" }, "geometry": { "type": "Point", "coordinates": [ 100.7144702, 13.9069852 ] } },
{ "type": "Feature", "properties": { "osm_node_id": "3845068387", "latitude": 13.824209, "longitude": 100.7125358, "street_names": "ซอยเจริญพัฒนา 5; ถนนเจริญพัฒนา", "highway_types": "residential; tertiary", "in_degree": 4, "out_degree": 4, "fully_bidirectional": true, "traffic_signals": false, "junction": "", "minimum_branch_angle": 79.05, "maximum_branch_angle": 101.11, "cross_score": 0.8868, "likely_geometric_cross": true, "osm_url": "https://www.openstreetmap.org/node/3845068387", "branch_1_neighbor": "3845068395", "branch_1_bearing": 0.97, "branch_1_street": "ถนนเจริญพัฒนา", "branch_1_highway": "tertiary", "branch_2_neighbor": "3845068389", "branch_2_bearing": 81.55, "branch_2_street": "", "branch_2_highway": "residential", "branch_3_neighbor": "3845068382", "branch_3_bearing": 182.66, "branch_3_street": "ถนนเจริญพัฒนา", "branch_3_highway": "tertiary", "branch_4_neighbor": "3845068380", "branch_4_bearing": 261.71, "branch_4_street": "ซอยเจริญพัฒนา 5", "branch_4_highway": "residential" }, "geometry": { "type": "Point", "coordinates": [ 100.7125358, 13.824209 ] } },
{ "type": "Feature", "properties": { "osm_node_id": "6521881695", "latitude": 13.8488123, "longitude": 100.7157308, "street_names": "", "highway_types": "residential", "in_degree": 4, "out_degree": 4, "fully_bidirectional": true, "traffic_signals": false, "junction": "", "minimum_branch_angle": 76.66, "maximum_branch_angle": 102.44, "cross_score": 0.8856, "likely_geometric_cross": true, "osm_url": "https://www.openstreetmap.org/node/6521881695", "branch_1_neighbor": "6521877737", "branch_1_bearing": 80.35, "branch_1_street": "", "branch_1_highway": "residential", "branch_2_neighbor": "6521881693", "branch_2_bearing": 163.1, "branch_2_street": "", "branch_2_highway": "residential", "branch_3_neighbor": "6521877738", "branch_3_bearing": 265.54, "branch_3_street": "", "branch_3_highway": "residential", "branch_4_neighbor": "6521877736", "branch_4_bearing": 342.21, "branch_4_street": "", "branch_4_highway": "residential" }, "geometry": { "type": "Point", "coordinates": [ 100.7157308, 13.8488123 ] } },
{ "type": "Feature", "properties": { "osm_node_id": "8344076498", "latitude": 13.8389222, "longitude": 100.7200699, "street_names": "", "highway_types": "residential", "in_degree": 4, "out_degree": 4, "fully_bidirectional": true, "traffic_signals": false, "junction": "", "minimum_branch_angle": 78.48, "maximum_branch_angle": 102.48, "cross_score": 0.8855, "likely_geometric_cross": true, "osm_url": "https://www.openstreetmap.org/node/8344076498", "branch_1_neighbor": "8344076496", "branch_1_bearing": 8.22, "branch_1_street": "", "branch_1_highway": "residential", "branch_2_neighbor": "3841912742", "branch_2_bearing": 86.7, "branch_2_street": "", "branch_2_highway": "residential", "branch_3_neighbor": "3841912730", "branch_3_bearing": 184.83, "branch_3_street": "", "branch_3_highway": "residential", "branch_4_neighbor": "3841912740", "branch_4_bearing": 265.74, "branch_4_street": "", "branch_4_highway": "residential" }, "geometry": { "type": "Point", "coordinates": [ 100.7200699, 13.8389222 ] } },
{ "type": "Feature", "properties": { "osm_node_id": "5886029932", "latitude": 13.8247322, "longitude": 100.7496178, "street_names": "ถนนประชาร่วมใจ", "highway_types": "residential; secondary", "in_degree": 4, "out_degree": 4, "fully_bidirectional": true, "traffic_signals": false, "junction": "", "minimum_branch_angle": 72.2, "maximum_branch_angle": 109.12, "cross_score": 0.885, "likely_geometric_cross": true, "osm_url": "https://www.openstreetmap.org/node/5886029932", "branch_1_neighbor": "8185775542", "branch_1_bearing": 18.43, "branch_1_street": "", "branch_1_highway": "residential", "branch_2_neighbor": "3843843346", "branch_2_bearing": 90.63, "branch_2_street": "ถนนประชาร่วมใจ", "branch_2_highway": "secondary", "branch_3_neighbor": "8185775541", "branch_3_bearing": 182.22, "branch_3_street": "", "branch_3_highway": "residential", "branch_4_neighbor": "10308160186", "branch_4_bearing": 269.31, "branch_4_street": "ถนนประชาร่วมใจ", "branch_4_highway": "secondary" }, "geometry": { "type": "Point", "coordinates": [ 100.7496178, 13.8247322 ] } },
{ "type": "Feature", "properties": { "osm_node_id": "1726187768", "latitude": 13.8365014, "longitude": 100.720026, "street_names": "ซอยหทัยราษฎร์ 31; ถนนหทัยราษฎร์", "highway_types": "residential; secondary", "in_degree": 3, "out_degree": 3, "fully_bidirectional": false, "traffic_signals": false, "junction": "", "minimum_branch_angle": 79.14, "maximum_branch_angle": 101.25, "cross_score": 0.8848, "likely_geometric_cross": true, "osm_url": "https://www.openstreetmap.org/node/1726187768", "branch_1_neighbor": "3841912704", "branch_1_bearing": 4.61, "branch_1_street": "ถนนหทัยราษฎร์", "branch_1_highway": "secondary", "branch_2_neighbor": "2562536727", "branch_2_bearing": 83.75, "branch_2_street": "", "branch_2_highway": "residential", "branch_3_neighbor": "6124097027", "branch_3_bearing": 183.24, "branch_3_street": "ถนนหทัยราษฎร์", "branch_3_highway": "secondary", "branch_4_neighbor": "8080465998", "branch_4_bearing": 263.36, "branch_4_street": "ซอยหทัยราษฎร์ 31", "branch_4_highway": "residential" }, "geometry": { "type": "Point", "coordinates": [ 100.720026, 13.8365014 ] } },
{ "type": "Feature", "properties": { "osm_node_id": "5870079373", "latitude": 13.9172338, "longitude": 100.7684133, "street_names": "ซอยไมตรีจิต 7", "highway_types": "residential", "in_degree": 4, "out_degree": 4, "fully_bidirectional": true, "traffic_signals": false, "junction": "", "minimum_branch_angle": 77.76, "maximum_branch_angle": 101.18, "cross_score": 0.8847, "likely_geometric_cross": true, "osm_url": "https://www.openstreetmap.org/node/5870079373", "branch_1_neighbor": "5886437846", "branch_1_bearing": 70.1, "branch_1_street": "", "branch_1_highway": "residential", "branch_2_neighbor": "5886437823", "branch_2_bearing": 169.68, "branch_2_street": "ซอยไมตรีจิต 7", "branch_2_highway": "residential", "branch_3_neighbor": "5886437854", "branch_3_bearing": 251.16, "branch_3_street": "", "branch_3_highway": "residential", "branch_4_neighbor": "5886437850", "branch_4_bearing": 352.34, "branch_4_street": "ซอยไมตรีจิต 7", "branch_4_highway": "residential" }, "geometry": { "type": "Point", "coordinates": [ 100.7684133, 13.9172338 ] } },
{ "type": "Feature", "properties": { "osm_node_id": "8073688612", "latitude": 13.8857973, "longitude": 100.7176606, "street_names": "", "highway_types": "residential", "in_degree": 3, "out_degree": 3, "fully_bidirectional": false, "traffic_signals": false, "junction": "", "minimum_branch_angle": 69.24, "maximum_branch_angle": 108.91, "cross_score": 0.8846, "likely_geometric_cross": true, "osm_url": "https://www.openstreetmap.org/node/8073688612", "branch_1_neighbor": "8073688613", "branch_1_bearing": 0.12, "branch_1_street": "", "branch_1_highway": "residential", "branch_2_neighbor": "2733169195", "branch_2_bearing": 90.39, "branch_2_street": "", "branch_2_highway": "residential", "branch_3_neighbor": "2733169194", "branch_3_bearing": 199.3, "branch_3_street": "", "branch_3_highway": "residential", "branch_4_neighbor": "8073688616", "branch_4_bearing": 268.53, "branch_4_street": "", "branch_4_highway": "residential" }, "geometry": { "type": "Point", "coordinates": [ 100.7176606, 13.8857973 ] } },
{ "type": "Feature", "properties": { "osm_node_id": "8236662628", "latitude": 13.8754293, "longitude": 100.779271, "street_names": "", "highway_types": "residential", "in_degree": 4, "out_degree": 4, "fully_bidirectional": true, "traffic_signals": false, "junction": "", "minimum_branch_angle": 74.45, "maximum_branch_angle": 102.31, "cross_score": 0.8839, "likely_geometric_cross": true, "osm_url": "https://www.openstreetmap.org/node/8236662628", "branch_1_neighbor": "8236662641", "branch_1_bearing": 57.62, "branch_1_street": "", "branch_1_highway": "residential", "branch_2_neighbor": "8236662618", "branch_2_bearing": 159.94, "branch_2_street": "", "branch_2_highway": "residential", "branch_3_neighbor": "8236662621", "branch_3_bearing": 244.59, "branch_3_street": "", "branch_3_highway": "residential", "branch_4_neighbor": "8236653004", "branch_4_bearing": 343.17, "branch_4_street": "", "branch_4_highway": "residential" }, "geometry": { "type": "Point", "coordinates": [ 100.779271, 13.8754293 ] } },
{ "type": "Feature", "properties": { "osm_node_id": "8011662817", "latitude": 13.8618234, "longitude": 100.6867517, "street_names": "", "highway_types": "residential", "in_degree": 4, "out_degree": 4, "fully_bidirectional": true, "traffic_signals": false, "junction": "", "minimum_branch_angle": 77.54, "maximum_branch_angle": 101.63, "cross_score": 0.8826, "likely_geometric_cross": true, "osm_url": "https://www.openstreetmap.org/node/8011662817", "branch_1_neighbor": "3835124917", "branch_1_bearing": 12.35, "branch_1_street": "", "branch_1_highway": "residential", "branch_2_neighbor": "8011662809", "branch_2_bearing": 111.85, "branch_2_street": "", "branch_2_highway": "residential", "branch_3_neighbor": "8011662818", "branch_3_bearing": 189.38, "branch_3_street": "", "branch_3_highway": "residential", "branch_4_neighbor": "3835124912", "branch_4_bearing": 291.01, "branch_4_street": "", "branch_4_highway": "residential" }, "geometry": { "type": "Point", "coordinates": [ 100.6867517, 13.8618234 ] } },
{ "type": "Feature", "properties": { "osm_node_id": "5886437836", "latitude": 13.9160704, "longitude": 100.7687146, "street_names": "ซอยไมตรีจิต 7", "highway_types": "residential", "in_degree": 4, "out_degree": 4, "fully_bidirectional": true, "traffic_signals": false, "junction": "", "minimum_branch_angle": 78.97, "maximum_branch_angle": 102.0, "cross_score": 0.8814, "likely_geometric_cross": true, "osm_url": "https://www.openstreetmap.org/node/5886437836", "branch_1_neighbor": "5886437813", "branch_1_bearing": 72.23, "branch_1_street": "", "branch_1_highway": "residential", "branch_2_neighbor": "5886437832", "branch_2_bearing": 171.58, "branch_2_street": "ซอยไมตรีจิต 7", "branch_2_highway": "residential", "branch_3_neighbor": "5886437835", "branch_3_bearing": 251.27, "branch_3_street": "", "branch_3_highway": "residential", "branch_4_neighbor": "5886437823", "branch_4_bearing": 353.27, "branch_4_street": "ซอยไมตรีจิต 7", "branch_4_highway": "residential" }, "geometry": { "type": "Point", "coordinates": [ 100.7687146, 13.9160704 ] } },
{ "type": "Feature", "properties": { "osm_node_id": "5933345818", "latitude": 13.9091263, "longitude": 100.6963146, "street_names": "ซอยวงศกร 1; ซอยหนองระแหง 4", "highway_types": "tertiary", "in_degree": 4, "out_degree": 4, "fully_bidirectional": true, "traffic_signals": false, "junction": "", "minimum_branch_angle": 69.45, "maximum_branch_angle": 111.3, "cross_score": 0.8814, "likely_geometric_cross": true, "osm_url": "https://www.openstreetmap.org/node/5933345818", "branch_1_neighbor": "8609595793", "branch_1_bearing": 44.45, "branch_1_street": "ซอยหนองระแหง 4", "branch_1_highway": "tertiary", "branch_2_neighbor": "3399323503", "branch_2_bearing": 155.74, "branch_2_street": "ซอยวงศกร 1", "branch_2_highway": "tertiary", "branch_3_neighbor": "5936062816", "branch_3_bearing": 245.8, "branch_3_street": "ซอยหนองระแหง 4", "branch_3_highway": "tertiary", "branch_4_neighbor": "5933392466", "branch_4_bearing": 334.99, "branch_4_street": "ซอยวงศกร 1", "branch_4_highway": "tertiary" }, "geometry": { "type": "Point", "coordinates": [ 100.6963146, 13.9091263 ] } },
{ "type": "Feature", "properties": { "osm_node_id": "8962682029", "latitude": 13.9100266, "longitude": 100.7440673, "street_names": "ซอยนิมิตใหม่ 63; ถนนนิมิตใหม่", "highway_types": "primary; residential", "in_degree": 3, "out_degree": 3, "fully_bidirectional": false, "traffic_signals": false, "junction": "", "minimum_branch_angle": 74.34, "maximum_branch_angle": 105.11, "cross_score": 0.8789, "likely_geometric_cross": true, "osm_url": "https://www.openstreetmap.org/node/8962682029", "branch_1_neighbor": "8247086732", "branch_1_bearing": 67.5, "branch_1_street": "ถนนนิมิตใหม่", "branch_1_highway": "primary", "branch_2_neighbor": "8962682028", "branch_2_bearing": 164.19, "branch_2_street": "", "branch_2_highway": "residential", "branch_3_neighbor": "5877132750", "branch_3_bearing": 248.05, "branch_3_street": "ถนนนิมิตใหม่", "branch_3_highway": "primary", "branch_4_neighbor": "6061254090", "branch_4_bearing": 353.16, "branch_4_street": "ซอยนิมิตใหม่ 63", "branch_4_highway": "residential" }, "geometry": { "type": "Point", "coordinates": [ 100.7440673, 13.9100266 ] } },
{ "type": "Feature", "properties": { "osm_node_id": "8962682028", "latitude": 13.9099094, "longitude": 100.7441015, "street_names": "ซอยนิมิตใหม่ 64; ถนนนิมิตใหม่", "highway_types": "primary; residential", "in_degree": 3, "out_degree": 3, "fully_bidirectional": false, "traffic_signals": false, "junction": "", "minimum_branch_angle": 74.39, "maximum_branch_angle": 105.6, "cross_score": 0.8781, "likely_geometric_cross": true, "osm_url": "https://www.openstreetmap.org/node/8962682028", "branch_1_neighbor": "8247070673", "branch_1_bearing": 67.86, "branch_1_street": "ถนนนิมิตใหม่", "branch_1_highway": "primary", "branch_2_neighbor": "5877669041", "branch_2_bearing": 173.46, "branch_2_street": "ซอยนิมิตใหม่ 64", "branch_2_highway": "residential", "branch_3_neighbor": "5877542234", "branch_3_bearing": 247.85, "branch_3_street": "ถนนนิมิตใหม่", "branch_3_highway": "primary", "branch_4_neighbor": "8962682029", "branch_4_bearing": 344.19, "branch_4_street": "", "branch_4_highway": "residential" }, "geometry": { "type": "Point", "coordinates": [ 100.7441015, 13.9099094 ] } },
{ "type": "Feature", "properties": { "osm_node_id": "5819567030", "latitude": 13.8367719, "longitude": 100.7696355, "street_names": "ซอย สัพพะเลข; ถนนประชาร่วมใจ", "highway_types": "residential; secondary", "in_degree": 4, "out_degree": 4, "fully_bidirectional": true, "traffic_signals": false, "junction": "", "minimum_branch_angle": 68.94, "maximum_branch_angle": 112.01, "cross_score": 0.8777, "likely_geometric_cross": true, "osm_url": "https://www.openstreetmap.org/node/5819567030", "branch_1_neighbor": "2652207999", "branch_1_bearing": 54.77, "branch_1_street": "ถนนประชาร่วมใจ", "branch_1_highway": "secondary", "branch_2_neighbor": "5819567024", "branch_2_bearing": 123.71, "branch_2_street": "ซอย สัพพะเลข", "branch_2_highway": "residential", "branch_3_neighbor": "1669530708", "branch_3_bearing": 235.72, "branch_3_street": "ถนนประชาร่วมใจ", "branch_3_highway": "secondary", "branch_4_neighbor": "5819565438", "branch_4_bearing": 324.76, "branch_4_street": "", "branch_4_highway": "residential" }, "geometry": { "type": "Point", "coordinates": [ 100.7696355, 13.8367719 ] } },
{ "type": "Feature", "properties": { "osm_node_id": "5935849061", "latitude": 13.9075886, "longitude": 100.7181201, "street_names": "", "highway_types": "residential", "in_degree": 3, "out_degree": 3, "fully_bidirectional": false, "traffic_signals": false, "junction": "", "minimum_branch_angle": 74.96, "maximum_branch_angle": 106.32, "cross_score": 0.8769, "likely_geometric_cross": true, "osm_url": "https://www.openstreetmap.org/node/5935849061", "branch_1_neighbor": "5935849057", "branch_1_bearing": 38.97, "branch_1_street": "", "branch_1_highway": "residential", "branch_2_neighbor": "5935849081", "branch_2_bearing": 121.85, "branch_2_street": "", "branch_2_highway": "residential", "branch_3_neighbor": "5935849055", "branch_3_bearing": 228.18, "branch_3_street": "", "branch_3_highway": "residential", "branch_4_neighbor": "5935920826", "branch_4_bearing": 303.14, "branch_4_street": "", "branch_4_highway": "residential" }, "geometry": { "type": "Point", "coordinates": [ 100.7181201, 13.9075886 ] } },
{ "type": "Feature", "properties": { "osm_node_id": "8079711396", "latitude": 13.8734435, "longitude": 100.7114386, "street_names": "", "highway_types": "residential", "in_degree": 3, "out_degree": 3, "fully_bidirectional": false, "traffic_signals": false, "junction": "", "minimum_branch_angle": 69.09, "maximum_branch_angle": 110.75, "cross_score": 0.875, "likely_geometric_cross": true, "osm_url": "https://www.openstreetmap.org/node/8079711396", "branch_1_neighbor": "6124183127", "branch_1_bearing": 86.25, "branch_1_street": "", "branch_1_highway": "residential", "branch_2_neighbor": "6124183129", "branch_2_bearing": 155.34, "branch_2_street": "", "branch_2_highway": "residential", "branch_3_neighbor": "6124182955", "branch_3_bearing": 266.09, "branch_3_street": "", "branch_3_highway": "residential", "branch_4_neighbor": "6124183128", "branch_4_bearing": 357.83, "branch_4_street": "", "branch_4_highway": "residential" }, "geometry": { "type": "Point", "coordinates": [ 100.7114386, 13.8734435 ] } },
{ "type": "Feature", "properties": { "osm_node_id": "5817136062", "latitude": 13.8393703, "longitude": 100.773706, "street_names": "ถนนประชาร่วมใจ", "highway_types": "residential; secondary", "in_degree": 4, "out_degree": 4, "fully_bidirectional": true, "traffic_signals": false, "junction": "", "minimum_branch_angle": 73.67, "maximum_branch_angle": 106.57, "cross_score": 0.8747, "likely_geometric_cross": true, "osm_url": "https://www.openstreetmap.org/node/5817136062", "branch_1_neighbor": "5817136136", "branch_1_bearing": 63.5, "branch_1_street": "ถนนประชาร่วมใจ", "branch_1_highway": "secondary", "branch_2_neighbor": "5819665194", "branch_2_bearing": 147.27, "branch_2_street": "", "branch_2_highway": "residential", "branch_3_neighbor": "5817135618", "branch_3_bearing": 243.26, "branch_3_street": "ถนนประชาร่วมใจ", "branch_3_highway": "secondary", "branch_4_neighbor": "8186600064", "branch_4_bearing": 316.93, "branch_4_street": "", "branch_4_highway": "residential" }, "geometry": { "type": "Point", "coordinates": [ 100.773706, 13.8393703 ] } },
{ "type": "Feature", "properties": { "osm_node_id": "3840059023", "latitude": 13.8565515, "longitude": 100.7026681, "street_names": "", "highway_types": "residential", "in_degree": 4, "out_degree": 4, "fully_bidirectional": true, "traffic_signals": false, "junction": "", "minimum_branch_angle": 77.6, "maximum_branch_angle": 102.5, "cross_score": 0.8745, "likely_geometric_cross": true, "osm_url": "https://www.openstreetmap.org/node/3840059023", "branch_1_neighbor": "3840059022", "branch_1_bearing": 90.74, "branch_1_street": "", "branch_1_highway": "residential", "branch_2_neighbor": "3840059010", "branch_2_bearing": 168.34, "branch_2_street": "", "branch_2_highway": "residential", "branch_3_neighbor": "3840059021", "branch_3_bearing": 268.44, "branch_3_street": "", "branch_3_highway": "residential", "branch_4_neighbor": "3840059034", "branch_4_bearing": 348.24, "branch_4_street": "", "branch_4_highway": "residential" }, "geometry": { "type": "Point", "coordinates": [ 100.7026681, 13.8565515 ] } },
{ "type": "Feature", "properties": { "osm_node_id": "6124183127", "latitude": 13.8734488, "longitude": 100.7115588, "street_names": "", "highway_types": "residential", "in_degree": 3, "out_degree": 3, "fully_bidirectional": false, "traffic_signals": false, "junction": "", "minimum_branch_angle": 69.5, "maximum_branch_angle": 112.77, "cross_score": 0.8735, "likely_geometric_cross": true, "osm_url": "https://www.openstreetmap.org/node/6124183127", "branch_1_neighbor": "6124182956", "branch_1_bearing": 86.0, "branch_1_street": "", "branch_1_highway": "residential", "branch_2_neighbor": "6124183129", "branch_2_bearing": 198.77, "branch_2_street": "", "branch_2_highway": "residential", "branch_3_neighbor": "8079711396", "branch_3_bearing": 268.27, "branch_3_street": "", "branch_3_highway": "residential", "branch_4_neighbor": "6124183126", "branch_4_bearing": 357.24, "branch_4_street": "", "branch_4_highway": "residential" }, "geometry": { "type": "Point", "coordinates": [ 100.7115588, 13.8734488 ] } },
{ "type": "Feature", "properties": { "osm_node_id": "8086748868", "latitude": 13.8589362, "longitude": 100.696722, "street_names": "", "highway_types": "residential", "in_degree": 3, "out_degree": 3, "fully_bidirectional": false, "traffic_signals": false, "junction": "", "minimum_branch_angle": 70.72, "maximum_branch_angle": 109.31, "cross_score": 0.873, "likely_geometric_cross": true, "osm_url": "https://www.openstreetmap.org/node/8086748868", "branch_1_neighbor": "3840087476", "branch_1_bearing": 88.27, "branch_1_street": "", "branch_1_highway": "residential", "branch_2_neighbor": "8086796515", "branch_2_bearing": 158.99, "branch_2_street": "", "branch_2_highway": "residential", "branch_3_neighbor": "3840087474", "branch_3_bearing": 268.3, "branch_3_street": "", "branch_3_highway": "residential", "branch_4_neighbor": "8086748869", "branch_4_bearing": 354.72, "branch_4_street": "", "branch_4_highway": "residential" }, "geometry": { "type": "Point", "coordinates": [ 100.696722, 13.8589362 ] } },
{ "type": "Feature", "properties": { "osm_node_id": "8299050751", "latitude": 13.8572993, "longitude": 100.7067268, "street_names": "", "highway_types": "residential", "in_degree": 3, "out_degree": 3, "fully_bidirectional": false, "traffic_signals": false, "junction": "", "minimum_branch_angle": 67.37, "maximum_branch_angle": 112.65, "cross_score": 0.8718, "likely_geometric_cross": true, "osm_url": "https://www.openstreetmap.org/node/8299050751", "branch_1_neighbor": "3840059168", "branch_1_bearing": 0.35, "branch_1_street": "", "branch_1_highway": "residential", "branch_2_neighbor": "3840059055", "branch_2_bearing": 90.77, "branch_2_street": "", "branch_2_highway": "residential", "branch_3_neighbor": "8299050752", "branch_3_bearing": 180.34, "branch_3_street": "", "branch_3_highway": "residential", "branch_4_neighbor": "8299050750", "branch_4_bearing": 247.7, "branch_4_street": "", "branch_4_highway": "residential" }, "geometry": { "type": "Point", "coordinates": [ 100.7067268, 13.8572993 ] } },
{ "type": "Feature", "properties": { "osm_node_id": "3840058803", "latitude": 13.850134, "longitude": 100.7074094, "street_names": "", "highway_types": "residential", "in_degree": 4, "out_degree": 4, "fully_bidirectional": true, "traffic_signals": false, "junction": "", "minimum_branch_angle": 72.57, "maximum_branch_angle": 112.77, "cross_score": 0.8705, "likely_geometric_cross": true, "osm_url": "https://www.openstreetmap.org/node/3840058803", "branch_1_neighbor": "3840058821", "branch_1_bearing": 14.66, "branch_1_street": "", "branch_1_highway": "residential", "branch_2_neighbor": "3840058808", "branch_2_bearing": 87.23, "branch_2_street": "", "branch_2_highway": "residential", "branch_3_neighbor": "3840058790", "branch_3_bearing": 177.78, "branch_3_street": "", "branch_3_highway": "residential", "branch_4_neighbor": "3840058800", "branch_4_bearing": 261.89, "branch_4_street": "", "branch_4_highway": "residential" }, "geometry": { "type": "Point", "coordinates": [ 100.7074094, 13.850134 ] } },
{ "type": "Feature", "properties": { "osm_node_id": "6521877736", "latitude": 13.8491832, "longitude": 100.7156082, "street_names": "", "highway_types": "residential", "in_degree": 4, "out_degree": 4, "fully_bidirectional": true, "traffic_signals": false, "junction": "", "minimum_branch_angle": 77.27, "maximum_branch_angle": 102.72, "cross_score": 0.8702, "likely_geometric_cross": true, "osm_url": "https://www.openstreetmap.org/node/6521877736", "branch_1_neighbor": "6521877735", "branch_1_bearing": 82.84, "branch_1_street": "", "branch_1_highway": "residential", "branch_2_neighbor": "6521881695", "branch_2_bearing": 162.21, "branch_2_street": "", "branch_2_highway": "residential", "branch_3_neighbor": "6521877734", "branch_3_bearing": 264.92, "branch_3_street": "", "branch_3_highway": "residential", "branch_4_neighbor": "6521877733", "branch_4_bearing": 342.2, "branch_4_street": "", "branch_4_highway": "residential" }, "geometry": { "type": "Point", "coordinates": [ 100.7156082, 13.8491832 ] } },
{ "type": "Feature", "properties": { "osm_node_id": "3834754705", "latitude": 13.8596453, "longitude": 100.7392992, "street_names": "ซอยวัดสุขใจ; วัดสุขใจ 5/1; วัดสุขใจ 6", "highway_types": "residential; tertiary", "in_degree": 4, "out_degree": 4, "fully_bidirectional": true, "traffic_signals": false, "junction": "", "minimum_branch_angle": 66.26, "maximum_branch_angle": 112.3, "cross_score": 0.8681, "likely_geometric_cross": true, "osm_url": "https://www.openstreetmap.org/node/3834754705", "branch_1_neighbor": "8447601547", "branch_1_bearing": 62.29, "branch_1_street": "ซอยวัดสุขใจ", "branch_1_highway": "tertiary", "branch_2_neighbor": "5877284397", "branch_2_bearing": 153.24, "branch_2_street": "วัดสุขใจ 6", "branch_2_highway": "residential", "branch_3_neighbor": "8448039427", "branch_3_bearing": 243.73, "branch_3_street": "ซอยวัดสุขใจ", "branch_3_highway": "tertiary", "branch_4_neighbor": "3834755125", "branch_4_bearing": 356.03, "branch_4_street": "วัดสุขใจ 5/1", "branch_4_highway": "residential" }, "geometry": { "type": "Point", "coordinates": [ 100.7392992, 13.8596453 ] } },
{ "type": "Feature", "properties": { "osm_node_id": "5372934272", "latitude": 13.846077, "longitude": 100.7191086, "street_names": "", "highway_types": "residential", "in_degree": 4, "out_degree": 4, "fully_bidirectional": true, "traffic_signals": false, "junction": "", "minimum_branch_angle": 69.8, "maximum_branch_angle": 110.04, "cross_score": 0.8666, "likely_geometric_cross": true, "osm_url": "https://www.openstreetmap.org/node/5372934272", "branch_1_neighbor": "5372934266", "branch_1_bearing": 82.99, "branch_1_street": "", "branch_1_highway": "residential", "branch_2_neighbor": "8344139627", "branch_2_bearing": 176.98, "branch_2_street": "", "branch_2_highway": "residential", "branch_3_neighbor": "5372934268", "branch_3_bearing": 263.16, "branch_3_street": "", "branch_3_highway": "residential", "branch_4_neighbor": "5372934271", "branch_4_bearing": 332.96, "branch_4_street": "", "branch_4_highway": "residential" }, "geometry": { "type": "Point", "coordinates": [ 100.7191086, 13.846077 ] } },
{ "type": "Feature", "properties": { "osm_node_id": "5877651734", "latitude": 13.9116133, "longitude": 100.7632237, "street_names": "ถนนไมตรีจิต", "highway_types": "residential; tertiary; tertiary_link", "in_degree": 3, "out_degree": 3, "fully_bidirectional": false, "traffic_signals": false, "junction": "", "minimum_branch_angle": 76.04, "maximum_branch_angle": 102.44, "cross_score": 0.8659, "likely_geometric_cross": true, "osm_url": "https://www.openstreetmap.org/node/5877651734", "branch_1_neighbor": "8190856045", "branch_1_bearing": 77.97, "branch_1_street": "ถนนไมตรีจิต", "branch_1_highway": "tertiary", "branch_2_neighbor": "8250614980", "branch_2_bearing": 179.68, "branch_2_street": "", "branch_2_highway": "residential", "branch_3_neighbor": "5877279836", "branch_3_bearing": 255.72, "branch_3_street": "ถนนไมตรีจิต", "branch_3_highway": "tertiary", "branch_4_neighbor": "5877651735", "branch_4_bearing": 358.16, "branch_4_street": "", "branch_4_highway": "tertiary_link" }, "geometry": { "type": "Point", "coordinates": [ 100.7632237, 13.9116133 ] } },
{ "type": "Feature", "properties": { "osm_node_id": "6836302273", "latitude": 13.8231686, "longitude": 100.6999901, "street_names": "ซอยพระยาสุเรนทร์ 10; ถนนพระยาสุเรนทร์", "highway_types": "residential; tertiary; tertiary_link", "in_degree": 3, "out_degree": 3, "fully_bidirectional": false, "traffic_signals": false, "junction": "", "minimum_branch_angle": 76.85, "maximum_branch_angle": 104.12, "cross_score": 0.8659, "likely_geometric_cross": true, "osm_url": "https://www.openstreetmap.org/node/6836302273", "branch_1_neighbor": "3845126862", "branch_1_bearing": 5.2, "branch_1_street": "ถนนพระยาสุเรนทร์", "branch_1_highway": "tertiary", "branch_2_neighbor": "3845126857", "branch_2_bearing": 84.22, "branch_2_street": "ซอยพระยาสุเรนทร์ 10", "branch_2_highway": "residential", "branch_3_neighbor": "6836302276", "branch_3_bearing": 188.34, "branch_3_street": "ถนนพระยาสุเรนทร์", "branch_3_highway": "tertiary", "branch_4_neighbor": "3845122249", "branch_4_bearing": 265.19, "branch_4_street": "", "branch_4_highway": "tertiary_link" }, "geometry": { "type": "Point", "coordinates": [ 100.6999901, 13.8231686 ] } },
{ "type": "Feature", "properties": { "osm_node_id": "8144706301", "latitude": 13.8648093, "longitude": 100.7108885, "street_names": "ซอย เลียบคลองสอง 19", "highway_types": "residential", "in_degree": 3, "out_degree": 3, "fully_bidirectional": false, "traffic_signals": false, "junction": "", "minimum_branch_angle": 74.59, "maximum_branch_angle": 111.49, "cross_score": 0.8629, "likely_geometric_cross": true, "osm_url": "https://www.openstreetmap.org/node/8144706301", "branch_1_neighbor": "3834869432", "branch_1_bearing": 3.11, "branch_1_street": "", "branch_1_highway": "residential", "branch_2_neighbor": "8144706297", "branch_2_bearing": 114.6, "branch_2_street": "ซอย เลียบคลองสอง 19", "branch_2_highway": "residential", "branch_3_neighbor": "8144706293", "branch_3_bearing": 189.19, "branch_3_street": "", "branch_3_highway": "residential", "branch_4_neighbor": "3834869416", "branch_4_bearing": 269.91, "branch_4_street": "ซอย เลียบคลองสอง 19", "branch_4_highway": "residential" }, "geometry": { "type": "Point", "coordinates": [ 100.7108885, 13.8648093 ] } },
{ "type": "Feature", "properties": { "osm_node_id": "5886437805", "latitude": 13.9144177, "longitude": 100.7687787, "street_names": "ซอยไมตรีจิต 7", "highway_types": "residential", "in_degree": 4, "out_degree": 4, "fully_bidirectional": true, "traffic_signals": false, "junction": "", "minimum_branch_angle": 76.49, "maximum_branch_angle": 104.41, "cross_score": 0.8616, "likely_geometric_cross": true, "osm_url": "https://www.openstreetmap.org/node/5886437805", "branch_1_neighbor": "5886927409", "branch_1_bearing": 71.83, "branch_1_street": "", "branch_1_highway": "residential", "branch_2_neighbor": "5886927422", "branch_2_bearing": 172.34, "branch_2_street": "ซอยไมตรีจิต 7", "branch_2_highway": "residential", "branch_3_neighbor": "8250591224", "branch_3_bearing": 250.94, "branch_3_street": "", "branch_3_highway": "residential", "branch_4_neighbor": "5886437830", "branch_4_bearing": 355.35, "branch_4_street": "ซอยไมตรีจิต 7", "branch_4_highway": "residential" }, "geometry": { "type": "Point", "coordinates": [ 100.7687787, 13.9144177 ] } },
{ "type": "Feature", "properties": { "osm_node_id": "3053347127", "latitude": 13.8686008, "longitude": 100.7121551, "street_names": "", "highway_types": "residential", "in_degree": 4, "out_degree": 4, "fully_bidirectional": true, "traffic_signals": false, "junction": "", "minimum_branch_angle": 71.89, "maximum_branch_angle": 108.11, "cross_score": 0.8614, "likely_geometric_cross": true, "osm_url": "https://www.openstreetmap.org/node/3053347127", "branch_1_neighbor": "3053347070", "branch_1_bearing": 5.42, "branch_1_street": "", "branch_1_highway": "residential", "branch_2_neighbor": "3053347058", "branch_2_bearing": 88.59, "branch_2_street": "", "branch_2_highway": "residential", "branch_3_neighbor": "3053347099", "branch_3_bearing": 196.7, "branch_3_street": "", "branch_3_highway": "residential", "branch_4_neighbor": "3053347463", "branch_4_bearing": 268.59, "branch_4_street": "", "branch_4_highway": "residential" }, "geometry": { "type": "Point", "coordinates": [ 100.7121551, 13.8686008 ] } },
{ "type": "Feature", "properties": { "osm_node_id": "1684124351", "latitude": 13.861978, "longitude": 100.7223851, "street_names": "ถนนหทัยราษฎร์; ถนนเลียบคลองสอง", "highway_types": "secondary; secondary_link", "in_degree": 2, "out_degree": 2, "fully_bidirectional": false, "traffic_signals": true, "junction": "", "minimum_branch_angle": 73.77, "maximum_branch_angle": 108.11, "cross_score": 0.8613, "likely_geometric_cross": true, "osm_url": "https://www.openstreetmap.org/node/1684124351", "branch_1_neighbor": "13267310133", "branch_1_bearing": 6.79, "branch_1_street": "ถนนหทัยราษฎร์", "branch_1_highway": "secondary", "branch_2_neighbor": "2562536723", "branch_2_bearing": 88.06, "branch_2_street": "", "branch_2_highway": "secondary_link", "branch_3_neighbor": "2555247015", "branch_3_bearing": 184.92, "branch_3_street": "ถนนหทัยราษฎร์", "branch_3_highway": "secondary", "branch_4_neighbor": "13267310130", "branch_4_bearing": 258.69, "branch_4_street": "ถนนเลียบคลองสอง", "branch_4_highway": "secondary" }, "geometry": { "type": "Point", "coordinates": [ 100.7223851, 13.861978 ] } },
{ "type": "Feature", "properties": { "osm_node_id": "3053301924", "latitude": 13.8916865, "longitude": 100.7225119, "street_names": "", "highway_types": "residential", "in_degree": 3, "out_degree": 3, "fully_bidirectional": false, "traffic_signals": false, "junction": "", "minimum_branch_angle": 66.63, "maximum_branch_angle": 114.76, "cross_score": 0.8588, "likely_geometric_cross": true, "osm_url": "https://www.openstreetmap.org/node/3053301924", "branch_1_neighbor": "5941639383", "branch_1_bearing": 113.79, "branch_1_street": "", "branch_1_highway": "residential", "branch_2_neighbor": "8073685626", "branch_2_bearing": 204.45, "branch_2_street": "", "branch_2_highway": "residential", "branch_3_neighbor": "3053301650", "branch_3_bearing": 271.09, "branch_3_street": "", "branch_3_highway": "residential", "branch_4_neighbor": "3053303657", "branch_4_bearing": 359.03, "branch_4_street": "", "branch_4_highway": "residential" }, "geometry": { "type": "Point", "coordinates": [ 100.7225119, 13.8916865 ] } },
{ "type": "Feature", "properties": { "osm_node_id": "3053324445", "latitude": 13.8678366, "longitude": 100.7443898, "street_names": "", "highway_types": "residential", "in_degree": 4, "out_degree": 4, "fully_bidirectional": true, "traffic_signals": false, "junction": "", "minimum_branch_angle": 76.12, "maximum_branch_angle": 106.56, "cross_score": 0.8562, "likely_geometric_cross": true, "osm_url": "https://www.openstreetmap.org/node/3053324445", "branch_1_neighbor": "3053324454", "branch_1_bearing": 7.0, "branch_1_street": "", "branch_1_highway": "residential", "branch_2_neighbor": "3053324345", "branch_2_bearing": 85.0, "branch_2_street": "", "branch_2_highway": "residential", "branch_3_neighbor": "3053324381", "branch_3_bearing": 184.33, "branch_3_street": "", "branch_3_highway": "residential", "branch_4_neighbor": "3053324415", "branch_4_bearing": 260.44, "branch_4_street": "", "branch_4_highway": "residential" }, "geometry": { "type": "Point", "coordinates": [ 100.7443898, 13.8678366 ] } },
{ "type": "Feature", "properties": { "osm_node_id": "3835117256", "latitude": 13.8597783, "longitude": 100.6857077, "street_names": "", "highway_types": "residential", "in_degree": 4, "out_degree": 4, "fully_bidirectional": true, "traffic_signals": false, "junction": "", "minimum_branch_angle": 76.0, "maximum_branch_angle": 115.99, "cross_score": 0.8556, "likely_geometric_cross": true, "osm_url": "https://www.openstreetmap.org/node/3835117256", "branch_1_neighbor": "3835124859", "branch_1_bearing": 22.58, "branch_1_street": "", "branch_1_highway": "residential", "branch_2_neighbor": "3835117252", "branch_2_bearing": 138.57, "branch_2_street": "", "branch_2_highway": "residential", "branch_3_neighbor": "6873395333", "branch_3_bearing": 214.57, "branch_3_street": "", "branch_3_highway": "residential", "branch_4_neighbor": "3835124860", "branch_4_bearing": 300.13, "branch_4_street": "", "branch_4_highway": "residential" }, "geometry": { "type": "Point", "coordinates": [ 100.6857077, 13.8597783 ] } },
{ "type": "Feature", "properties": { "osm_node_id": "6117202404", "latitude": 13.8455342, "longitude": 100.7085413, "street_names": "สุเหร่าคลองหนึ่ง 13", "highway_types": "residential", "in_degree": 4, "out_degree": 4, "fully_bidirectional": true, "traffic_signals": false, "junction": "", "minimum_branch_angle": 74.05, "maximum_branch_angle": 105.93, "cross_score": 0.8542, "likely_geometric_cross": true, "osm_url": "https://www.openstreetmap.org/node/6117202404", "branch_1_neighbor": "6117202409", "branch_1_bearing": 5.12, "branch_1_street": "", "branch_1_highway": "residential", "branch_2_neighbor": "3843224227", "branch_2_bearing": 84.83, "branch_2_street": "", "branch_2_highway": "residential", "branch_3_neighbor": "3841546246", "branch_3_bearing": 190.76, "branch_3_street": "สุเหร่าคลองหนึ่ง 13", "branch_3_highway": "residential", "branch_4_neighbor": "3843256732", "branch_4_bearing": 264.81, "branch_4_street": "", "branch_4_highway": "residential" }, "geometry": { "type": "Point", "coordinates": [ 100.7085413, 13.8455342 ] } },
{ "type": "Feature", "properties": { "osm_node_id": "8086748880", "latitude": 13.8588332, "longitude": 100.6953514, "street_names": "", "highway_types": "residential", "in_degree": 3, "out_degree": 3, "fully_bidirectional": false, "traffic_signals": false, "junction": "", "minimum_branch_angle": 65.42, "maximum_branch_angle": 116.38, "cross_score": 0.8535, "likely_geometric_cross": true, "osm_url": "https://www.openstreetmap.org/node/8086748880", "branch_1_neighbor": "3840087472", "branch_1_bearing": 86.19, "branch_1_street": "", "branch_1_highway": "residential", "branch_2_neighbor": "8086748881", "branch_2_bearing": 151.6, "branch_2_street": "", "branch_2_highway": "residential", "branch_3_neighbor": "8086748878", "branch_3_bearing": 267.98, "branch_3_street": "", "branch_3_highway": "residential", "branch_4_neighbor": "8086748879", "branch_4_bearing": 357.48, "branch_4_street": "", "branch_4_highway": "residential" }, "geometry": { "type": "Point", "coordinates": [ 100.6953514, 13.8588332 ] } },
{ "type": "Feature", "properties": { "osm_node_id": "6124183128", "latitude": 13.8736872, "longitude": 100.7114291, "street_names": "", "highway_types": "residential", "in_degree": 3, "out_degree": 3, "fully_bidirectional": false, "traffic_signals": false, "junction": "", "minimum_branch_angle": 63.92, "maximum_branch_angle": 116.06, "cross_score": 0.8515, "likely_geometric_cross": true, "osm_url": "https://www.openstreetmap.org/node/6124183128", "branch_1_neighbor": "8079711397", "branch_1_bearing": 23.23, "branch_1_street": "", "branch_1_highway": "residential", "branch_2_neighbor": "6124183126", "branch_2_bearing": 87.15, "branch_2_street": "", "branch_2_highway": "residential", "branch_3_neighbor": "8079711396", "branch_3_bearing": 177.83, "branch_3_street": "", "branch_3_highway": "residential", "branch_4_neighbor": "6124182958", "branch_4_bearing": 267.17, "branch_4_street": "", "branch_4_highway": "residential" }, "geometry": { "type": "Point", "coordinates": [ 100.7114291, 13.8736872 ] } },
{ "type": "Feature", "properties": { "osm_node_id": "3841546184", "latitude": 13.8414941, "longitude": 100.7029031, "street_names": "ถนนสุเหร่าคลองหนึ่ง; สุเหร่าคลองหนึ่ง 5; สุเหร่าคลองหนึ่ง ซอย 5", "highway_types": "residential; secondary", "in_degree": 4, "out_degree": 4, "fully_bidirectional": true, "traffic_signals": false, "junction": "", "minimum_branch_angle": 76.42, "maximum_branch_angle": 103.74, "cross_score": 0.8508, "likely_geometric_cross": true, "osm_url": "https://www.openstreetmap.org/node/3841546184", "branch_1_neighbor": "3841546210", "branch_1_bearing": 4.85, "branch_1_street": "สุเหร่าคลองหนึ่ง 5; สุเหร่าคลองหนึ่ง ซอย 5", "branch_1_highway": "residential", "branch_2_neighbor": "6124129533", "branch_2_bearing": 81.57, "branch_2_street": "ถนนสุเหร่าคลองหนึ่ง", "branch_2_highway": "secondary", "branch_3_neighbor": "3841546170", "branch_3_bearing": 185.31, "branch_3_street": "", "branch_3_highway": "residential", "branch_4_neighbor": "3841546183", "branch_4_bearing": 261.73, "branch_4_street": "ถนนสุเหร่าคลองหนึ่ง", "branch_4_highway": "secondary" }, "geometry": { "type": "Point", "coordinates": [ 100.7029031, 13.8414941 ] } },
{ "type": "Feature", "properties": { "osm_node_id": "5933246533", "latitude": 13.9119598, "longitude": 100.7070246, "street_names": "ถนนหนองระแหง", "highway_types": "residential; tertiary", "in_degree": 4, "out_degree": 4, "fully_bidirectional": true, "traffic_signals": false, "junction": "", "minimum_branch_angle": 70.17, "maximum_branch_angle": 107.85, "cross_score": 0.8506, "likely_geometric_cross": true, "osm_url": "https://www.openstreetmap.org/node/5933246533", "branch_1_neighbor": "5933246537", "branch_1_bearing": 52.14, "branch_1_street": "ถนนหนองระแหง", "branch_1_highway": "tertiary", "branch_2_neighbor": "5933246532", "branch_2_bearing": 160.0, "branch_2_street": "", "branch_2_highway": "residential", "branch_3_neighbor": "8359506111", "branch_3_bearing": 230.16, "branch_3_street": "ถนนหนองระแหง", "branch_3_highway": "tertiary", "branch_4_neighbor": "8359506109", "branch_4_bearing": 329.19, "branch_4_street": "", "branch_4_highway": "residential" }, "geometry": { "type": "Point", "coordinates": [ 100.7070246, 13.9119598 ] } },
{ "type": "Feature", "properties": { "osm_node_id": "8129702188", "latitude": 13.8533687, "longitude": 100.6867418, "street_names": "", "highway_types": "residential", "in_degree": 3, "out_degree": 3, "fully_bidirectional": false, "traffic_signals": false, "junction": "", "minimum_branch_angle": 73.08, "maximum_branch_angle": 108.17, "cross_score": 0.8486, "likely_geometric_cross": true, "osm_url": "https://www.openstreetmap.org/node/8129702188", "branch_1_neighbor": "8129702185", "branch_1_bearing": 15.99, "branch_1_street": "", "branch_1_highway": "residential", "branch_2_neighbor": "3840099991", "branch_2_bearing": 95.66, "branch_2_street": "", "branch_2_highway": "residential", "branch_3_neighbor": "8129702191", "branch_3_bearing": 203.83, "branch_3_street": "", "branch_3_highway": "residential", "branch_4_neighbor": "3840099994", "branch_4_bearing": 276.9, "branch_4_street": "", "branch_4_highway": "residential" }, "geometry": { "type": "Point", "coordinates": [ 100.6867418, 13.8533687 ] } },
{ "type": "Feature", "properties": { "osm_node_id": "3845122249", "latitude": 13.8231576, "longitude": 100.6998556, "street_names": "ถนนพระยาสุเรนทร์", "highway_types": "residential; tertiary; tertiary_link", "in_degree": 3, "out_degree": 3, "fully_bidirectional": false, "traffic_signals": false, "junction": "", "minimum_branch_angle": 75.78, "maximum_branch_angle": 103.76, "cross_score": 0.8477, "likely_geometric_cross": true, "osm_url": "https://www.openstreetmap.org/node/3845122249", "branch_1_neighbor": "7953875984", "branch_1_bearing": 8.38, "branch_1_street": "ถนนพระยาสุเรนทร์", "branch_1_highway": "tertiary", "branch_2_neighbor": "6836302273", "branch_2_bearing": 85.19, "branch_2_street": "", "branch_2_highway": "tertiary_link", "branch_3_neighbor": "3845122232", "branch_3_bearing": 188.85, "branch_3_street": "ถนนพระยาสุเรนทร์", "branch_3_highway": "tertiary", "branch_4_neighbor": "8273034813", "branch_4_bearing": 264.62, "branch_4_street": "", "branch_4_highway": "residential" }, "geometry": { "type": "Point", "coordinates": [ 100.6998556, 13.8231576 ] } },
{ "type": "Feature", "properties": { "osm_node_id": "8144706293", "latitude": 13.8647577, "longitude": 100.7108799, "street_names": "ซอย เลียบคลองสอง 19", "highway_types": "residential", "in_degree": 3, "out_degree": 3, "fully_bidirectional": false, "traffic_signals": false, "junction": "", "minimum_branch_angle": 62.57, "maximum_branch_angle": 107.38, "cross_score": 0.8476, "likely_geometric_cross": true, "osm_url": "https://www.openstreetmap.org/node/8144706293", "branch_1_neighbor": "8144706301", "branch_1_bearing": 9.19, "branch_1_street": "", "branch_1_highway": "residential", "branch_2_neighbor": "8144706297", "branch_2_bearing": 71.76, "branch_2_street": "ซอย เลียบคลองสอง 19", "branch_2_highway": "residential", "branch_3_neighbor": "8144706288", "branch_3_bearing": 179.13, "branch_3_street": "", "branch_3_highway": "residential", "branch_4_neighbor": "8144706294", "branch_4_bearing": 269.42, "branch_4_street": "ซอย เลียบคลองสอง 19", "branch_4_highway": "residential" }, "geometry": { "type": "Point", "coordinates": [ 100.7108799, 13.8647577 ] } },
{ "type": "Feature", "properties": { "osm_node_id": "3053324454", "latitude": 13.8682177, "longitude": 100.744438, "street_names": "", "highway_types": "residential", "in_degree": 4, "out_degree": 4, "fully_bidirectional": true, "traffic_signals": false, "junction": "", "minimum_branch_angle": 74.49, "maximum_branch_angle": 104.91, "cross_score": 0.8475, "likely_geometric_cross": true, "osm_url": "https://www.openstreetmap.org/node/3053324454", "branch_1_neighbor": "3053324419", "branch_1_bearing": 9.98, "branch_1_street": "", "branch_1_highway": "residential", "branch_2_neighbor": "3053324362", "branch_2_bearing": 84.47, "branch_2_street": "", "branch_2_highway": "residential", "branch_3_neighbor": "3053324445", "branch_3_bearing": 187.0, "branch_3_street": "", "branch_3_highway": "residential", "branch_4_neighbor": "3053322526", "branch_4_bearing": 265.07, "branch_4_street": "", "branch_4_highway": "residential" }, "geometry": { "type": "Point", "coordinates": [ 100.744438, 13.8682177 ] } },
{ "type": "Feature", "properties": { "osm_node_id": "3840087472", "latitude": 13.8588374, "longitude": 100.6954163, "street_names": "", "highway_types": "residential", "in_degree": 3, "out_degree": 3, "fully_bidirectional": false, "traffic_signals": false, "junction": "", "minimum_branch_angle": 62.53, "maximum_branch_angle": 114.57, "cross_score": 0.8474, "likely_geometric_cross": true, "osm_url": "https://www.openstreetmap.org/node/3840087472", "branch_1_neighbor": "3840087468", "branch_1_bearing": 89.09, "branch_1_street": "", "branch_1_highway": "residential", "branch_2_neighbor": "8086748881", "branch_2_bearing": 203.66, "branch_2_street": "", "branch_2_highway": "residential", "branch_3_neighbor": "8086748880", "branch_3_bearing": 266.19, "branch_3_street": "", "branch_3_highway": "residential", "branch_4_neighbor": "3840087482", "branch_4_bearing": 357.91, "branch_4_street": "", "branch_4_highway": "residential" }, "geometry": { "type": "Point", "coordinates": [ 100.6954163, 13.8588374 ] } },
{ "type": "Feature", "properties": { "osm_node_id": "5870258361", "latitude": 13.8479329, "longitude": 100.7273239, "street_names": "ถนนสามวา", "highway_types": "residential; tertiary", "in_degree": 4, "out_degree": 4, "fully_bidirectional": true, "traffic_signals": false, "junction": "", "minimum_branch_angle": 71.84, "maximum_branch_angle": 105.77, "cross_score": 0.8467, "likely_geometric_cross": true, "osm_url": "https://www.openstreetmap.org/node/5870258361", "branch_1_neighbor": "3053881772", "branch_1_bearing": 71.61, "branch_1_street": "", "branch_1_highway": "residential", "branch_2_neighbor": "8186887375", "branch_2_bearing": 173.45, "branch_2_street": "ถนนสามวา", "branch_2_highway": "tertiary", "branch_3_neighbor": "8186887364", "branch_3_bearing": 245.28, "branch_3_street": "", "branch_3_highway": "residential", "branch_4_neighbor": "3841470035", "branch_4_bearing": 351.05, "branch_4_street": "ถนนสามวา", "branch_4_highway": "tertiary" }, "geometry": { "type": "Point", "coordinates": [ 100.7273239, 13.8479329 ] } },
{ "type": "Feature", "properties": { "osm_node_id": "5880131200", "latitude": 13.8634976, "longitude": 100.7593523, "street_names": "วัดสุขใจ 24", "highway_types": "residential", "in_degree": 4, "out_degree": 4, "fully_bidirectional": true, "traffic_signals": false, "junction": "", "minimum_branch_angle": 72.87, "maximum_branch_angle": 105.04, "cross_score": 0.8455, "likely_geometric_cross": true, "osm_url": "https://www.openstreetmap.org/node/5880131200", "branch_1_neighbor": "5880131196", "branch_1_bearing": 62.42, "branch_1_street": "", "branch_1_highway": "residential", "branch_2_neighbor": "5877679788", "branch_2_bearing": 165.2, "branch_2_street": "วัดสุขใจ 24", "branch_2_highway": "residential", "branch_3_neighbor": "5880128780", "branch_3_bearing": 244.5, "branch_3_street": "", "branch_3_highway": "residential", "branch_4_neighbor": "5877679793", "branch_4_bearing": 349.54, "branch_4_street": "วัดสุขใจ 24", "branch_4_highway": "residential" }, "geometry": { "type": "Point", "coordinates": [ 100.7593523, 13.8634976 ] } },
{ "type": "Feature", "properties": { "osm_node_id": "8299050752", "latitude": 13.8571757, "longitude": 100.706727, "street_names": "", "highway_types": "residential", "in_degree": 3, "out_degree": 3, "fully_bidirectional": false, "traffic_signals": false, "junction": "", "minimum_branch_angle": 62.89, "maximum_branch_angle": 117.15, "cross_score": 0.8431, "likely_geometric_cross": true, "osm_url": "https://www.openstreetmap.org/node/8299050752", "branch_1_neighbor": "3840059044", "branch_1_bearing": 90.51, "branch_1_street": "", "branch_1_highway": "residential", "branch_2_neighbor": "3840059029", "branch_2_bearing": 179.38, "branch_2_street": "", "branch_2_highway": "residential", "branch_3_neighbor": "8299050750", "branch_3_bearing": 296.53, "branch_3_street": "", "branch_3_highway": "residential", "branch_4_neighbor": "8299050751", "branch_4_bearing": 359.42, "branch_4_street": "", "branch_4_highway": "residential" }, "geometry": { "type": "Point", "coordinates": [ 100.706727, 13.8571757 ] } },
{ "type": "Feature", "properties": { "osm_node_id": "8359517741", "latitude": 13.9144174, "longitude": 100.7028415, "street_names": "", "highway_types": "residential", "in_degree": 3, "out_degree": 3, "fully_bidirectional": false, "traffic_signals": false, "junction": "", "minimum_branch_angle": 75.18, "maximum_branch_angle": 106.77, "cross_score": 0.842, "likely_geometric_cross": true, "osm_url": "https://www.openstreetmap.org/node/8359517741", "branch_1_neighbor": "8359517740", "branch_1_bearing": 59.5, "branch_1_street": "", "branch_1_highway": "residential", "branch_2_neighbor": "8359517743", "branch_2_bearing": 134.68, "branch_2_street": "", "branch_2_highway": "residential", "branch_3_neighbor": "8359517742", "branch_3_bearing": 236.35, "branch_3_street": "", "branch_3_highway": "residential", "branch_4_neighbor": "8359517730", "branch_4_bearing": 312.73, "branch_4_street": "", "branch_4_highway": "residential" }, "geometry": { "type": "Point", "coordinates": [ 100.7028415, 13.9144174 ] } },
{ "type": "Feature", "properties": { "osm_node_id": "3841822754", "latitude": 13.8379084, "longitude": 100.7425656, "street_names": "", "highway_types": "residential", "in_degree": 4, "out_degree": 4, "fully_bidirectional": true, "traffic_signals": false, "junction": "", "minimum_branch_angle": 74.58, "maximum_branch_angle": 105.35, "cross_score": 0.8383, "likely_geometric_cross": true, "osm_url": "https://www.openstreetmap.org/node/3841822754", "branch_1_neighbor": "3841823474", "branch_1_bearing": 40.46, "branch_1_street": "", "branch_1_highway": "residential", "branch_2_neighbor": "3841822751", "branch_2_bearing": 115.04, "branch_2_street": "", "branch_2_highway": "residential", "branch_3_neighbor": "3841822734", "branch_3_bearing": 218.79, "branch_3_street": "", "branch_3_highway": "residential", "branch_4_neighbor": "3841823458", "branch_4_bearing": 295.11, "branch_4_street": "", "branch_4_highway": "residential" }, "geometry": { "type": "Point", "coordinates": [ 100.7425656, 13.8379084 ] } },
{ "type": "Feature", "properties": { "osm_node_id": "3840087476", "latitude": 13.8589375, "longitude": 100.6967663, "street_names": "", "highway_types": "residential", "in_degree": 3, "out_degree": 3, "fully_bidirectional": false, "traffic_signals": false, "junction": "", "minimum_branch_angle": 63.99, "maximum_branch_angle": 114.11, "cross_score": 0.838, "likely_geometric_cross": true, "osm_url": "https://www.openstreetmap.org/node/3840087476", "branch_1_neighbor": "8086748873", "branch_1_bearing": 3.32, "branch_1_street": "", "branch_1_highway": "residential", "branch_2_neighbor": "3840087475", "branch_2_bearing": 90.16, "branch_2_street": "", "branch_2_highway": "residential", "branch_3_neighbor": "8086796515", "branch_3_bearing": 204.27, "branch_3_street": "", "branch_3_highway": "residential", "branch_4_neighbor": "8086748868", "branch_4_bearing": 268.27, "branch_4_street": "", "branch_4_highway": "residential" }, "geometry": { "type": "Point", "coordinates": [ 100.6967663, 13.8589375 ] } },
{ "type": "Feature", "properties": { "osm_node_id": "5936141680", "latitude": 13.9033267, "longitude": 100.6912209, "street_names": "ซอยหนองระแหง 4", "highway_types": "residential; tertiary", "in_degree": 4, "out_degree": 4, "fully_bidirectional": true, "traffic_signals": false, "junction": "", "minimum_branch_angle": 74.5, "maximum_branch_angle": 105.16, "cross_score": 0.835, "likely_geometric_cross": true, "osm_url": "https://www.openstreetmap.org/node/5936141680", "branch_1_neighbor": "5936141681", "branch_1_bearing": 47.58, "branch_1_street": "", "branch_1_highway": "residential", "branch_2_neighbor": "5936141667", "branch_2_bearing": 152.13, "branch_2_street": "ซอยหนองระแหง 4", "branch_2_highway": "tertiary", "branch_3_neighbor": "5936141679", "branch_3_bearing": 226.63, "branch_3_street": "", "branch_3_highway": "residential", "branch_4_neighbor": "5936141671", "branch_4_bearing": 331.78, "branch_4_street": "ซอยหนองระแหง 4", "branch_4_highway": "tertiary" }, "geometry": { "type": "Point", "coordinates": [ 100.6912209, 13.9033267 ] } },
{ "type": "Feature", "properties": { "osm_node_id": "3053324361", "latitude": 13.8670935, "longitude": 100.7423573, "street_names": "ซอยนิมิตใหม่ 28", "highway_types": "residential", "in_degree": 4, "out_degree": 4, "fully_bidirectional": true, "traffic_signals": false, "junction": "", "minimum_branch_angle": 71.1, "maximum_branch_angle": 107.11, "cross_score": 0.8329, "likely_geometric_cross": true, "osm_url": "https://www.openstreetmap.org/node/3053324361", "branch_1_neighbor": "3053328229", "branch_1_bearing": 69.27, "branch_1_street": "", "branch_1_highway": "residential", "branch_2_neighbor": "3053328216", "branch_2_bearing": 176.38, "branch_2_street": "", "branch_2_highway": "residential", "branch_3_neighbor": "3053328230", "branch_3_bearing": 255.21, "branch_3_street": "ซอยนิมิตใหม่ 28", "branch_3_highway": "residential", "branch_4_neighbor": "3053322532", "branch_4_bearing": 358.17, "branch_4_street": "", "branch_4_highway": "residential" }, "geometry": { "type": "Point", "coordinates": [ 100.7423573, 13.8670935 ] } },
{ "type": "Feature", "properties": { "osm_node_id": "7908343122", "latitude": 13.8571189, "longitude": 100.7071467, "street_names": "ถนนปัญญาอินทรา", "highway_types": "residential; tertiary", "in_degree": 3, "out_degree": 3, "fully_bidirectional": false, "traffic_signals": false, "junction": "", "minimum_branch_angle": 60.23, "maximum_branch_angle": 119.44, "cross_score": 0.8302, "likely_geometric_cross": true, "osm_url": "https://www.openstreetmap.org/node/7908343122", "branch_1_neighbor": "7908343123", "branch_1_bearing": 0.24, "branch_1_street": "ถนนปัญญาอินทรา", "branch_1_highway": "tertiary", "branch_2_neighbor": "3840059041", "branch_2_bearing": 91.36, "branch_2_street": "", "branch_2_highway": "residential", "branch_3_neighbor": "7908280072", "branch_3_bearing": 180.56, "branch_3_street": "ถนนปัญญาอินทรา", "branch_3_highway": "tertiary", "branch_4_neighbor": "3840059044", "branch_4_bearing": 300.0, "branch_4_street": "", "branch_4_highway": "residential" }, "geometry": { "type": "Point", "coordinates": [ 100.7071467, 13.8571189 ] } },
{ "type": "Feature", "properties": { "osm_node_id": "8212015715", "latitude": 13.8468978, "longitude": 100.7272611, "street_names": "ถนนสามวา", "highway_types": "residential; tertiary", "in_degree": 3, "out_degree": 3, "fully_bidirectional": false, "traffic_signals": false, "junction": "", "minimum_branch_angle": 59.39, "maximum_branch_angle": 106.2, "cross_score": 0.83, "likely_geometric_cross": true, "osm_url": "https://www.openstreetmap.org/node/8212015715", "branch_1_neighbor": "8212015689", "branch_1_bearing": 80.42, "branch_1_street": "", "branch_1_highway": "residential", "branch_2_neighbor": "3841470022", "branch_2_bearing": 171.9, "branch_2_street": "ถนนสามวา", "branch_2_highway": "tertiary", "branch_3_neighbor": "8212015687", "branch_3_bearing": 274.83, "branch_3_street": "", "branch_3_highway": "residential", "branch_4_neighbor": "3841470019", "branch_4_bearing": 334.22, "branch_4_street": "ถนนสามวา", "branch_4_highway": "tertiary" }, "geometry": { "type": "Point", "coordinates": [ 100.7272611, 13.8468978 ] } },
{ "type": "Feature", "properties": { "osm_node_id": "7949430284", "latitude": 13.8405162, "longitude": 100.696584, "street_names": "ถนนปัญญาอินทรา; ถนนพระยาสุเรนทร์", "highway_types": "secondary; tertiary", "in_degree": 2, "out_degree": 2, "fully_bidirectional": false, "traffic_signals": false, "junction": "", "minimum_branch_angle": 73.05, "maximum_branch_angle": 106.82, "cross_score": 0.8292, "likely_geometric_cross": true, "osm_url": "https://www.openstreetmap.org/node/7949430284", "branch_1_neighbor": "8301786036", "branch_1_bearing": 65.84, "branch_1_street": "ถนนปัญญาอินทรา", "branch_1_highway": "secondary", "branch_2_neighbor": "6836313639", "branch_2_bearing": 172.66, "branch_2_street": "ถนนพระยาสุเรนทร์", "branch_2_highway": "tertiary", "branch_3_neighbor": "6836313640", "branch_3_bearing": 248.87, "branch_3_street": "ถนนปัญญาอินทรา", "branch_3_highway": "secondary", "branch_4_neighbor": "8301786034", "branch_4_bearing": 352.79, "branch_4_street": "ถนนพระยาสุเรนทร์", "branch_4_highway": "tertiary" }, "geometry": { "type": "Point", "coordinates": [ 100.696584, 13.8405162 ] } },
{ "type": "Feature", "properties": { "osm_node_id": "8073685626", "latitude": 13.8916266, "longitude": 100.722508, "street_names": "", "highway_types": "residential", "in_degree": 3, "out_degree": 3, "fully_bidirectional": false, "traffic_signals": false, "junction": "", "minimum_branch_angle": 63.27, "maximum_branch_angle": 117.41, "cross_score": 0.8287, "likely_geometric_cross": true, "osm_url": "https://www.openstreetmap.org/node/8073685626", "branch_1_neighbor": "5941639383", "branch_1_bearing": 61.79, "branch_1_street": "", "branch_1_highway": "residential", "branch_2_neighbor": "5941639367", "branch_2_bearing": 179.19, "branch_2_street": "", "branch_2_highway": "residential", "branch_3_neighbor": "5941639381", "branch_3_bearing": 265.09, "branch_3_street": "", "branch_3_highway": "residential", "branch_4_neighbor": "3053301924", "branch_4_bearing": 358.52, "branch_4_street": "", "branch_4_highway": "residential" }, "geometry": { "type": "Point", "coordinates": [ 100.722508, 13.8916266 ] } },
{ "type": "Feature", "properties": { "osm_node_id": "3053324419", "latitude": 13.868668, "longitude": 100.7445196, "street_names": "", "highway_types": "residential", "in_degree": 4, "out_degree": 4, "fully_bidirectional": true, "traffic_signals": false, "junction": "", "minimum_branch_angle": 73.17, "maximum_branch_angle": 106.85, "cross_score": 0.8259, "likely_geometric_cross": true, "osm_url": "https://www.openstreetmap.org/node/3053324419", "branch_1_neighbor": "3053324363", "branch_1_bearing": 12.32, "branch_1_street": "", "branch_1_highway": "residential", "branch_2_neighbor": "4415580544", "branch_2_bearing": 85.49, "branch_2_street": "", "branch_2_highway": "residential", "branch_3_neighbor": "3053324454", "branch_3_bearing": 189.98, "branch_3_street": "", "branch_3_highway": "residential", "branch_4_neighbor": "3053324464", "branch_4_bearing": 265.47, "branch_4_street": "", "branch_4_highway": "residential" }, "geometry": { "type": "Point", "coordinates": [ 100.7445196, 13.868668 ] } },
{ "type": "Feature", "properties": { "osm_node_id": "8211763582", "latitude": 13.8283824, "longitude": 100.746139, "street_names": "", "highway_types": "residential", "in_degree": 2, "out_degree": 2, "fully_bidirectional": false, "traffic_signals": false, "junction": "", "minimum_branch_angle": 73.72, "maximum_branch_angle": 108.79, "cross_score": 0.8223, "likely_geometric_cross": true, "osm_url": "https://www.openstreetmap.org/node/8211763582", "branch_1_neighbor": "8178327566", "branch_1_bearing": 63.94, "branch_1_street": "", "branch_1_highway": "residential", "branch_2_neighbor": "8211763560", "branch_2_bearing": 167.14, "branch_2_street": "", "branch_2_highway": "residential", "branch_3_neighbor": "8211763563", "branch_3_bearing": 241.43, "branch_3_street": "", "branch_3_highway": "residential", "branch_4_neighbor": "8178327570", "branch_4_bearing": 350.22, "branch_4_street": "", "branch_4_highway": "residential" }, "geometry": { "type": "Point", "coordinates": [ 100.746139, 13.8283824 ] } },
{ "type": "Feature", "properties": { "osm_node_id": "3673190579", "latitude": 13.8953156, "longitude": 100.6961963, "street_names": "ซอยไทยรามัญ; ถนนไทยรามัญ", "highway_types": "residential; tertiary", "in_degree": 4, "out_degree": 4, "fully_bidirectional": true, "traffic_signals": false, "junction": "", "minimum_branch_angle": 73.01, "maximum_branch_angle": 106.25, "cross_score": 0.8207, "likely_geometric_cross": true, "osm_url": "https://www.openstreetmap.org/node/3673190579", "branch_1_neighbor": "4082557251", "branch_1_bearing": 5.06, "branch_1_street": "ถนนไทยรามัญ", "branch_1_highway": "tertiary", "branch_2_neighbor": "8484264522", "branch_2_bearing": 78.07, "branch_2_street": "", "branch_2_highway": "residential", "branch_3_neighbor": "8204460460", "branch_3_bearing": 184.09, "branch_3_street": "ถนนไทยรามัญ", "branch_3_highway": "tertiary", "branch_4_neighbor": "8204460462", "branch_4_bearing": 258.81, "branch_4_street": "ซอยไทยรามัญ", "branch_4_highway": "residential" }, "geometry": { "type": "Point", "coordinates": [ 100.6961963, 13.8953156 ] } },
{ "type": "Feature", "properties": { "osm_node_id": "8140820993", "latitude": 13.8531643, "longitude": 100.7026657, "street_names": "", "highway_types": "residential", "in_degree": 3, "out_degree": 3, "fully_bidirectional": false, "traffic_signals": false, "junction": "", "minimum_branch_angle": 58.27, "maximum_branch_angle": 121.73, "cross_score": 0.8187, "likely_geometric_cross": true, "osm_url": "https://www.openstreetmap.org/node/8140820993", "branch_1_neighbor": "8140820994", "branch_1_bearing": 26.73, "branch_1_street": "", "branch_1_highway": "residential", "branch_2_neighbor": "3840058934", "branch_2_bearing": 85.0, "branch_2_street": "", "branch_2_highway": "residential", "branch_3_neighbor": "8140820992", "branch_3_bearing": 174.09, "branch_3_street": "", "branch_3_highway": "residential", "branch_4_neighbor": "3840058930", "branch_4_bearing": 265.0, "branch_4_street": "", "branch_4_highway": "residential" }, "geometry": { "type": "Point", "coordinates": [ 100.7026657, 13.8531643 ] } },
{ "type": "Feature", "properties": { "osm_node_id": "3840059162", "latitude": 13.8575595, "longitude": 100.7026928, "street_names": "", "highway_types": "residential", "in_degree": 4, "out_degree": 4, "fully_bidirectional": true, "traffic_signals": false, "junction": "", "minimum_branch_angle": 73.03, "maximum_branch_angle": 106.99, "cross_score": 0.8143, "likely_geometric_cross": true, "osm_url": "https://www.openstreetmap.org/node/3840059162", "branch_1_neighbor": "3840059163", "branch_1_bearing": 89.83, "branch_1_street": "", "branch_1_highway": "residential", "branch_2_neighbor": "3840059046", "branch_2_bearing": 163.37, "branch_2_street": "", "branch_2_highway": "residential", "branch_3_neighbor": "3840059164", "branch_3_bearing": 270.36, "branch_3_street": "", "branch_3_highway": "residential", "branch_4_neighbor": "3840059180", "branch_4_bearing": 343.39, "branch_4_street": "", "branch_4_highway": "residential" }, "geometry": { "type": "Point", "coordinates": [ 100.7026928, 13.8575595 ] } },
{ "type": "Feature", "properties": { "osm_node_id": "7949430256", "latitude": 13.8403433, "longitude": 100.6964404, "street_names": "ถนนปัญญาอินทรา; ถนนพระยาสุเรนทร์", "highway_types": "secondary; tertiary", "in_degree": 2, "out_degree": 2, "fully_bidirectional": false, "traffic_signals": false, "junction": "", "minimum_branch_angle": 70.52, "maximum_branch_angle": 109.52, "cross_score": 0.8119, "likely_geometric_cross": true, "osm_url": "https://www.openstreetmap.org/node/7949430256", "branch_1_neighbor": "6836313639", "branch_1_bearing": 73.2, "branch_1_street": "ถนนปัญญาอินทรา", "branch_1_highway": "secondary", "branch_2_neighbor": "8301828569", "branch_2_bearing": 177.54, "branch_2_street": "ถนนพระยาสุเรนทร์", "branch_2_highway": "tertiary", "branch_3_neighbor": "8301828567", "branch_3_bearing": 248.06, "branch_3_street": "ถนนปัญญาอินทรา", "branch_3_highway": "secondary", "branch_4_neighbor": "6836313640", "branch_4_bearing": 357.58, "branch_4_street": "ถนนพระยาสุเรนทร์", "branch_4_highway": "tertiary" }, "geometry": { "type": "Point", "coordinates": [ 100.6964404, 13.8403433 ] } },
{ "type": "Feature", "properties": { "osm_node_id": "6836313639", "latitude": 13.8403903, "longitude": 100.6966007, "street_names": "ถนนปัญญาอินทรา; ถนนพระยาสุเรนทร์", "highway_types": "secondary; tertiary", "in_degree": 2, "out_degree": 2, "fully_bidirectional": false, "traffic_signals": false, "junction": "", "minimum_branch_angle": 71.05, "maximum_branch_angle": 114.99, "cross_score": 0.8086, "likely_geometric_cross": true, "osm_url": "https://www.openstreetmap.org/node/6836313639", "branch_1_neighbor": "346615048", "branch_1_bearing": 63.71, "branch_1_street": "ถนนปัญญาอินทรา", "branch_1_highway": "secondary; tertiary", "branch_2_neighbor": "3841938519", "branch_2_bearing": 178.7, "branch_2_street": "ถนนพระยาสุเรนทร์", "branch_2_highway": "tertiary", "branch_3_neighbor": "7949430256", "branch_3_bearing": 253.2, "branch_3_street": "ถนนปัญญาอินทรา", "branch_3_highway": "secondary", "branch_4_neighbor": "7949430284", "branch_4_bearing": 352.66, "branch_4_street": "ถนนพระยาสุเรนทร์", "branch_4_highway": "tertiary" }, "geometry": { "type": "Point", "coordinates": [ 100.6966007, 13.8403903 ] } },
{ "type": "Feature", "properties": { "osm_node_id": "3840058934", "latitude": 13.8531727, "longitude": 100.7027646, "street_names": "", "highway_types": "residential", "in_degree": 3, "out_degree": 3, "fully_bidirectional": false, "traffic_signals": false, "junction": "", "minimum_branch_angle": 55.61, "maximum_branch_angle": 123.02, "cross_score": 0.8068, "likely_geometric_cross": true, "osm_url": "https://www.openstreetmap.org/node/3840058934", "branch_1_neighbor": "3840058939", "branch_1_bearing": 83.64, "branch_1_street": "", "branch_1_highway": "residential", "branch_2_neighbor": "7908343110", "branch_2_bearing": 173.25, "branch_2_street": "", "branch_2_highway": "residential", "branch_3_neighbor": "8140820993", "branch_3_bearing": 265.0, "branch_3_street": "", "branch_3_highway": "residential", "branch_4_neighbor": "8140820994", "branch_4_bearing": 320.61, "branch_4_street": "", "branch_4_highway": "residential" }, "geometry": { "type": "Point", "coordinates": [ 100.7027646, 13.8531727 ] } },
{ "type": "Feature", "properties": { "osm_node_id": "8123078701", "latitude": 13.8373763, "longitude": 100.7400014, "street_names": "", "highway_types": "residential", "in_degree": 3, "out_degree": 3, "fully_bidirectional": false, "traffic_signals": false, "junction": "", "minimum_branch_angle": 72.03, "maximum_branch_angle": 107.99, "cross_score": 0.8044, "likely_geometric_cross": true, "osm_url": "https://www.openstreetmap.org/node/8123078701", "branch_1_neighbor": "3841822749", "branch_1_bearing": 67.27, "branch_1_street": "", "branch_1_highway": "residential", "branch_2_neighbor": "8123078694", "branch_2_bearing": 174.49, "branch_2_street": "", "branch_2_highway": "residential", "branch_3_neighbor": "8122808155", "branch_3_bearing": 246.52, "branch_3_street": "", "branch_3_highway": "residential", "branch_4_neighbor": "3841370099", "branch_4_bearing": 354.51, "branch_4_street": "", "branch_4_highway": "residential" }, "geometry": { "type": "Point", "coordinates": [ 100.7400014, 13.8373763 ] } },
{ "type": "Feature", "properties": { "osm_node_id": "3840059034", "latitude": 13.8568751, "longitude": 100.7026714, "street_names": "", "highway_types": "residential", "in_degree": 4, "out_degree": 4, "fully_bidirectional": true, "traffic_signals": false, "junction": "", "minimum_branch_angle": 71.77, "maximum_branch_angle": 108.35, "cross_score": 0.8008, "likely_geometric_cross": true, "osm_url": "https://www.openstreetmap.org/node/3840059034", "branch_1_neighbor": "3840059046", "branch_1_bearing": 17.87, "branch_1_street": "", "branch_1_highway": "residential", "branch_2_neighbor": "3840059033", "branch_2_bearing": 90.24, "branch_2_street": "", "branch_2_highway": "residential", "branch_3_neighbor": "3840059023", "branch_3_bearing": 197.75, "branch_3_street": "", "branch_3_highway": "residential", "branch_4_neighbor": "3840059032", "branch_4_bearing": 269.52, "branch_4_street": "", "branch_4_highway": "residential" }, "geometry": { "type": "Point", "coordinates": [ 100.7026714, 13.8568751 ] } },
{ "type": "Feature", "properties": { "osm_node_id": "3840059218", "latitude": 13.8592589, "longitude": 100.7025853, "street_names": "", "highway_types": "residential", "in_degree": 4, "out_degree": 4, "fully_bidirectional": true, "traffic_signals": false, "junction": "", "minimum_branch_angle": 56.45, "maximum_branch_angle": 126.1, "cross_score": 0.798, "likely_geometric_cross": true, "osm_url": "https://www.openstreetmap.org/node/3840059218", "branch_1_neighbor": "3840059216", "branch_1_bearing": 91.3, "branch_1_street": "", "branch_1_highway": "residential", "branch_2_neighbor": "3840059208", "branch_2_bearing": 178.49, "branch_2_street": "", "branch_2_highway": "residential", "branch_3_neighbor": "3840059217", "branch_3_bearing": 268.74, "branch_3_street": "", "branch_3_highway": "residential", "branch_4_neighbor": "3840059223", "branch_4_bearing": 325.2, "branch_4_street": "", "branch_4_highway": "residential" }, "geometry": { "type": "Point", "coordinates": [ 100.7025853, 13.8592589 ] } },
{ "type": "Feature", "properties": { "osm_node_id": "8236662649", "latitude": 13.8768935, "longitude": 100.7817271, "street_names": "ถนนแบนชะโด", "highway_types": "residential; tertiary; unclassified", "in_degree": 4, "out_degree": 4, "fully_bidirectional": true, "traffic_signals": false, "junction": "", "minimum_branch_angle": 69.53, "maximum_branch_angle": 108.39, "cross_score": 0.7977, "likely_geometric_cross": true, "osm_url": "https://www.openstreetmap.org/node/8236662649", "branch_1_neighbor": "8236652978", "branch_1_bearing": 52.29, "branch_1_street": "", "branch_1_highway": "unclassified", "branch_2_neighbor": "2739129190", "branch_2_bearing": 160.68, "branch_2_street": "ถนนแบนชะโด", "branch_2_highway": "tertiary", "branch_3_neighbor": "8236662641", "branch_3_bearing": 234.72, "branch_3_street": "", "branch_3_highway": "residential", "branch_4_neighbor": "8236652988", "branch_4_bearing": 342.76, "branch_4_street": "ถนนแบนชะโด", "branch_4_highway": "tertiary" }, "geometry": { "type": "Point", "coordinates": [ 100.7817271, 13.8768935 ] } },
{ "type": "Feature", "properties": { "osm_node_id": "3835124976", "latitude": 13.8638053, "longitude": 100.6854609, "street_names": "", "highway_types": "residential", "in_degree": 4, "out_degree": 4, "fully_bidirectional": true, "traffic_signals": false, "junction": "", "minimum_branch_angle": 56.38, "maximum_branch_angle": 127.13, "cross_score": 0.7937, "likely_geometric_cross": true, "osm_url": "https://www.openstreetmap.org/node/3835124976", "branch_1_neighbor": "3835124984", "branch_1_bearing": 17.9, "branch_1_street": "", "branch_1_highway": "residential", "branch_2_neighbor": "3835124959", "branch_2_bearing": 104.6, "branch_2_street": "", "branch_2_highway": "residential", "branch_3_neighbor": "3916077840", "branch_3_bearing": 231.73, "branch_3_street": "", "branch_3_highway": "residential", "branch_4_neighbor": "8011646057", "branch_4_bearing": 288.11, "branch_4_street": "", "branch_4_highway": "residential" }, "geometry": { "type": "Point", "coordinates": [ 100.6854609, 13.8638053 ] } },
{ "type": "Feature", "properties": { "osm_node_id": "12336575057", "latitude": 13.8365677, "longitude": 100.7013771, "street_names": "", "highway_types": "residential", "in_degree": 4, "out_degree": 4, "fully_bidirectional": true, "traffic_signals": false, "junction": "", "minimum_branch_angle": 62.96, "maximum_branch_angle": 119.72, "cross_score": 0.7864, "likely_geometric_cross": true, "osm_url": "https://www.openstreetmap.org/node/12336575057", "branch_1_neighbor": "12336575058", "branch_1_bearing": 60.24, "branch_1_street": "", "branch_1_highway": "residential", "branch_2_neighbor": "12336575060", "branch_2_bearing": 179.97, "branch_2_street": "", "branch_2_highway": "residential", "branch_3_neighbor": "12336575056", "branch_3_bearing": 258.57, "branch_3_street": "", "branch_3_highway": "residential", "branch_4_neighbor": "12336575054", "branch_4_bearing": 357.29, "branch_4_street": "", "branch_4_highway": "residential" }, "geometry": { "type": "Point", "coordinates": [ 100.7013771, 13.8365677 ] } },
{ "type": "Feature", "properties": { "osm_node_id": "8359517740", "latitude": 13.9144405, "longitude": 100.7028819, "street_names": "", "highway_types": "residential", "in_degree": 3, "out_degree": 3, "fully_bidirectional": false, "traffic_signals": false, "junction": "", "minimum_branch_angle": 68.39, "maximum_branch_angle": 109.85, "cross_score": 0.7843, "likely_geometric_cross": true, "osm_url": "https://www.openstreetmap.org/node/8359517740", "branch_1_neighbor": "8359505781", "branch_1_bearing": 61.26, "branch_1_street": "", "branch_1_highway": "residential", "branch_2_neighbor": "8359517743", "branch_2_bearing": 171.11, "branch_2_street": "", "branch_2_highway": "residential", "branch_3_neighbor": "8359517741", "branch_3_bearing": 239.5, "branch_3_street": "", "branch_3_highway": "residential", "branch_4_neighbor": "8359517736", "branch_4_bearing": 348.49, "branch_4_street": "", "branch_4_highway": "residential" }, "geometry": { "type": "Point", "coordinates": [ 100.7028819, 13.9144405 ] } },
{ "type": "Feature", "properties": { "osm_node_id": "8061525990", "latitude": 13.879065, "longitude": 100.7111925, "street_names": "", "highway_types": "residential", "in_degree": 3, "out_degree": 3, "fully_bidirectional": false, "traffic_signals": false, "junction": "", "minimum_branch_angle": 66.08, "maximum_branch_angle": 112.42, "cross_score": 0.784, "likely_geometric_cross": true, "osm_url": "https://www.openstreetmap.org/node/8061525990", "branch_1_neighbor": "8061965491", "branch_1_bearing": 90.9, "branch_1_street": "", "branch_1_highway": "residential", "branch_2_neighbor": "2722901271", "branch_2_bearing": 165.95, "branch_2_street": "", "branch_2_highway": "residential", "branch_3_neighbor": "8061965492", "branch_3_bearing": 272.4, "branch_3_street": "", "branch_3_highway": "residential", "branch_4_neighbor": "2558439613", "branch_4_bearing": 338.48, "branch_4_street": "", "branch_4_highway": "residential" }, "geometry": { "type": "Point", "coordinates": [ 100.7111925, 13.879065 ] } },
{ "type": "Feature", "properties": { "osm_node_id": "3841823462", "latitude": 13.8381682, "longitude": 100.7414864, "street_names": "", "highway_types": "residential", "in_degree": 4, "out_degree": 4, "fully_bidirectional": true, "traffic_signals": false, "junction": "", "minimum_branch_angle": 59.29, "maximum_branch_angle": 129.2, "cross_score": 0.7822, "likely_geometric_cross": true, "osm_url": "https://www.openstreetmap.org/node/3841823462", "branch_1_neighbor": "3841823481", "branch_1_bearing": 49.13, "branch_1_street": "", "branch_1_highway": "residential", "branch_2_neighbor": "3841823460", "branch_2_bearing": 108.43, "branch_2_street": "", "branch_2_highway": "residential", "branch_3_neighbor": "8123078695", "branch_3_bearing": 237.62, "branch_3_street": "", "branch_3_highway": "residential", "branch_4_neighbor": "3841823466", "branch_4_bearing": 323.13, "branch_4_street": "", "branch_4_highway": "residential" }, "geometry": { "type": "Point", "coordinates": [ 100.7414864, 13.8381682 ] } },
{ "type": "Feature", "properties": { "osm_node_id": "3053347077", "latitude": 13.8673299, "longitude": 100.7135754, "street_names": "", "highway_types": "residential", "in_degree": 4, "out_degree": 4, "fully_bidirectional": true, "traffic_signals": false, "junction": "", "minimum_branch_angle": 63.7, "maximum_branch_angle": 117.42, "cross_score": 0.7817, "likely_geometric_cross": true, "osm_url": "https://www.openstreetmap.org/node/3053347077", "branch_1_neighbor": "3053347114", "branch_1_bearing": 26.38, "branch_1_street": "", "branch_1_highway": "residential", "branch_2_neighbor": "3053347088", "branch_2_bearing": 90.08, "branch_2_street": "", "branch_2_highway": "residential", "branch_3_neighbor": "3053347072", "branch_3_bearing": 191.96, "branch_3_street": "", "branch_3_highway": "residential", "branch_4_neighbor": "3053347488", "branch_4_bearing": 268.96, "branch_4_street": "", "branch_4_highway": "residential" }, "geometry": { "type": "Point", "coordinates": [ 100.7135754, 13.8673299 ] } },
{ "type": "Feature", "properties": { "osm_node_id": "8144706292", "latitude": 13.864796, "longitude": 100.709652, "street_names": "ซอย เลียบคลองสอง 19", "highway_types": "residential", "in_degree": 3, "out_degree": 3, "fully_bidirectional": false, "traffic_signals": false, "junction": "", "minimum_branch_angle": 52.32, "maximum_branch_angle": 130.13, "cross_score": 0.777, "likely_geometric_cross": true, "osm_url": "https://www.openstreetmap.org/node/8144706292", "branch_1_neighbor": "3834869414", "branch_1_bearing": 88.37, "branch_1_street": "ซอย เลียบคลองสอง 19", "branch_1_highway": "residential", "branch_2_neighbor": "8144706302", "branch_2_bearing": 177.03, "branch_2_street": "", "branch_2_highway": "residential", "branch_3_neighbor": "8144706298", "branch_3_bearing": 229.35, "branch_3_street": "ซอย เลียบคลองสอง 19", "branch_3_highway": "residential", "branch_4_neighbor": "3834869430", "branch_4_bearing": 359.48, "branch_4_street": "", "branch_4_highway": "residential" }, "geometry": { "type": "Point", "coordinates": [ 100.709652, 13.864796 ] } },
{ "type": "Feature", "properties": { "osm_node_id": "5936033980", "latitude": 13.9090353, "longitude": 100.7037225, "street_names": "หมู่บ้านเดอะสวีท การ์เด้นวิลล์ 2 ซอย 1", "highway_types": "residential", "in_degree": 3, "out_degree": 3, "fully_bidirectional": false, "traffic_signals": false, "junction": "", "minimum_branch_angle": 54.21, "maximum_branch_angle": 128.95, "cross_score": 0.7762, "likely_geometric_cross": true, "osm_url": "https://www.openstreetmap.org/node/5936033980", "branch_1_neighbor": "5936033978", "branch_1_bearing": 45.06, "branch_1_street": "หมู่บ้านเดอะสวีท การ์เด้นวิลล์ 2 ซอย 1", "branch_1_highway": "residential", "branch_2_neighbor": "5936033979", "branch_2_bearing": 99.27, "branch_2_street": "", "branch_2_highway": "residential", "branch_3_neighbor": "5936033984", "branch_3_bearing": 228.22, "branch_3_street": "หมู่บ้านเดอะสวีท การ์เด้นวิลล์ 2 ซอย 1", "branch_3_highway": "residential", "branch_4_neighbor": "5936033981", "branch_4_bearing": 313.73, "branch_4_street": "", "branch_4_highway": "residential" }, "geometry": { "type": "Point", "coordinates": [ 100.7037225, 13.9090353 ] } },
{ "type": "Feature", "properties": { "osm_node_id": "6124183126", "latitude": 13.8736926, "longitude": 100.7115467, "street_names": "", "highway_types": "residential", "in_degree": 3, "out_degree": 3, "fully_bidirectional": false, "traffic_signals": false, "junction": "", "minimum_branch_angle": 50.24, "maximum_branch_angle": 130.09, "cross_score": 0.7761, "likely_geometric_cross": true, "osm_url": "https://www.openstreetmap.org/node/6124183126", "branch_1_neighbor": "6124182960", "branch_1_bearing": 87.77, "branch_1_street": "", "branch_1_highway": "residential", "branch_2_neighbor": "6124183127", "branch_2_bearing": 177.24, "branch_2_street": "", "branch_2_highway": "residential", "branch_3_neighbor": "6124183128", "branch_3_bearing": 267.45, "branch_3_street": "", "branch_3_highway": "residential", "branch_4_neighbor": "8079711397", "branch_4_bearing": 317.69, "branch_4_street": "", "branch_4_highway": "residential" }, "geometry": { "type": "Point", "coordinates": [ 100.7115467, 13.8736926 ] } },
{ "type": "Feature", "properties": { "osm_node_id": "2562521973", "latitude": 13.8705603, "longitude": 100.7201157, "street_names": "", "highway_types": "residential", "in_degree": 4, "out_degree": 4, "fully_bidirectional": true, "traffic_signals": false, "junction": "", "minimum_branch_angle": 69.59, "maximum_branch_angle": 110.79, "cross_score": 0.7759, "likely_geometric_cross": true, "osm_url": "https://www.openstreetmap.org/node/2562521973", "branch_1_neighbor": "6124183037", "branch_1_bearing": 17.53, "branch_1_street": "", "branch_1_highway": "residential", "branch_2_neighbor": "2562521974", "branch_2_bearing": 87.61, "branch_2_street": "", "branch_2_highway": "residential", "branch_3_neighbor": "2562521976", "branch_3_bearing": 198.4, "branch_3_street": "", "branch_3_highway": "residential", "branch_4_neighbor": "2562521972", "branch_4_bearing": 267.99, "branch_4_street": "", "branch_4_highway": "residential" }, "geometry": { "type": "Point", "coordinates": [ 100.7201157, 13.8705603 ] } },
{ "type": "Feature", "properties": { "osm_node_id": "5877834594", "latitude": 13.8601908, "longitude": 100.7403845, "street_names": "ซอยวัดสุขใจ", "highway_types": "residential; tertiary", "in_degree": 4, "out_degree": 4, "fully_bidirectional": true, "traffic_signals": false, "junction": "", "minimum_branch_angle": 63.89, "maximum_branch_angle": 116.16, "cross_score": 0.7728, "likely_geometric_cross": true, "osm_url": "https://www.openstreetmap.org/node/5877834594", "branch_1_neighbor": "5877834596", "branch_1_bearing": 62.88, "branch_1_street": "ซอยวัดสุขใจ", "branch_1_highway": "tertiary", "branch_2_neighbor": "8447601555", "branch_2_bearing": 167.61, "branch_2_street": "", "branch_2_highway": "residential", "branch_3_neighbor": "3834754712", "branch_3_bearing": 242.83, "branch_3_street": "ซอยวัดสุขใจ", "branch_3_highway": "tertiary", "branch_4_neighbor": "5877834589", "branch_4_bearing": 359.0, "branch_4_street": "", "branch_4_highway": "residential" }, "geometry": { "type": "Point", "coordinates": [ 100.7403845, 13.8601908 ] } },
{ "type": "Feature", "properties": { "osm_node_id": "3840058893", "latitude": 13.8519779, "longitude": 100.7065387, "street_names": "", "highway_types": "residential", "in_degree": 4, "out_degree": 4, "fully_bidirectional": true, "traffic_signals": false, "junction": "", "minimum_branch_angle": 68.65, "maximum_branch_angle": 116.2, "cross_score": 0.7686, "likely_geometric_cross": true, "osm_url": "https://www.openstreetmap.org/node/3840058893", "branch_1_neighbor": "3840058911", "branch_1_bearing": 19.81, "branch_1_street": "", "branch_1_highway": "residential", "branch_2_neighbor": "3840058894", "branch_2_bearing": 88.46, "branch_2_street": "", "branch_2_highway": "residential", "branch_3_neighbor": "6521809158", "branch_3_bearing": 193.9, "branch_3_street": "", "branch_3_highway": "residential", "branch_4_neighbor": "3840058888", "branch_4_bearing": 263.61, "branch_4_street": "", "branch_4_highway": "residential" }, "geometry": { "type": "Point", "coordinates": [ 100.7065387, 13.8519779 ] } },
{ "type": "Feature", "properties": { "osm_node_id": "7908343123", "latitude": 13.857355, "longitude": 100.7071477, "street_names": "ถนนปัญญาอินทรา", "highway_types": "residential; tertiary", "in_degree": 3, "out_degree": 3, "fully_bidirectional": false, "traffic_signals": false, "junction": "", "minimum_branch_angle": 51.76, "maximum_branch_angle": 128.54, "cross_score": 0.7686, "likely_geometric_cross": true, "osm_url": "https://www.openstreetmap.org/node/7908343123", "branch_1_neighbor": "7908343127", "branch_1_bearing": 0.54, "branch_1_street": "ถนนปัญญาอินทรา", "branch_1_highway": "tertiary", "branch_2_neighbor": "3840059158", "branch_2_bearing": 87.13, "branch_2_street": "", "branch_2_highway": "residential", "branch_3_neighbor": "7908343122", "branch_3_bearing": 180.24, "branch_3_street": "ถนนปัญญาอินทรา", "branch_3_highway": "tertiary", "branch_4_neighbor": "3840059055", "branch_4_bearing": 232.0, "branch_4_street": "", "branch_4_highway": "residential" }, "geometry": { "type": "Point", "coordinates": [ 100.7071477, 13.857355 ] } },
{ "type": "Feature", "properties": { "osm_node_id": "6836313640", "latitude": 13.8404604, "longitude": 100.6964353, "street_names": "ถนนปัญญาอินทรา; ถนนพระยาสุเรนทร์", "highway_types": "secondary; tertiary", "in_degree": 2, "out_degree": 2, "fully_bidirectional": false, "traffic_signals": false, "junction": "", "minimum_branch_angle": 68.45, "maximum_branch_angle": 113.47, "cross_score": 0.7656, "likely_geometric_cross": true, "osm_url": "https://www.openstreetmap.org/node/6836313640", "branch_1_neighbor": "8301828563", "branch_1_bearing": 0.42, "branch_1_street": "ถนนพระยาสุเรนทร์", "branch_1_highway": "tertiary", "branch_2_neighbor": "7949430284", "branch_2_bearing": 68.87, "branch_2_street": "ถนนปัญญาอินทรา", "branch_2_highway": "secondary", "branch_3_neighbor": "7949430256", "branch_3_bearing": 177.58, "branch_3_street": "ถนนพระยาสุเรนทร์", "branch_3_highway": "tertiary", "branch_4_neighbor": "8301828566", "branch_4_bearing": 246.94, "branch_4_street": "ถนนปัญญาอินทรา", "branch_4_highway": "secondary" }, "geometry": { "type": "Point", "coordinates": [ 100.6964353, 13.8404604 ] } },
{ "type": "Feature", "properties": { "osm_node_id": "8123078699", "latitude": 13.8372439, "longitude": 100.7397899, "street_names": "", "highway_types": "residential", "in_degree": 3, "out_degree": 3, "fully_bidirectional": false, "traffic_signals": false, "junction": "", "minimum_branch_angle": 62.56, "maximum_branch_angle": 117.52, "cross_score": 0.7638, "likely_geometric_cross": true, "osm_url": "https://www.openstreetmap.org/node/8123078699", "branch_1_neighbor": "8123078694", "branch_1_bearing": 76.41, "branch_1_street": "", "branch_1_highway": "residential", "branch_2_neighbor": "8122808141", "branch_2_bearing": 151.33, "branch_2_street": "", "branch_2_highway": "residential", "branch_3_neighbor": "8123078700", "branch_3_bearing": 268.85, "branch_3_street": "", "branch_3_highway": "residential", "branch_4_neighbor": "8122808155", "branch_4_bearing": 331.42, "branch_4_street": "", "branch_4_highway": "residential" }, "geometry": { "type": "Point", "coordinates": [ 100.7397899, 13.8372439 ] } },
{ "type": "Feature", "properties": { "osm_node_id": "8073614892", "latitude": 13.8883054, "longitude": 100.7184324, "street_names": "", "highway_types": "residential", "in_degree": 3, "out_degree": 3, "fully_bidirectional": false, "traffic_signals": false, "junction": "", "minimum_branch_angle": 56.44, "maximum_branch_angle": 133.2, "cross_score": 0.76, "likely_geometric_cross": true, "osm_url": "https://www.openstreetmap.org/node/8073614892", "branch_1_neighbor": "5941639278", "branch_1_bearing": 83.52, "branch_1_street": "", "branch_1_highway": "residential", "branch_2_neighbor": "8073614893", "branch_2_bearing": 139.96, "branch_2_street": "", "branch_2_highway": "residential", "branch_3_neighbor": "5941639198", "branch_3_bearing": 228.2, "branch_3_street": "", "branch_3_highway": "residential", "branch_4_neighbor": "8073614895", "branch_4_bearing": 310.32, "branch_4_street": "", "branch_4_highway": "residential" }, "geometry": { "type": "Point", "coordinates": [ 100.7184324, 13.8883054 ] } },
{ "type": "Feature", "properties": { "osm_node_id": "3843843349", "latitude": 13.824774, "longitude": 100.7511067, "street_names": "ถนนประชาร่วมใจ", "highway_types": "residential; secondary", "in_degree": 4, "out_degree": 4, "fully_bidirectional": true, "traffic_signals": false, "junction": "", "minimum_branch_angle": 57.47, "maximum_branch_angle": 119.97, "cross_score": 0.7582, "likely_geometric_cross": true, "osm_url": "https://www.openstreetmap.org/node/3843843349", "branch_1_neighbor": "5886029936", "branch_1_bearing": 64.99, "branch_1_street": "ถนนประชาร่วมใจ", "branch_1_highway": "secondary", "branch_2_neighbor": "8177985533", "branch_2_bearing": 143.99, "branch_2_street": "", "branch_2_highway": "residential", "branch_3_neighbor": "8177985531", "branch_3_bearing": 263.96, "branch_3_street": "ถนนประชาร่วมใจ", "branch_3_highway": "secondary", "branch_4_neighbor": "3843843377", "branch_4_bearing": 321.43, "branch_4_street": "", "branch_4_highway": "residential" }, "geometry": { "type": "Point", "coordinates": [ 100.7511067, 13.824774 ] } },
{ "type": "Feature", "properties": { "osm_node_id": "3835124906", "latitude": 13.861781, "longitude": 100.6877768, "street_names": "", "highway_types": "residential", "in_degree": 4, "out_degree": 4, "fully_bidirectional": true, "traffic_signals": false, "junction": "", "minimum_branch_angle": 62.91, "maximum_branch_angle": 115.75, "cross_score": 0.7509, "likely_geometric_cross": true, "osm_url": "https://www.openstreetmap.org/node/3835124906", "branch_1_neighbor": "3835124914", "branch_1_bearing": 39.21, "branch_1_street": "", "branch_1_highway": "residential", "branch_2_neighbor": "3835124900", "branch_2_bearing": 111.46, "branch_2_street": "", "branch_2_highway": "residential", "branch_3_neighbor": "8011646084", "branch_3_bearing": 227.21, "branch_3_street": "", "branch_3_highway": "residential", "branch_4_neighbor": "12848165527", "branch_4_bearing": 290.12, "branch_4_street": "", "branch_4_highway": "residential" }, "geometry": { "type": "Point", "coordinates": [ 100.6877768, 13.861781 ] } },
{ "type": "Feature", "properties": { "osm_node_id": "3841912716", "latitude": 13.8378327, "longitude": 100.7104629, "street_names": "ซอยพระยาสุเรนทร์ 30 แยก 9; สุเหร่าคลองหนึ่ง 16; เจริญพัฒนา 23", "highway_types": "residential", "in_degree": 4, "out_degree": 4, "fully_bidirectional": true, "traffic_signals": false, "junction": "", "minimum_branch_angle": 64.47, "maximum_branch_angle": 116.97, "cross_score": 0.7492, "likely_geometric_cross": true, "osm_url": "https://www.openstreetmap.org/node/3841912716", "branch_1_neighbor": "8233827886", "branch_1_bearing": 17.32, "branch_1_street": "สุเหร่าคลองหนึ่ง 16", "branch_1_highway": "residential", "branch_2_neighbor": "8233923672", "branch_2_bearing": 87.7, "branch_2_street": "เจริญพัฒนา 23", "branch_2_highway": "residential", "branch_3_neighbor": "8233827880", "branch_3_bearing": 195.87, "branch_3_street": "สุเหร่าคลองหนึ่ง 16", "branch_3_highway": "residential", "branch_4_neighbor": "3841928650", "branch_4_bearing": 260.35, "branch_4_street": "ซอยพระยาสุเรนทร์ 30 แยก 9", "branch_4_highway": "residential" }, "geometry": { "type": "Point", "coordinates": [ 100.7104629, 13.8378327 ] } },
{ "type": "Feature", "properties": { "osm_node_id": "8122808155", "latitude": 13.8372856, "longitude": 100.7397665, "street_names": "", "highway_types": "residential", "in_degree": 3, "out_degree": 3, "fully_bidirectional": false, "traffic_signals": false, "junction": "", "minimum_branch_angle": 66.63, "maximum_branch_angle": 135.19, "cross_score": 0.7489, "likely_geometric_cross": true, "osm_url": "https://www.openstreetmap.org/node/8122808155", "branch_1_neighbor": "8123078701", "branch_1_bearing": 66.24, "branch_1_street": "", "branch_1_highway": "residential", "branch_2_neighbor": "8123078699", "branch_2_bearing": 151.42, "branch_2_street": "", "branch_2_highway": "residential", "branch_3_neighbor": "8123078700", "branch_3_bearing": 224.42, "branch_3_street": "", "branch_3_highway": "residential", "branch_4_neighbor": "8122808133", "branch_4_bearing": 359.61, "branch_4_street": "", "branch_4_highway": "residential" }, "geometry": { "type": "Point", "coordinates": [ 100.7397665, 13.8372856 ] } },
{ "type": "Feature", "properties": { "osm_node_id": "5886229431", "latitude": 13.921192, "longitude": 100.7685828, "street_names": "ซอยไมตรีจิต 7", "highway_types": "residential", "in_degree": 4, "out_degree": 4, "fully_bidirectional": true, "traffic_signals": false, "junction": "", "minimum_branch_angle": 66.96, "maximum_branch_angle": 113.79, "cross_score": 0.7459, "likely_geometric_cross": true, "osm_url": "https://www.openstreetmap.org/node/5886229431", "branch_1_neighbor": "5886229418", "branch_1_bearing": 2.55, "branch_1_street": "ซอยไมตรีจิต 7", "branch_1_highway": "residential", "branch_2_neighbor": "8628196927", "branch_2_bearing": 69.86, "branch_2_street": "", "branch_2_highway": "residential", "branch_3_neighbor": "5886437866", "branch_3_bearing": 183.65, "branch_3_street": "ซอยไมตรีจิต 7", "branch_3_highway": "residential", "branch_4_neighbor": "8253572527", "branch_4_bearing": 250.61, "branch_4_street": "", "branch_4_highway": "residential" }, "geometry": { "type": "Point", "coordinates": [ 100.7685828, 13.921192 ] } },
{ "type": "Feature", "properties": { "osm_node_id": "5936141604", "latitude": 13.9065515, "longitude": 100.6912637, "street_names": "", "highway_types": "residential", "in_degree": 3, "out_degree": 3, "fully_bidirectional": false, "traffic_signals": false, "junction": "", "minimum_branch_angle": 44.88, "maximum_branch_angle": 130.07, "cross_score": 0.7409, "likely_geometric_cross": true, "osm_url": "https://www.openstreetmap.org/node/5936141604", "branch_1_neighbor": "5936140573", "branch_1_bearing": 53.27, "branch_1_street": "", "branch_1_highway": "residential", "branch_2_neighbor": "5936141602", "branch_2_bearing": 149.83, "branch_2_street": "", "branch_2_highway": "residential", "branch_3_neighbor": "5936141603", "branch_3_bearing": 194.71, "branch_3_street": "", "branch_3_highway": "residential", "branch_4_neighbor": "5936140552", "branch_4_bearing": 324.78, "branch_4_street": "", "branch_4_highway": "residential" }, "geometry": { "type": "Point", "coordinates": [ 100.6912637, 13.9065515 ] } },
{ "type": "Feature", "properties": { "osm_node_id": "8484257656", "latitude": 13.8927624, "longitude": 100.698336, "street_names": "", "highway_types": "residential", "in_degree": 3, "out_degree": 3, "fully_bidirectional": false, "traffic_signals": false, "junction": "", "minimum_branch_angle": 49.57, "maximum_branch_angle": 127.42, "cross_score": 0.7384, "likely_geometric_cross": true, "osm_url": "https://www.openstreetmap.org/node/8484257656", "branch_1_neighbor": "8484257658", "branch_1_bearing": 10.23, "branch_1_street": "", "branch_1_highway": "residential", "branch_2_neighbor": "5941770008", "branch_2_bearing": 93.58, "branch_2_street": "", "branch_2_highway": "residential", "branch_3_neighbor": "8484257661", "branch_3_bearing": 220.99, "branch_3_street": "", "branch_3_highway": "residential", "branch_4_neighbor": "8484257657", "branch_4_bearing": 270.56, "branch_4_street": "", "branch_4_highway": "residential" }, "geometry": { "type": "Point", "coordinates": [ 100.698336, 13.8927624 ] } },
{ "type": "Feature", "properties": { "osm_node_id": "5886437866", "latitude": 13.9197873, "longitude": 100.7684966, "street_names": "ซอยสามพี่น้อง; ซอยไมตรีจิต 7", "highway_types": "residential", "in_degree": 4, "out_degree": 4, "fully_bidirectional": true, "traffic_signals": false, "junction": "", "minimum_branch_angle": 65.12, "maximum_branch_angle": 114.02, "cross_score": 0.7373, "likely_geometric_cross": true, "osm_url": "https://www.openstreetmap.org/node/5886437866", "branch_1_neighbor": "5886229431", "branch_1_bearing": 4.83, "branch_1_street": "ซอยไมตรีจิต 7", "branch_1_highway": "residential", "branch_2_neighbor": "5886437862", "branch_2_bearing": 69.95, "branch_2_street": "", "branch_2_highway": "residential", "branch_3_neighbor": "5886437858", "branch_3_bearing": 183.21, "branch_3_street": "ซอยไมตรีจิต 7", "branch_3_highway": "residential", "branch_4_neighbor": "8253572518", "branch_4_bearing": 250.81, "branch_4_street": "ซอยสามพี่น้อง", "branch_4_highway": "residential" }, "geometry": { "type": "Point", "coordinates": [ 100.7684966, 13.9197873 ] } },
{ "type": "Feature", "properties": { "osm_node_id": "8392600485", "latitude": 13.8664136, "longitude": 100.6915292, "street_names": "", "highway_types": "residential", "in_degree": 3, "out_degree": 3, "fully_bidirectional": false, "traffic_signals": false, "junction": "", "minimum_branch_angle": 45.69, "maximum_branch_angle": 133.59, "cross_score": 0.7364, "likely_geometric_cross": true, "osm_url": "https://www.openstreetmap.org/node/8392600485", "branch_1_neighbor": "8392600484", "branch_1_bearing": 85.45, "branch_1_street": "", "branch_1_highway": "residential", "branch_2_neighbor": "3839446618", "branch_2_bearing": 179.3, "branch_2_street": "", "branch_2_highway": "residential", "branch_3_neighbor": "8392600486", "branch_3_bearing": 225.0, "branch_3_street": "", "branch_3_highway": "residential", "branch_4_neighbor": "3839446632", "branch_4_bearing": 358.59, "branch_4_street": "", "branch_4_highway": "residential" }, "geometry": { "type": "Point", "coordinates": [ 100.6915292, 13.8664136 ] } },
{ "type": "Feature", "properties": { "osm_node_id": "3834868721", "latitude": 13.8561242, "longitude": 100.7138167, "street_names": "", "highway_types": "residential", "in_degree": 3, "out_degree": 3, "fully_bidirectional": false, "traffic_signals": false, "junction": "", "minimum_branch_angle": 57.61, "maximum_branch_angle": 138.63, "cross_score": 0.7298, "likely_geometric_cross": true, "osm_url": "https://www.openstreetmap.org/node/3834868721", "branch_1_neighbor": "8144523500", "branch_1_bearing": 79.54, "branch_1_street": "", "branch_1_highway": "residential", "branch_2_neighbor": "3834868723", "branch_2_bearing": 137.15, "branch_2_street": "", "branch_2_highway": "residential", "branch_3_neighbor": "3834868695", "branch_3_bearing": 218.18, "branch_3_street": "", "branch_3_highway": "residential", "branch_4_neighbor": "8144523503", "branch_4_bearing": 356.81, "branch_4_street": "", "branch_4_highway": "residential" }, "geometry": { "type": "Point", "coordinates": [ 100.7138167, 13.8561242 ] } },
{ "type": "Feature", "properties": { "osm_node_id": "2077224878", "latitude": 13.9055572, "longitude": 100.7497341, "street_names": "", "highway_types": "residential", "in_degree": 4, "out_degree": 4, "fully_bidirectional": true, "traffic_signals": false, "junction": "", "minimum_branch_angle": 64.71, "maximum_branch_angle": 116.76, "cross_score": 0.7286, "likely_geometric_cross": true, "osm_url": "https://www.openstreetmap.org/node/2077224878", "branch_1_neighbor": "8628021198", "branch_1_bearing": 1.08, "branch_1_street": "", "branch_1_highway": "residential", "branch_2_neighbor": "5877669052", "branch_2_bearing": 113.17, "branch_2_street": "", "branch_2_highway": "residential", "branch_3_neighbor": "8189202983", "branch_3_bearing": 179.61, "branch_3_street": "", "branch_3_highway": "residential", "branch_4_neighbor": "5877668960", "branch_4_bearing": 296.37, "branch_4_street": "", "branch_4_highway": "residential" }, "geometry": { "type": "Point", "coordinates": [ 100.7497341, 13.9055572 ] } },
{ "type": "Feature", "properties": { "osm_node_id": "3834869481", "latitude": 13.8682072, "longitude": 100.7193415, "street_names": "ซอย 13", "highway_types": "residential", "in_degree": 3, "out_degree": 3, "fully_bidirectional": false, "traffic_signals": false, "junction": "", "minimum_branch_angle": 43.35, "maximum_branch_angle": 122.95, "cross_score": 0.7283, "likely_geometric_cross": true, "osm_url": "https://www.openstreetmap.org/node/3834869481", "branch_1_neighbor": "8061345584", "branch_1_bearing": 47.72, "branch_1_street": "ซอย 13", "branch_1_highway": "residential", "branch_2_neighbor": "3834869472", "branch_2_bearing": 135.45, "branch_2_street": "", "branch_2_highway": "residential", "branch_3_neighbor": "3834869479", "branch_3_bearing": 258.4, "branch_3_street": "ซอย 13", "branch_3_highway": "residential", "branch_4_neighbor": "3834869485", "branch_4_bearing": 301.75, "branch_4_street": "", "branch_4_highway": "residential" }, "geometry": { "type": "Point", "coordinates": [ 100.7193415, 13.8682072 ] } },
{ "type": "Feature", "properties": { "osm_node_id": "3835124942", "latitude": 13.8629153, "longitude": 100.6847728, "street_names": "", "highway_types": "residential", "in_degree": 4, "out_degree": 4, "fully_bidirectional": true, "traffic_signals": false, "junction": "", "minimum_branch_angle": 62.96, "maximum_branch_angle": 118.2, "cross_score": 0.7283, "likely_geometric_cross": true, "osm_url": "https://www.openstreetmap.org/node/3835124942", "branch_1_neighbor": "3835124948", "branch_1_bearing": 43.7, "branch_1_street": "", "branch_1_highway": "residential", "branch_2_neighbor": "3835124932", "branch_2_bearing": 106.66, "branch_2_street": "", "branch_2_highway": "residential", "branch_3_neighbor": "3835124931", "branch_3_bearing": 217.36, "branch_3_street": "", "branch_3_highway": "residential", "branch_4_neighbor": "3835124953", "branch_4_bearing": 285.5, "branch_4_street": "", "branch_4_highway": "residential" }, "geometry": { "type": "Point", "coordinates": [ 100.6847728, 13.8629153 ] } },
{ "type": "Feature", "properties": { "osm_node_id": "3053324464", "latitude": 13.868608, "longitude": 100.7437362, "street_names": "", "highway_types": "residential", "in_degree": 4, "out_degree": 4, "fully_bidirectional": true, "traffic_signals": false, "junction": "", "minimum_branch_angle": 62.85, "maximum_branch_angle": 117.16, "cross_score": 0.726, "likely_geometric_cross": true, "osm_url": "https://www.openstreetmap.org/node/3053324464", "branch_1_neighbor": "3053324341", "branch_1_bearing": 17.65, "branch_1_street": "", "branch_1_highway": "residential", "branch_2_neighbor": "3053324419", "branch_2_bearing": 85.48, "branch_2_street": "", "branch_2_highway": "residential", "branch_3_neighbor": "3053322525", "branch_3_bearing": 202.64, "branch_3_street": "", "branch_3_highway": "residential", "branch_4_neighbor": "3053324359", "branch_4_bearing": 265.49, "branch_4_street": "", "branch_4_highway": "residential" }, "geometry": { "type": "Point", "coordinates": [ 100.7437362, 13.868608 ] } },
{ "type": "Feature", "properties": { "osm_node_id": "2739129171", "latitude": 13.8694104, "longitude": 100.7749543, "street_names": "วัดสุขใจ 36", "highway_types": "residential; tertiary", "in_degree": 4, "out_degree": 4, "fully_bidirectional": true, "traffic_signals": false, "junction": "", "minimum_branch_angle": 64.27, "maximum_branch_angle": 116.6, "cross_score": 0.7214, "likely_geometric_cross": true, "osm_url": "https://www.openstreetmap.org/node/2739129171", "branch_1_neighbor": "2739129170", "branch_1_bearing": 100.17, "branch_1_street": "วัดสุขใจ 36", "branch_1_highway": "tertiary", "branch_2_neighbor": "8608023568", "branch_2_bearing": 164.45, "branch_2_street": "", "branch_2_highway": "residential", "branch_3_neighbor": "2739129173", "branch_3_bearing": 281.05, "branch_3_street": "วัดสุขใจ 36", "branch_3_highway": "tertiary", "branch_4_neighbor": "8186441949", "branch_4_bearing": 346.62, "branch_4_street": "", "branch_4_highway": "residential" }, "geometry": { "type": "Point", "coordinates": [ 100.7749543, 13.8694104 ] } },
{ "type": "Feature", "properties": { "osm_node_id": "3840058920", "latitude": 13.8526728, "longitude": 100.7078047, "street_names": "", "highway_types": "residential", "in_degree": 4, "out_degree": 4, "fully_bidirectional": true, "traffic_signals": false, "junction": "", "minimum_branch_angle": 63.97, "maximum_branch_angle": 116.11, "cross_score": 0.7139, "likely_geometric_cross": true, "osm_url": "https://www.openstreetmap.org/node/3840058920", "branch_1_neighbor": "3840058932", "branch_1_bearing": 21.77, "branch_1_street": "", "branch_1_highway": "residential", "branch_2_neighbor": "3840058922", "branch_2_bearing": 85.73, "branch_2_street": "", "branch_2_highway": "residential", "branch_3_neighbor": "3840058906", "branch_3_bearing": 201.84, "branch_3_street": "", "branch_3_highway": "residential", "branch_4_neighbor": "3840058918", "branch_4_bearing": 266.38, "branch_4_street": "", "branch_4_highway": "residential" }, "geometry": { "type": "Point", "coordinates": [ 100.7078047, 13.8526728 ] } },
{ "type": "Feature", "properties": { "osm_node_id": "8359517726", "latitude": 13.9136735, "longitude": 100.703343, "street_names": "", "highway_types": "residential", "in_degree": 4, "out_degree": 4, "fully_bidirectional": true, "traffic_signals": false, "junction": "", "minimum_branch_angle": 57.49, "maximum_branch_angle": 120.91, "cross_score": 0.7133, "likely_geometric_cross": true, "osm_url": "https://www.openstreetmap.org/node/8359517726", "branch_1_neighbor": "8359505815", "branch_1_bearing": 11.59, "branch_1_street": "", "branch_1_highway": "residential", "branch_2_neighbor": "8359505785", "branch_2_bearing": 122.29, "branch_2_street": "", "branch_2_highway": "residential", "branch_3_neighbor": "8359492748", "branch_3_bearing": 193.19, "branch_3_street": "", "branch_3_highway": "residential", "branch_4_neighbor": "8359517721", "branch_4_bearing": 314.1, "branch_4_street": "", "branch_4_highway": "residential" }, "geometry": { "type": "Point", "coordinates": [ 100.703343, 13.9136735 ] } },
{ "type": "Feature", "properties": { "osm_node_id": "5935920796", "latitude": 13.9065361, "longitude": 100.7118156, "street_names": "", "highway_types": "residential", "in_degree": 4, "out_degree": 4, "fully_bidirectional": true, "traffic_signals": false, "junction": "", "minimum_branch_angle": 62.84, "maximum_branch_angle": 117.69, "cross_score": 0.7101, "likely_geometric_cross": true, "osm_url": "https://www.openstreetmap.org/node/5935920796", "branch_1_neighbor": "5935920816", "branch_1_bearing": 15.13, "branch_1_street": "", "branch_1_highway": "residential", "branch_2_neighbor": "5935920797", "branch_2_bearing": 80.11, "branch_2_street": "", "branch_2_highway": "residential", "branch_3_neighbor": "5935920795", "branch_3_bearing": 197.81, "branch_3_street": "", "branch_3_highway": "residential", "branch_4_neighbor": "5935920802", "branch_4_bearing": 260.65, "branch_4_street": "", "branch_4_highway": "residential" }, "geometry": { "type": "Point", "coordinates": [ 100.7118156, 13.9065361 ] } },
{ "type": "Feature", "properties": { "osm_node_id": "8211763560", "latitude": 13.8283284, "longitude": 100.7461517, "street_names": "", "highway_types": "residential", "in_degree": 2, "out_degree": 2, "fully_bidirectional": false, "traffic_signals": false, "junction": "", "minimum_branch_angle": 53.0, "maximum_branch_angle": 131.02, "cross_score": 0.7084, "likely_geometric_cross": true, "osm_url": "https://www.openstreetmap.org/node/8211763560", "branch_1_neighbor": "8178327564", "branch_1_bearing": 61.66, "branch_1_street": "", "branch_1_highway": "residential", "branch_2_neighbor": "8211763565", "branch_2_bearing": 192.67, "branch_2_street": "", "branch_2_highway": "residential", "branch_3_neighbor": "8211763561", "branch_3_bearing": 245.67, "branch_3_street": "", "branch_3_highway": "residential", "branch_4_neighbor": "8211763582", "branch_4_bearing": 347.14, "branch_4_street": "", "branch_4_highway": "residential" }, "geometry": { "type": "Point", "coordinates": [ 100.7461517, 13.8283284 ] } },
{ "type": "Feature", "properties": { "osm_node_id": "8061465728", "latitude": 13.8794558, "longitude": 100.7153404, "street_names": "ถนนเมนที่ 2", "highway_types": "residential", "in_degree": 3, "out_degree": 3, "fully_bidirectional": false, "traffic_signals": false, "junction": "", "minimum_branch_angle": 57.38, "maximum_branch_angle": 123.23, "cross_score": 0.6913, "likely_geometric_cross": true, "osm_url": "https://www.openstreetmap.org/node/8061465728", "branch_1_neighbor": "8061465730", "branch_1_bearing": 35.2, "branch_1_street": "ถนนเมนที่ 2", "branch_1_highway": "residential", "branch_2_neighbor": "8061465727", "branch_2_bearing": 92.58, "branch_2_street": "", "branch_2_highway": "residential", "branch_3_neighbor": "8061465735", "branch_3_bearing": 204.91, "branch_3_street": "ถนนเมนที่ 2", "branch_3_highway": "residential", "branch_4_neighbor": "8061465729", "branch_4_bearing": 271.97, "branch_4_street": "", "branch_4_highway": "residential" }, "geometry": { "type": "Point", "coordinates": [ 100.7153404, 13.8794558 ] } },
{ "type": "Feature", "properties": { "osm_node_id": "3841571585", "latitude": 13.8425365, "longitude": 100.692525, "street_names": "", "highway_types": "residential", "in_degree": 3, "out_degree": 3, "fully_bidirectional": false, "traffic_signals": false, "junction": "", "minimum_branch_angle": 56.45, "maximum_branch_angle": 124.88, "cross_score": 0.6671, "likely_geometric_cross": true, "osm_url": "https://www.openstreetmap.org/node/3841571585", "branch_1_neighbor": "353338748", "branch_1_bearing": 75.74, "branch_1_street": "", "branch_1_highway": "residential", "branch_2_neighbor": "3841571584", "branch_2_bearing": 132.18, "branch_2_street": "", "branch_2_highway": "residential", "branch_3_neighbor": "353339699", "branch_3_bearing": 247.23, "branch_3_street": "", "branch_3_highway": "residential", "branch_4_neighbor": "3841571588", "branch_4_bearing": 310.85, "branch_4_street": "", "branch_4_highway": "residential" }, "geometry": { "type": "Point", "coordinates": [ 100.692525, 13.8425365 ] } },
{ "type": "Feature", "properties": { "osm_node_id": "3840058911", "latitude": 13.8523444, "longitude": 100.7067016, "street_names": "", "highway_types": "residential", "in_degree": 4, "out_degree": 4, "fully_bidirectional": true, "traffic_signals": false, "junction": "", "minimum_branch_angle": 56.3, "maximum_branch_angle": 122.66, "cross_score": 0.6425, "likely_geometric_cross": true, "osm_url": "https://www.openstreetmap.org/node/3840058911", "branch_1_neighbor": "3840058912", "branch_1_bearing": 29.17, "branch_1_street": "", "branch_1_highway": "residential", "branch_2_neighbor": "3840058910", "branch_2_bearing": 85.47, "branch_2_street": "", "branch_2_highway": "residential", "branch_3_neighbor": "3840058893", "branch_3_bearing": 207.16, "branch_3_street": "", "branch_3_highway": "residential", "branch_4_neighbor": "3840058907", "branch_4_bearing": 266.52, "branch_4_street": "", "branch_4_highway": "residential" }, "geometry": { "type": "Point", "coordinates": [ 100.7067016, 13.8523444 ] } },
{ "type": "Feature", "properties": { "osm_node_id": "3841823458", "latitude": 13.838011, "longitude": 100.7421625, "street_names": "", "highway_types": "residential", "in_degree": 4, "out_degree": 4, "fully_bidirectional": true, "traffic_signals": false, "junction": "", "minimum_branch_angle": 55.41, "maximum_branch_angle": 127.72, "cross_score": 0.6201, "likely_geometric_cross": true, "osm_url": "https://www.openstreetmap.org/node/3841823458", "branch_1_neighbor": "3841823474", "branch_1_bearing": 41.55, "branch_1_street": "", "branch_1_highway": "residential", "branch_2_neighbor": "3841822754", "branch_2_bearing": 96.96, "branch_2_street": "", "branch_2_highway": "residential", "branch_3_neighbor": "3841822737", "branch_3_bearing": 217.62, "branch_3_street": "", "branch_3_highway": "residential", "branch_4_neighbor": "3841823460", "branch_4_bearing": 273.82, "branch_4_street": "", "branch_4_highway": "residential" }, "geometry": { "type": "Point", "coordinates": [ 100.7421625, 13.838011 ] } },
{ "type": "Feature", "properties": { "osm_node_id": "3843843346", "latitude": 13.8247311, "longitude": 100.7501514, "street_names": "ถนนประชาร่วมใจ", "highway_types": "residential; secondary", "in_degree": 4, "out_degree": 4, "fully_bidirectional": true, "traffic_signals": false, "junction": "", "minimum_branch_angle": 52.09, "maximum_branch_angle": 127.59, "cross_score": 0.5832, "likely_geometric_cross": true, "osm_url": "https://www.openstreetmap.org/node/3843843346", "branch_1_neighbor": "8177985537", "branch_1_bearing": 88.48, "branch_1_street": "ถนนประชาร่วมใจ", "branch_1_highway": "secondary", "branch_2_neighbor": "5886029937", "branch_2_bearing": 141.35, "branch_2_street": "", "branch_2_highway": "residential", "branch_3_neighbor": "5886029932", "branch_3_bearing": 268.79, "branch_3_street": "ถนนประชาร่วมใจ", "branch_3_highway": "secondary", "branch_4_neighbor": "8178338341", "branch_4_bearing": 320.89, "branch_4_street": "", "branch_4_highway": "residential" }, "geometry": { "type": "Point", "coordinates": [ 100.7501514, 13.8247311 ] } },
{ "type": "Feature", "properties": { "osm_node_id": "3053301658", "latitude": 13.8917041, "longitude": 100.7234334, "street_names": "", "highway_types": "residential", "in_degree": 4, "out_degree": 4, "fully_bidirectional": true, "traffic_signals": false, "junction": "", "minimum_branch_angle": 47.29, "maximum_branch_angle": 136.97, "cross_score": 0.5472, "likely_geometric_cross": true, "osm_url": "https://www.openstreetmap.org/node/3053301658", "branch_1_neighbor": "3053301641", "branch_1_bearing": 30.55, "branch_1_street": "", "branch_1_highway": "residential", "branch_2_neighbor": "3053301633", "branch_2_bearing": 81.75, "branch_2_street": "", "branch_2_highway": "residential", "branch_3_neighbor": "3053301652", "branch_3_bearing": 218.72, "branch_3_street": "", "branch_3_highway": "residential", "branch_4_neighbor": "8359449032", "branch_4_bearing": 266.01, "branch_4_street": "", "branch_4_highway": "residential" }, "geometry": { "type": "Point", "coordinates": [ 100.7234334, 13.8917041 ] } },
{ "type": "Feature", "properties": { "osm_node_id": "3053347461", "latitude": 13.8656954, "longitude": 100.7128659, "street_names": "ชมนาด 3", "highway_types": "residential", "in_degree": 4, "out_degree": 4, "fully_bidirectional": true, "traffic_signals": false, "junction": "", "minimum_branch_angle": 43.64, "maximum_branch_angle": 138.22, "cross_score": 0.5129, "likely_geometric_cross": true, "osm_url": "https://www.openstreetmap.org/node/3053347461", "branch_1_neighbor": "3053347468", "branch_1_bearing": 90.52, "branch_1_street": "", "branch_1_highway": "residential", "branch_2_neighbor": "3053347453", "branch_2_bearing": 139.2, "branch_2_street": "", "branch_2_highway": "residential", "branch_3_neighbor": "3053347460", "branch_3_bearing": 268.66, "branch_3_street": "ชมนาด 3", "branch_3_highway": "residential", "branch_4_neighbor": "3053347435", "branch_4_bearing": 312.3, "branch_4_street": "", "branch_4_highway": "residential" }, "geometry": { "type": "Point", "coordinates": [ 100.7128659, 13.8656954 ] } },
{ "type": "Feature", "properties": { "osm_node_id": "3053347435", "latitude": 13.8660105, "longitude": 100.7125092, "street_names": "", "highway_types": "residential", "in_degree": 4, "out_degree": 4, "fully_bidirectional": true, "traffic_signals": false, "junction": "", "minimum_branch_angle": 42.49, "maximum_branch_angle": 136.35, "cross_score": 0.5083, "likely_geometric_cross": true, "osm_url": "https://www.openstreetmap.org/node/3053347435", "branch_1_neighbor": "3053347074", "branch_1_bearing": 89.81, "branch_1_street": "", "branch_1_highway": "residential", "branch_2_neighbor": "3053347461", "branch_2_bearing": 132.3, "branch_2_street": "", "branch_2_highway": "residential", "branch_3_neighbor": "3053347086", "branch_3_bearing": 268.64, "branch_3_street": "", "branch_3_highway": "residential", "branch_4_neighbor": "8794678845", "branch_4_bearing": 317.65, "branch_4_street": "", "branch_4_highway": "residential" }, "geometry": { "type": "Point", "coordinates": [ 100.7125092, 13.8660105 ] } },
{ "type": "Feature", "properties": { "osm_node_id": "8359517736", "latitude": 13.9145053, "longitude": 100.7028683, "street_names": "", "highway_types": "residential", "in_degree": 3, "out_degree": 3, "fully_bidirectional": false, "traffic_signals": false, "junction": "", "minimum_branch_angle": 43.08, "maximum_branch_angle": 144.59, "cross_score": 0.6356, "likely_geometric_cross": false, "osm_url": "https://www.openstreetmap.org/node/8359517736", "branch_1_neighbor": "8359517735", "branch_1_bearing": 23.9, "branch_1_street": "", "branch_1_highway": "residential", "branch_2_neighbor": "8359517740", "branch_2_bearing": 168.49, "branch_2_street": "", "branch_2_highway": "residential", "branch_3_neighbor": "8359517730", "branch_3_bearing": 211.57, "branch_3_street": "", "branch_3_highway": "residential", "branch_4_neighbor": "8359517746", "branch_4_bearing": 312.56, "branch_4_street": "", "branch_4_highway": "residential" }, "geometry": { "type": "Point", "coordinates": [ 100.7028683, 13.9145053 ] } },
{ "type": "Feature", "properties": { "osm_node_id": "5936140538", "latitude": 13.9006347, "longitude": 100.6920898, "street_names": "", "highway_types": "residential", "in_degree": 3, "out_degree": 3, "fully_bidirectional": false, "traffic_signals": false, "junction": "", "minimum_branch_angle": 55.47, "maximum_branch_angle": 163.16, "cross_score": 0.5936, "likely_geometric_cross": false, "osm_url": "https://www.openstreetmap.org/node/5936140538", "branch_1_neighbor": "5936140543", "branch_1_bearing": 61.71, "branch_1_street": "", "branch_1_highway": "residential", "branch_2_neighbor": "5936141654", "branch_2_bearing": 129.43, "branch_2_street": "", "branch_2_highway": "residential", "branch_3_neighbor": "5936140542", "branch_3_bearing": 184.9, "branch_3_street": "", "branch_3_highway": "residential", "branch_4_neighbor": "5936141652", "branch_4_bearing": 258.56, "branch_4_street": "", "branch_4_highway": "residential" }, "geometry": { "type": "Point", "coordinates": [ 100.6920898, 13.9006347 ] } },
{ "type": "Feature", "properties": { "osm_node_id": "8301830290", "latitude": 13.8407682, "longitude": 100.6971322, "street_names": "ถนนปัญญาอินทรา; ถนนสุเหร่าคลองหนึ่ง", "highway_types": "secondary; secondary_link; tertiary", "in_degree": 2, "out_degree": 2, "fully_bidirectional": false, "traffic_signals": false, "junction": "", "minimum_branch_angle": 35.86, "maximum_branch_angle": 166.95, "cross_score": 0.5479, "likely_geometric_cross": false, "osm_url": "https://www.openstreetmap.org/node/8301830290", "branch_1_neighbor": "7908343089", "branch_1_bearing": 51.43, "branch_1_street": "ถนนปัญญาอินทรา", "branch_1_highway": "tertiary", "branch_2_neighbor": "8301830295", "branch_2_bearing": 87.29, "branch_2_street": "ถนนสุเหร่าคลองหนึ่ง", "branch_2_highway": "secondary", "branch_3_neighbor": "346615048", "branch_3_bearing": 181.71, "branch_3_street": "", "branch_3_highway": "secondary_link", "branch_4_neighbor": "8301786036", "branch_4_bearing": 244.48, "branch_4_street": "ถนนปัญญาอินทรา", "branch_4_highway": "secondary" }, "geometry": { "type": "Point", "coordinates": [ 100.6971322, 13.8407682 ] } },
{ "type": "Feature", "properties": { "osm_node_id": "3840012543", "latitude": 13.8530519, "longitude": 100.7132106, "street_names": "", "highway_types": "residential", "in_degree": 4, "out_degree": 4, "fully_bidirectional": true, "traffic_signals": false, "junction": "", "minimum_branch_angle": 41.29, "maximum_branch_angle": 140.75, "cross_score": 0.5206, "likely_geometric_cross": false, "osm_url": "https://www.openstreetmap.org/node/3840012543", "branch_1_neighbor": "3834868684", "branch_1_bearing": 45.39, "branch_1_street": "", "branch_1_highway": "residential", "branch_2_neighbor": "3840012545", "branch_2_bearing": 86.68, "branch_2_street": "", "branch_2_highway": "residential", "branch_3_neighbor": "3840012532", "branch_3_bearing": 212.21, "branch_3_street": "", "branch_3_highway": "residential", "branch_4_neighbor": "3840012538", "branch_4_bearing": 264.64, "branch_4_street": "", "branch_4_highway": "residential" }, "geometry": { "type": "Point", "coordinates": [ 100.7132106, 13.8530519 ] } },
{ "type": "Feature", "properties": { "osm_node_id": "1975566585", "latitude": 13.8537114, "longitude": 100.6737288, "street_names": "ทางบริการด้านในของถนนกาญจนาภิเษก", "highway_types": "residential; secondary; secondary_link", "in_degree": 2, "out_degree": 2, "fully_bidirectional": false, "traffic_signals": false, "junction": "", "minimum_branch_angle": 42.2, "maximum_branch_angle": 158.01, "cross_score": 0.5154, "likely_geometric_cross": false, "osm_url": "https://www.openstreetmap.org/node/1975566585", "branch_1_neighbor": "7998727275", "branch_1_bearing": 23.77, "branch_1_street": "ทางบริการด้านในของถนนกาญจนาภิเษก", "branch_1_highway": "secondary", "branch_2_neighbor": "7998727274", "branch_2_bearing": 74.35, "branch_2_street": "", "branch_2_highway": "secondary_link", "branch_3_neighbor": "13774114061", "branch_3_bearing": 232.36, "branch_3_street": "", "branch_3_highway": "secondary_link", "branch_4_neighbor": "1975566573", "branch_4_bearing": 274.56, "branch_4_street": "", "branch_4_highway": "residential" }, "geometry": { "type": "Point", "coordinates": [ 100.6737288, 13.8537114 ] } },
{ "type": "Feature", "properties": { "osm_node_id": "8301830295", "latitude": 13.8407786, "longitude": 100.6973585, "street_names": "ถนนปัญญาอินทรา; ถนนสุเหร่าคลองหนึ่ง", "highway_types": "secondary; tertiary", "in_degree": 2, "out_degree": 2, "fully_bidirectional": false, "traffic_signals": false, "junction": "", "minimum_branch_angle": 32.01, "maximum_branch_angle": 149.39, "cross_score": 0.4471, "likely_geometric_cross": false, "osm_url": "https://www.openstreetmap.org/node/8301830295", "branch_1_neighbor": "8301830301", "branch_1_bearing": 37.43, "branch_1_street": "ถนนปัญญาอินทรา", "branch_1_highway": "tertiary", "branch_2_neighbor": "8957833543", "branch_2_bearing": 85.9, "branch_2_street": "ถนนสุเหร่าคลองหนึ่ง", "branch_2_highway": "secondary", "branch_3_neighbor": "346615048", "branch_3_bearing": 235.28, "branch_3_street": "ถนนปัญญาอินทรา", "branch_3_highway": "tertiary", "branch_4_neighbor": "8301830290", "branch_4_bearing": 267.29, "branch_4_street": "ถนนสุเหร่าคลองหนึ่ง", "branch_4_highway": "secondary" }, "geometry": { "type": "Point", "coordinates": [ 100.6973585, 13.8407786 ] } },
{ "type": "Feature", "properties": { "osm_node_id": "346615048", "latitude": 13.8406797, "longitude": 100.6972115, "street_names": "ถนนปัญญาอินทรา; ถนนสุเหร่าคลองหนึ่ง", "highway_types": "secondary; secondary_link; tertiary", "in_degree": 2, "out_degree": 3, "fully_bidirectional": false, "traffic_signals": false, "junction": "", "minimum_branch_angle": 28.41, "maximum_branch_angle": 162.64, "cross_score": 0.3612, "likely_geometric_cross": false, "osm_url": "https://www.openstreetmap.org/node/346615048", "branch_1_neighbor": "8301830295", "branch_1_bearing": 55.28, "branch_1_street": "ถนนปัญญาอินทรา", "branch_1_highway": "tertiary", "branch_2_neighbor": "8957833542", "branch_2_bearing": 83.69, "branch_2_street": "ถนนสุเหร่าคลองหนึ่ง", "branch_2_highway": "secondary", "branch_3_neighbor": "6836313639", "branch_3_bearing": 246.34, "branch_3_street": "ถนนปัญญาอินทรา", "branch_3_highway": "secondary; tertiary", "branch_4_neighbor": "8301830290", "branch_4_bearing": 282.94, "branch_4_street": "", "branch_4_highway": "secondary_link" }, "geometry": { "type": "Point", "coordinates": [ 100.6972115, 13.8406797 ] } }
]
}
