osm_node_id,latitude,longitude,street_names,highway_types,in_degree,out_degree,fully_bidirectional,traffic_signals,junction,minimum_branch_angle,maximum_branch_angle,cross_score,likely_geometric_cross,osm_url,branch_1_neighbor,branch_1_bearing,branch_1_street,branch_1_highway,branch_2_neighbor,branch_2_bearing,branch_2_street,branch_2_highway,branch_3_neighbor,branch_3_bearing,branch_3_street,branch_3_highway,branch_4_neighbor,branch_4_bearing,branch_4_street,branch_4_highway
3053310352,13.8997831,100.718687,,residential,4,4,True,False,,89.95,90.04,0.9996,True,https://www.openstreetmap.org/node/3053310352,3053310371,86.8,,residential,3053310378,176.84,,residential,3053310366,266.8,,residential,3053310333,356.84,,residential
3053310365,13.8990541,100.7187284,,residential,4,4,True,False,,89.9,90.1,0.9994,True,https://www.openstreetmap.org/node/3053310365,3053310347,86.84,,residential,3053310357,176.85,,residential,3053310348,266.75,,residential,3053310378,356.85,,residential
5372934297,13.8500368,100.7162698,,residential,4,4,True,False,,89.88,90.12,0.9991,True,https://www.openstreetmap.org/node/5372934297,5372934298,87.32,,residential,5372934294,177.29,,residential,5372934296,267.16,,residential,5372934295,357.28,,residential
3840058837,13.8508347,100.704866,,residential,4,4,True,False,,89.88,90.12,0.999,True,https://www.openstreetmap.org/node/3840058837,3840058838,87.73,,residential,3840058805,177.85,,residential,3840058831,267.91,,residential,3840058871,357.85,,residential
3840059168,13.8577081,100.7067294,,residential,4,4,True,False,,89.81,90.2,0.9987,True,https://www.openstreetmap.org/node/3840059168,3840059186,0.34,,residential,3840059166,90.54,,residential,8299050751,180.35,,residential,3840059169,270.38,,residential
3841864162,13.8356059,100.7337442,ซอยนิมิตใหม่ 9,residential,4,4,True,False,,89.88,90.12,0.9987,True,https://www.openstreetmap.org/node/3841864162,8122705711,70.07,ซอยนิมิตใหม่ 9,residential,3841863954,159.96,,residential,3841864158,250.08,ซอยนิมิตใหม่ 9,residential,8169782568,339.96,,residential
6117202608,13.8496955,100.7086544,,residential,4,4,True,False,,89.87,90.12,0.9987,True,https://www.openstreetmap.org/node/6117202608,6117202609,87.8,,residential,6117202605,177.68,,residential,6117202607,267.79,,residential,6117202611,357.69,,residential
6117202611,13.8499982,100.7086418,,residential,4,4,True,False,,89.87,90.12,0.9987,True,https://www.openstreetmap.org/node/6117202611,6117202612,87.78,,residential,6117202608,177.69,,residential,6117202610,267.8,,residential,6117202614,357.67,,residential
6117202617,13.8506113,100.7086161,,residential,4,4,True,False,,89.88,90.13,0.9987,True,https://www.openstreetmap.org/node/6117202617,6117202618,87.79,,residential,6117202614,177.67,,residential,6117202616,267.79,,residential,6117202620,357.68,,residential
3053324399,13.8708535,100.7436608,,residential,4,4,True,False,,89.86,90.14,0.9985,True,https://www.openstreetmap.org/node/3053324399,3053324441,85.91,,residential,3053324406,176.05,,residential,3053324453,265.91,,residential,3053324398,356.03,,residential
3840099939,13.8508343,100.6861221,,residential,4,4,True,False,,89.73,90.27,0.9985,True,https://www.openstreetmap.org/node/3840099939,3840099948,6.07,,residential,3840099938,96.06,,residential,3840099933,186.06,,residential,3840099941,276.34,,residential
6124096911,13.8342861,100.7171859,,residential,4,4,True,False,,89.82,90.27,0.9985,True,https://www.openstreetmap.org/node/6124096911,6124096910,86.47,,residential,6124096906,176.29,,residential,6124096912,266.29,,residential,6124096971,356.2,,residential
3840087143,13.8525835,100.6993831,ซอยพระยาสุเรนทร์ 34,residential,4,4,True,False,,89.79,90.22,0.9982,True,https://www.openstreetmap.org/node/3840087143,3840087145,89.4,ซอยพระยาสุเรนทร์ 34,residential,8140770212,179.61,,residential,3840087142,269.5,ซอยพระยาสุเรนทร์ 34,residential,3840087162,359.61,,residential
10248517831,13.8874716,100.6968832,,residential,4,4,True,False,,89.79,90.21,0.998,True,https://www.openstreetmap.org/node/10248517831,10941530132,86.77,,residential,10941530140,176.56,,residential,10248517832,266.77,,residential,10248517830,356.63,,residential
3840087145,13.852587,100.6997267,ซอยพระยาสุเรนทร์ 34,residential,4,4,True,False,,89.65,90.35,0.9979,True,https://www.openstreetmap.org/node/3840087145,6129278576,89.78,ซอยพระยาสุเรนทร์ 34,residential,3840087131,179.75,,residential,3840087143,269.4,ซอยพระยาสุเรนทร์ 34,residential,3840087165,359.75,,residential
3840059028,13.8567375,100.7060201,,residential,4,4,True,False,,89.65,90.33,0.9978,True,https://www.openstreetmap.org/node/3840059028,3840059029,89.43,,residential,3840059014,179.08,,residential,3840059027,269.04,,residential,3840059049,359.1,,residential
5941639266,13.8939706,100.7190292,,residential,4,4,True,False,,89.64,90.34,0.9978,True,https://www.openstreetmap.org/node/5941639266,5941639268,0.34,,residential,5941639162,90.3,,residential,8341609738,180.36,,residential,5941639265,270.0,,residential
6129278576,13.8525883,100.7000695,ซอยพระยาสุเรนทร์ 34,residential,4,4,True,False,,89.78,90.22,0.9977,True,https://www.openstreetmap.org/node/6129278576,8140770208,89.76,ซอยพระยาสุเรนทร์ 34,residential,3840087116,179.98,,residential,3840087145,269.78,ซอยพระยาสุเรนทร์ 34,residential,6129278577,359.97,,residential
6117202614,13.850304,100.708629,,residential,4,4,True,False,,89.78,90.22,0.9976,True,https://www.openstreetmap.org/node/6117202614,6117202615,87.89,,residential,6117202611,177.67,,residential,6117202613,267.88,,residential,6117202617,357.67,,residential
3053310357,13.8987104,100.7187479,,residential,4,4,True,False,,89.7,90.29,0.9973,True,https://www.openstreetmap.org/node/3053310357,3053310354,86.54,,residential,3053310349,176.84,,residential,3053310362,266.65,,residential,3053310365,356.85,,residential
7908343245,13.8518357,100.7085631,,residential,4,4,True,False,,89.7,90.3,0.9973,True,https://www.openstreetmap.org/node/7908343245,7908343244,87.69,,residential,7908343242,177.5,,residential,7908343246,267.2,,residential,7908343248,357.5,,residential
3053347097,13.8689702,100.7136292,,residential,4,4,True,False,,89.52,90.51,0.9972,True,https://www.openstreetmap.org/node/3053347097,3053347451,89.19,,residential,3053347437,178.71,,residential,3053347053,269.22,,residential,3053347112,359.2,,residential
2562521952,13.873975,100.7205492,,residential,4,4,True,False,,89.66,90.34,0.9971,True,https://www.openstreetmap.org/node/2562521952,2562521953,89.33,,residential,2562521955,179.67,,residential,8061345510,269.85,,residential,2562521949,359.67,,residential
8392623432,13.8659605,100.6929934,,residential,4,4,True,False,,89.52,90.47,0.9971,True,https://www.openstreetmap.org/node/8392623432,8392623431,87.64,,residential,8392623429,177.16,,residential,8392623433,267.21,,residential,8392623436,357.17,,residential
2562521949,13.8743331,100.7205471,,residential,4,4,True,False,,89.67,90.32,0.997,True,https://www.openstreetmap.org/node/2562521949,2562521950,90.0,,residential,2562521952,179.67,,residential,8061345509,269.9,,residential,2562521946,359.68,,residential
8424633782,13.8993561,100.7117386,,residential,4,4,True,False,,89.66,90.34,0.997,True,https://www.openstreetmap.org/node/8424633782,8424633781,86.89,,residential,8424633785,176.69,,residential,8424633783,266.34,,residential,8424621634,356.69,,residential
3834869492,13.8688579,100.7104047,,residential,4,4,True,False,,89.67,90.34,0.9969,True,https://www.openstreetmap.org/node/3834869492,3834869494,88.44,,residential,3834869476,178.65,,residential,3834869491,268.99,,residential,3834869506,358.66,,residential
3840099954,13.8515651,100.6862021,,residential,4,4,True,False,,89.6,90.41,0.9969,True,https://www.openstreetmap.org/node/3840099954,3840099960,6.06,,residential,3840099953,95.66,,residential,3840099948,186.07,,residential,3840099955,275.91,,residential
3010377755,13.8533496,100.7542775,ซอยประชาร่วมใจ 31 ซอย 5; ซอยประชาร่วมใจ 31 ซอย 5/6; ซอยประชาร่วมใจ 31 ซอย 5/7,residential,4,4,True,False,,89.53,90.39,0.9968,True,https://www.openstreetmap.org/node/3010377755,3010377780,35.11,ซอยประชาร่วมใจ 31 ซอย 5/7,residential,3010377747,124.63,ซอยประชาร่วมใจ 31 ซอย 5,residential,3010364220,214.54,ซอยประชาร่วมใจ 31 ซอย 5/6,residential,3010377758,304.72,ซอยประชาร่วมใจ 31 ซอย 5,residential
3053301929,13.8851642,100.7203571,,residential,4,4,True,False,,89.64,90.43,0.9968,True,https://www.openstreetmap.org/node/3053301929,3053301909,90.22,,residential,3053303668,180.37,,residential,3053301915,270.15,,residential,3053301908,359.79,,residential
3834869301,13.859851,100.7169993,,residential,4,4,True,False,,89.55,90.46,0.9968,True,https://www.openstreetmap.org/node/3834869301,3834869302,90.0,,residential,3834869296,179.55,,residential,3834869300,269.42,,residential,3834869310,359.54,,residential
3840058783,13.8494506,100.7049231,,residential,4,4,True,False,,89.47,90.46,0.9968,True,https://www.openstreetmap.org/node/3840058783,3840058785,88.02,,residential,8140776930,178.14,,residential,3840058782,268.09,,residential,3840058805,357.56,,residential
3840058986,13.8551897,100.7060043,,residential,4,4,True,False,,89.64,90.58,0.9968,True,https://www.openstreetmap.org/node/3840058986,3840058995,0.58,,residential,3840058987,90.21,,residential,3840058973,180.19,,residential,3840058985,270.0,,residential
3840100079,13.8568873,100.6882855,ซอยคู้บอน 48,residential,4,4,True,False,,89.69,90.57,0.9968,True,https://www.openstreetmap.org/node/3840100079,3840100081,76.7,,residential,3840100073,166.39,ซอยคู้บอน 48,residential,3840100078,256.96,,residential,3840100086,346.88,ซอยคู้บอน 48,residential
3841547690,13.8481024,100.702531,,residential,4,4,True,False,,89.67,90.35,0.9968,True,https://www.openstreetmap.org/node/3841547690,3841547692,88.58,,residential,3840058766,178.25,,residential,3841547689,268.47,,residential,3841547699,358.24,,residential
3053301908,13.8855295,100.7203557,,residential,4,4,True,False,,89.45,90.36,0.9967,True,https://www.openstreetmap.org/node/3053301908,3053303654,89.83,,residential,3053301929,179.79,,residential,3053301921,270.15,,residential,3053303638,359.6,,residential
3053324414,13.8695738,100.7459441,,residential,4,4,True,False,,89.51,90.48,0.9967,True,https://www.openstreetmap.org/node/3053324414,3053324349,84.8,,residential,3053324380,174.7,,residential,3053324378,265.17,,residential,3053324333,354.68,,residential
2562522042,13.8643909,100.7202083,,residential,4,4,True,False,,89.53,90.45,0.9966,True,https://www.openstreetmap.org/node/2562522042,2562522043,87.63,,residential,2562522045,178.08,,residential,2562522040,267.94,,residential,2562522036,358.1,,residential
3053347459,13.8639411,100.7137733,,residential,4,4,True,False,,89.68,90.32,0.9966,True,https://www.openstreetmap.org/node/3053347459,3053347068,89.22,,residential,3053347084,178.93,,residential,3053347044,269.25,,residential,3053347105,358.93,,residential
3834869317,13.8604279,100.7169945,,residential,4,4,True,False,,89.53,90.45,0.9966,True,https://www.openstreetmap.org/node/3834869317,3834869318,90.0,,residential,3834869310,179.53,,residential,3834869316,269.38,,residential,3834869325,359.55,,residential
3840059185,13.8580805,100.7060073,,residential,4,4,True,False,,89.54,90.53,0.9966,True,https://www.openstreetmap.org/node/3840059185,3840059192,0.07,,residential,3840059186,89.62,,residential,3840059169,180.15,,residential,3840059184,270.0,,residential
8122705711,13.8357296,100.7340956,ซอยนิมิตใหม่ 9,residential,4,4,True,False,,89.69,90.31,0.9966,True,https://www.openstreetmap.org/node/8122705711,8122705713,70.07,ซอยนิมิตใหม่ 9,residential,8122705710,159.76,,residential,3841864162,250.07,ซอยนิมิตใหม่ 9,residential,8122705712,339.77,,residential
8323506113,13.9011921,100.7167788,,residential,4,4,True,False,,89.61,90.42,0.9966,True,https://www.openstreetmap.org/node/8323506113,8323506114,87.22,,residential,10255219351,177.42,,residential,8323506112,267.19,,residential,8323506116,356.81,,residential
8341609738,13.8936165,100.7190269,,residential,4,4,True,False,,89.41,90.6,0.9966,True,https://www.openstreetmap.org/node/8341609738,5941639266,0.36,,residential,8341609739,90.96,,residential,5941639261,180.37,,residential,8341609737,270.39,,residential
2562521961,13.8728959,100.7205555,,residential,4,4,True,False,,89.37,90.46,0.9965,True,https://www.openstreetmap.org/node/2562521961,2562521958,0.29,,residential,2562521962,89.66,,residential,2562521964,179.69,,residential,8061345513,270.15,,residential
2562522048,13.8771577,100.7205344,,residential,4,4,True,False,,89.62,90.61,0.9965,True,https://www.openstreetmap.org/node/2562522048,2562522049,90.0,,residential,8292064663,180.02,,residential,2562522047,269.64,,residential,2562522051,359.39,,residential
3053347084,13.8636242,100.7137794,,residential,4,4,True,False,,89.67,90.33,0.9965,True,https://www.openstreetmap.org/node/3053347084,3053347442,89.23,,residential,3053347479,178.92,,residential,3053347125,269.26,,residential,3053347459,358.93,,residential
3053347105,13.864263,100.7137671,,residential,4,4,True,False,,89.68,90.32,0.9965,True,https://www.openstreetmap.org/node/3053347105,3053347446,89.24,,residential,3053347459,178.93,,residential,3053347434,269.25,,residential,3053347095,358.93,,residential
3834869491,13.8688509,100.7099941,,residential,4,4,True,False,,89.43,90.58,0.9965,True,https://www.openstreetmap.org/node/3834869491,3834869492,88.99,,residential,3834869475,178.93,,residential,3834869490,269.51,,residential,3834869504,358.94,,residential
3841600933,13.8451634,100.6868615,,residential,4,4,True,False,,89.39,90.61,0.9965,True,https://www.openstreetmap.org/node/3841600933,3841600940,4.47,,residential,3841600932,93.86,,residential,3841600930,183.87,,residential,6129277203,273.85,,residential
6521856579,13.8524425,100.7164872,,residential,4,4,True,False,,89.37,90.56,0.9965,True,https://www.openstreetmap.org/node/6521856579,6521856578,87.47,,residential,6521878785,177.55,,residential,6521856581,268.1,,residential,6521878786,357.48,,residential
8140770208,13.8525898,100.700431,ซอยพระยาสุเรนทร์ 34,residential,4,4,True,False,,89.56,90.44,0.9965,True,https://www.openstreetmap.org/node/8140770208,8140770211,90.0,ซอยพระยาสุเรนทร์ 34,residential,8140770209,179.56,,residential,6129278576,269.76,ซอยพระยาสุเรนทร์ 34,residential,8140770207,359.56,,residential
3840059029,13.8567444,100.7067318,,residential,4,4,True,False,,89.39,90.62,0.9964,True,https://www.openstreetmap.org/node/3840059029,3840059030,90.0,,residential,3840059017,179.39,,residential,3840059028,269.43,,residential,8299050752,359.38,,residential
3053303668,13.884788,100.7203546,,residential,4,4,True,False,,89.47,90.39,0.9963,True,https://www.openstreetmap.org/node/3053303668,3053301929,0.37,,residential,3053301922,89.84,,residential,3053303650,180.23,,residential,3053303647,270.5,,residential
3841547725,13.849106,100.7024992,,residential,4,4,True,False,,89.61,90.38,0.9963,True,https://www.openstreetmap.org/node/3841547725,3841547726,87.86,,residential,3841547717,178.24,,residential,3841547724,268.52,,residential,3841547733,358.25,,residential
2562522054,13.8778785,100.7205315,ซอย ๗; ซอย ๘,residential,4,4,True,False,,89.48,90.52,0.9962,True,https://www.openstreetmap.org/node/2562522054,2562522057,0.17,,residential,2562522055,89.65,ซอย ๘,residential,2562522051,180.17,,residential,2562522053,270.0,ซอย ๗,residential
3834869508,13.8697366,100.7187044,ซอย 21; ซอย 22,residential,4,4,True,False,,89.32,90.66,0.9962,True,https://www.openstreetmap.org/node/3834869508,3834869509,88.04,ซอย 22,residential,3834869501,178.05,,residential,3834869507,268.72,ซอย 21,residential,3834869513,358.04,,residential
3840058805,13.8501398,100.7048929,,residential,4,4,True,False,,89.62,90.59,0.9962,True,https://www.openstreetmap.org/node/3840058805,3840058806,87.47,,residential,3840058783,177.56,,residential,3840058801,268.16,,residential,3840058837,357.85,,residential
3053303638,13.8859036,100.720353,,residential,4,4,True,False,,89.4,90.69,0.9961,True,https://www.openstreetmap.org/node/3053303638,3053303663,0.18,,residential,3053303667,90.2,,residential,3053301908,179.6,,residential,3053303652,269.49,,residential
3053310340,13.9023049,100.7185437,,residential,4,4,True,False,,89.56,90.45,0.9961,True,https://www.openstreetmap.org/node/3053310340,3053310367,86.39,,residential,3053310375,176.84,,residential,3053310369,266.57,,residential,3053310336,356.83,,residential
3053310345,13.8979049,100.7187937,,residential,4,4,True,False,,89.61,90.4,0.9961,True,https://www.openstreetmap.org/node/3053310345,3053310368,86.54,,residential,3053310356,176.84,,residential,3053310337,266.44,,residential,3053310349,356.84,,residential
3053324398,13.8713058,100.7436285,,residential,4,4,True,False,,89.45,90.57,0.9961,True,https://www.openstreetmap.org/node/3053324398,3053324436,86.19,,residential,3053324399,176.03,,residential,3053324465,265.49,,residential,8177832434,356.06,,residential
3840087169,13.853795,100.6954072,,residential,4,4,True,False,,89.43,90.56,0.9961,True,https://www.openstreetmap.org/node/3840087169,3840087170,90.0,,residential,3840087166,179.86,,residential,3840087168,269.3,,residential,3840087185,359.86,,residential
5372934287,13.847672,100.7168482,,residential,4,4,True,False,,89.53,90.61,0.9961,True,https://www.openstreetmap.org/node/5372934287,5372934286,87.54,,residential,5372934282,177.07,,residential,5372934288,267.68,,residential,5372934283,357.76,,residential
6521858841,13.8538734,100.7129185,,residential,4,4,True,False,,89.64,90.36,0.9961,True,https://www.openstreetmap.org/node/6521858841,6521858839,88.74,,residential,6117202210,179.1,,residential,6521858840,268.75,,residential,6521858844,359.1,,residential
2562522018,13.8658637,100.7201584,,residential,4,4,True,False,,89.25,90.48,0.9959,True,https://www.openstreetmap.org/node/2562522018,2562522020,88.09,,residential,2562522024,178.16,,residential,2562522016,268.65,,residential,2562522012,357.9,,residential
3840087138,13.8525674,100.6979558,ซอยพระยาสุเรนทร์ 34,residential,4,4,True,False,,89.62,90.39,0.9959,True,https://www.openstreetmap.org/node/3840087138,3840087139,89.28,ซอยพระยาสุเรนทร์ 34,residential,6129278575,178.9,,residential,8236472916,269.24,ซอยพระยาสุเรนทร์ 34,residential,8236477391,358.89,,residential
2562521964,13.8725333,100.7205575,,residential,4,4,True,False,,89.6,90.41,0.9958,True,https://www.openstreetmap.org/node/2562521964,2562521965,89.34,,residential,2562521967,179.68,,residential,8061345514,270.09,,residential,2562521961,359.69,,residential
3053310335,13.901227,100.7186049,,residential,4,4,True,False,,89.62,90.38,0.9958,True,https://www.openstreetmap.org/node/3053310335,3053310374,86.47,,residential,3053310363,176.83,,residential,3053310370,266.46,,residential,3053310359,356.85,,residential
3841909848,13.8331034,100.7184857,นลิน 1; นลิน 1 ซอย 1; นลิน 1 ซอย 2,residential,4,4,True,False,,89.47,90.55,0.9958,True,https://www.openstreetmap.org/node/3841909848,3841909849,88.75,นลิน 1 ซอย 1,residential,3841909841,178.22,นลิน 1,residential,3841909847,268.0,นลิน 1 ซอย 2,residential,3841912658,358.2,นลิน 1,residential
6124182923,13.8720062,100.7175754,,residential,4,4,True,False,,89.34,90.58,0.9958,True,https://www.openstreetmap.org/node/6124182923,6124182926,0.12,,residential,6124182922,90.04,,residential,6124182920,179.37,,residential,6124182924,269.55,,residential
3053324430,13.8739924,100.7434407,,residential,4,4,True,False,,89.24,90.76,0.9957,True,https://www.openstreetmap.org/node/3053324430,8158361862,85.88,,residential,3053324377,176.63,,residential,3053324435,265.87,,residential,3053324397,355.85,,residential
3840058995,13.8555738,100.7060083,,residential,4,4,True,False,,89.46,90.77,0.9957,True,https://www.openstreetmap.org/node/3840058995,3840058993,90.6,,residential,3840058986,180.58,,residential,3840058996,270.37,,residential,3840059004,359.83,,residential
3840129901,13.8561898,100.6791903,ซอยคู้บอน 36,residential,4,4,True,False,,89.46,90.56,0.9957,True,https://www.openstreetmap.org/node/3840129901,3840129903,75.48,,residential,3840129895,165.7,ซอยคู้บอน 36,residential,3840129900,255.46,,residential,2555247054,346.02,ซอยคู้บอน 36,residential
3841928515,13.8324378,100.7034021,ซอย 1; ซอย 2,residential,4,4,True,False,,89.52,90.7,0.9957,True,https://www.openstreetmap.org/node/3841928515,3841928561,24.67,ซอย 2,residential,3841928509,114.73,ซอย 1,residential,3841928377,204.26,ซอย 2,residential,3841928516,294.96,ซอย 1,residential
5887077307,13.9078793,100.7886862,,residential,4,4,True,False,,89.42,90.8,0.9956,True,https://www.openstreetmap.org/node/5887077307,5887076577,90.62,,residential,5887076578,180.58,,residential,5887077309,270.0,,residential,5887077308,359.82,,residential
5941639215,13.8897369,100.7190499,,residential,4,4,True,False,,89.61,90.79,0.9956,True,https://www.openstreetmap.org/node/5941639215,5941639214,89.52,,residential,5941639212,180.32,,residential,5941639216,270.27,,residential,5941639274,359.88,,residential
2562521979,13.8698313,100.7200328,,residential,4,4,True,False,,89.48,90.81,0.9955,True,https://www.openstreetmap.org/node/2562521979,2562521980,88.04,,residential,2562521982,177.96,,residential,2562521978,267.44,,residential,2562521976,358.25,,residential
2562521985,13.8691137,100.7200566,,residential,4,4,True,False,,89.45,90.55,0.9955,True,https://www.openstreetmap.org/node/2562521985,2562521986,88.1,,residential,2562521988,178.65,,residential,2562521984,268.1,,residential,2562521982,358.35,,residential
3053301910,13.8870168,100.7203593,,residential,4,4,True,False,,89.49,90.81,0.9955,True,https://www.openstreetmap.org/node/3053301910,3053303642,0.3,,residential,3053303670,90.01,,residential,3053303661,180.0,,residential,3053301918,270.81,,residential
5372934298,13.8500524,100.7166132,,residential,4,4,True,False,,89.39,90.62,0.9954,True,https://www.openstreetmap.org/node/5372934298,5372934299,88.15,,residential,5372934292,177.54,,residential,5372934297,267.32,,residential,5372934293,357.53,,residential
6521856581,13.8524325,100.716176,,residential,4,4,True,False,,89.2,90.79,0.9954,True,https://www.openstreetmap.org/node/6521856581,6521856579,88.1,,residential,6521856580,178.13,,residential,6521878788,267.34,,residential,6521856582,357.31,,residential
8123078703,13.8382651,100.7351553,ซอยนิมิตใหม่ 13,residential,4,4,True,False,,89.55,90.49,0.9954,True,https://www.openstreetmap.org/node/8123078703,3841864193,70.45,ซอยนิมิตใหม่ 13,residential,8123078704,159.99,,residential,3841864172,250.48,ซอยนิมิตใหม่ 13,residential,8123078702,340.1,,residential
8424633794,13.8977797,100.7118325,,residential,4,4,True,False,,89.56,90.43,0.9954,True,https://www.openstreetmap.org/node/8424633794,8424633793,87.1,,residential,8424633797,176.71,,residential,8424633795,266.27,,residential,8424633791,356.69,,residential
2562522051,13.8775249,100.7205304,,residential,4,4,True,False,,89.15,90.52,0.9953,True,https://www.openstreetmap.org/node/2562522051,2562522054,0.17,,residential,2562522052,89.33,,residential,2562522048,179.39,,residential,2562522050,269.65,,residential
3834869476,13.8680562,100.7104241,,residential,4,4,True,False,,89.31,90.69,0.9953,True,https://www.openstreetmap.org/node/3834869476,3834869477,87.96,,residential,3834869462,178.65,,residential,3834869475,268.51,,residential,3834869492,358.65,,residential
3840087392,13.8569711,100.69539,,residential,4,4,True,False,,89.2,90.81,0.9953,True,https://www.openstreetmap.org/node/3840087392,3840087393,89.47,,residential,3840087379,180.28,,residential,3840087391,269.48,,residential,3840087403,359.44,,residential
3840087403,13.8573259,100.6953864,,residential,4,4,True,False,,89.63,90.85,0.9953,True,https://www.openstreetmap.org/node/3840087403,3840087417,0.08,,residential,3840087405,89.81,,residential,3840087392,179.44,,residential,3840087404,270.28,,residential
3834869475,13.8680457,100.7100096,,residential,4,4,True,False,,89.56,90.43,0.9952,True,https://www.openstreetmap.org/node/3834869475,3834869476,88.51,,residential,3834869461,178.94,,residential,3834869474,268.49,,residential,3834869491,358.93,,residential
3840058892,13.851966,100.7077504,,residential,4,4,True,False,,89.48,90.51,0.9952,True,https://www.openstreetmap.org/node/3840058892,3840058895,88.56,,residential,3840058880,178.21,,residential,3840058891,267.69,,residential,3840058906,358.19,,residential
3840059192,13.8584529,100.7060078,,residential,4,4,True,False,,89.41,90.61,0.9952,True,https://www.openstreetmap.org/node/3840059192,3840059203,0.09,,residential,3840059194,89.81,,residential,3840059185,180.07,,residential,3840059191,269.48,,residential
3845126895,13.8258822,100.7053595,ซอยพระยาสุเรนทร์ 16 แยก 1; ซอยพระยาสุเรนทร์ 16 แยก 1-4,residential,4,4,True,False,,89.14,90.39,0.9952,True,https://www.openstreetmap.org/node/3845126895,3845126903,5.44,ซอยพระยาสุเรนทร์ 16 แยก 1,residential,3845126893,95.75,ซอยพระยาสุเรนทร์ 16 แยก 1-4,residential,3845126891,186.15,ซอยพระยาสุเรนทร์ 16 แยก 1,residential,3845126898,276.3,,residential
3834869501,13.8694284,100.7187152,ซอย 19; ซอย 20,residential,4,4,True,False,,89.16,90.83,0.9951,True,https://www.openstreetmap.org/node/3834869501,12715071102,88.88,ซอย 20,residential,3834869497,178.04,,residential,3834869500,268.1,ซอย 19,residential,3834869508,358.05,,residential
5883467506,13.8274612,100.7500586,ประชาชนร่วมใจ 7,residential,4,4,True,False,,89.54,90.88,0.9951,True,https://www.openstreetmap.org/node/5883467506,8189074458,54.81,,residential,8217983592,144.57,ประชาชนร่วมใจ 7,residential,8189074459,235.45,,residential,8211708100,324.99,ประชาชนร่วมใจ 7,residential
8410795430,13.9005605,100.7879349,,residential,4,4,True,False,,89.19,90.65,0.9951,True,https://www.openstreetmap.org/node/8410795430,6061846127,1.44,,residential,6061845996,90.63,,residential,8410795431,180.86,,residential,8246690034,270.79,,residential
3840059194,13.8584552,100.706734,,residential,4,4,True,False,,89.47,90.53,0.995,True,https://www.openstreetmap.org/node/3840059194,3840059204,0.34,,residential,3840059195,89.97,,residential,3840059186,180.35,,residential,3840059192,269.81,,residential
3841928601,13.8335032,100.7003449,,residential,4,4,True,False,,89.52,90.9,0.995,True,https://www.openstreetmap.org/node/3841928601,3841928607,77.64,,residential,3841928577,167.16,,residential,3841928596,257.13,,residential,8140448199,346.74,,residential
6124182929,13.8731739,100.71757,,residential,4,4,True,False,,89.18,90.81,0.995,True,https://www.openstreetmap.org/node/6124182929,6124182935,0.26,,residential,6124182930,90.18,,residential,6124182926,179.36,,residential,6124182928,270.17,,residential
3834869513,13.8700622,100.7186929,ซอย 23; ซอย 24,residential,4,4,True,False,,89.09,90.91,0.9949,True,https://www.openstreetmap.org/node/3834869513,3834869514,88.95,ซอย 24,residential,3834869508,178.04,,residential,3834869511,268.05,ซอย 23,residential,3834869519,358.04,,residential
3840059010,13.8562024,100.7026784,,residential,4,4,True,False,,89.52,90.93,0.9949,True,https://www.openstreetmap.org/node/3840059010,3840059011,89.25,,residential,3840059000,180.17,,residential,3840059009,269.98,,residential,3840059023,359.73,,residential
3840059190,13.8582401,100.7026011,,residential,4,4,True,False,,89.09,90.91,0.9949,True,https://www.openstreetmap.org/node/3840059190,3840059189,90.26,,residential,3840059180,179.35,,residential,3840059188,269.35,,residential,3840059198,359.35,,residential
3841909847,13.833072,100.7175603,นลิน 1 ซอย 2; นลิน 2,residential,4,4,True,False,,89.21,90.92,0.9949,True,https://www.openstreetmap.org/node/3841909847,3841909848,88.0,นลิน 1 ซอย 2,residential,3841909840,177.2,นลิน 2,residential,3841909846,268.13,,residential,3841909856,358.08,นลิน 2,residential
8359505794,13.9131992,100.7039693,,residential,4,4,True,False,,89.24,90.75,0.9948,True,https://www.openstreetmap.org/node/8359505794,8359505793,40.54,,residential,8359505796,129.78,,residential,8359505783,219.97,,residential,8359505806,309.79,,residential
353332266,13.8374734,100.6940855,,residential,4,4,True,False,,89.5,90.83,0.9947,True,https://www.openstreetmap.org/node/353332266,353332268,65.4,,residential,353332190,156.23,,residential,353332264,245.73,,residential,353332325,335.86,,residential
8919227887,13.8284028,100.7088047,,residential,4,4,True,False,,89.04,90.49,0.9947,True,https://www.openstreetmap.org/node/8919227887,8919227886,79.65,,residential,3845068435,169.99,,residential,8919227888,260.48,,residential,3845068448,349.52,,residential
3840058871,13.8515322,100.704839,,residential,4,4,True,False,,89.34,90.65,0.9946,True,https://www.openstreetmap.org/node/3840058871,3840058873,87.54,,residential,3840058837,177.85,,residential,3840058870,268.5,,residential,3840058900,357.84,,residential
3840087412,13.8575863,100.6967439,,residential,4,4,True,False,,89.42,90.98,0.9946,True,https://www.openstreetmap.org/node/3840087412,3840087424,0.32,,residential,3840087413,89.96,,residential,3840087401,179.39,,residential,3840087411,269.34,,residential
3840087430,13.8580304,100.6953901,,residential,4,4,True,False,,89.06,90.69,0.9946,True,https://www.openstreetmap.org/node/3840087430,3840087431,89.82,,residential,3840087417,180.51,,residential,3840087427,269.57,,residential,3840087451,359.86,,residential
2562521955,13.8736168,100.7205513,,residential,4,4,True,False,,89.38,91.0,0.9945,True,https://www.openstreetmap.org/node/2562521955,2562521956,89.67,,residential,2562521958,179.05,,residential,8061345511,270.05,,residential,2562521952,359.67,,residential
3053347437,13.8686377,100.7136369,,residential,4,4,True,False,,89.47,90.52,0.9945,True,https://www.openstreetmap.org/node/3053347437,3053347129,89.18,,residential,3053347073,178.73,,residential,3053347465,269.25,,residential,3053347097,358.71,,residential
3841547717,13.8487677,100.7025099,,residential,4,4,True,False,,89.4,90.6,0.9945,True,https://www.openstreetmap.org/node/3841547717,3841547718,88.62,,residential,3841547699,178.24,,residential,3841547714,267.64,,residential,3841547725,358.24,,residential
5941639243,13.8908005,100.7190365,,residential,4,4,True,False,,89.37,90.55,0.9945,True,https://www.openstreetmap.org/node/5941639243,5941639244,88.91,,residential,5941639240,179.46,,residential,5941639242,269.91,,residential,5941639246,359.28,,residential
7908343248,13.8521403,100.7085494,,residential,4,4,True,False,,89.13,90.87,0.9945,True,https://www.openstreetmap.org/node/7908343248,7908343247,87.39,,residential,7908343245,177.5,,residential,7908343249,266.63,,residential,7908343251,357.5,,residential
2562522036,13.8647626,100.7201956,,residential,4,4,True,False,,89.32,91.0,0.9944,True,https://www.openstreetmap.org/node/2562522036,2562522038,88.79,,residential,2562522042,178.1,,residential,2562522034,267.98,,residential,2562522030,357.78,,residential
3053310375,13.9019587,100.7185634,,residential,4,4,True,False,,89.48,90.51,0.9944,True,https://www.openstreetmap.org/node/3053310375,3053310358,86.34,,residential,3053310359,176.85,,residential,3053310355,266.33,,residential,3053310340,356.84,,residential
3840012532,13.852721,100.7131878,หมู่บ้านแลนซีโอ ซอย 21,residential,4,4,True,False,,89.23,90.77,0.9944,True,https://www.openstreetmap.org/node/3840012532,3840012533,86.55,หมู่บ้านแลนซีโอ ซอย 21,residential,3840012524,177.32,,residential,3840012530,267.08,,residential,3840012543,357.32,,residential
3840058992,13.8555325,100.7026818,,residential,4,4,True,False,,89.51,91.01,0.9944,True,https://www.openstreetmap.org/node/3840058992,3840058990,89.16,,residential,3840058983,180.17,,residential,3840058989,269.79,,residential,3840059000,359.3,,residential
3840058993,13.8555666,100.7067217,,residential,4,4,True,False,,89.0,90.53,0.9944,True,https://www.openstreetmap.org/node/3840058993,3840059005,1.0,,residential,3840058994,90.0,,residential,3840058987,180.53,,residential,3840058995,270.6,,residential
3840100073,13.8565644,100.688366,ซอยคู้บอน 48,residential,4,4,True,False,,89.0,90.53,0.9944,True,https://www.openstreetmap.org/node/3840100073,3840100075,76.62,,residential,3840100067,165.62,ซอยคู้บอน 48,residential,3840100072,255.87,,residential,3840100079,346.39,ซอยคู้บอน 48,residential
5887077317,13.9079028,100.7871882,,residential,4,4,True,False,,89.01,90.56,0.9944,True,https://www.openstreetmap.org/node/5887077317,5887077318,0.7,,residential,5887077315,91.26,,residential,5887076584,180.27,,residential,5887077286,270.25,,residential
3834869447,13.866418,100.7108593,,residential,4,4,True,False,,89.2,90.76,0.9943,True,https://www.openstreetmap.org/node/3834869447,7990378082,88.27,,residential,3834869432,178.54,,residential,3834869444,268.31,,residential,3834869463,359.07,,residential
4415609843,13.8722029,100.7435646,,residential,4,4,True,False,,89.0,90.72,0.9943,True,https://www.openstreetmap.org/node/4415609843,3053324353,85.72,,residential,8177832440,176.03,,residential,3053324417,265.03,,residential,3053324350,355.0,,residential
5941639249,13.8915113,100.7190299,,residential,4,4,True,False,,89.22,90.8,0.9943,True,https://www.openstreetmap.org/node/5941639249,5941639250,90.46,,residential,5941639246,179.69,,residential,5941639248,269.9,,residential,5941639252,359.66,,residential
3834808984,13.8646917,100.7240558,,residential,4,4,True,False,,89.07,90.93,0.9942,True,https://www.openstreetmap.org/node/3834808984,3834808987,83.19,,residential,8109972624,174.11,,residential,3834808978,263.18,,residential,3834809001,353.07,,residential
3841547696,13.8484316,100.7074804,,residential,4,4,True,False,,89.07,90.57,0.9942,True,https://www.openstreetmap.org/node/3841547696,3841547701,88.06,,residential,3840058767,177.95,,residential,3841547693,268.42,,residential,3841547716,357.49,,residential
3053310333,13.9001554,100.7186658,,residential,4,4,True,False,,89.45,90.57,0.9941,True,https://www.openstreetmap.org/node/3053310333,3053310341,87.34,,residential,3053310352,176.84,,residential,3053310342,266.28,,residential,3053310373,356.85,,residential
3053324380,13.8691743,100.7459823,,residential,4,4,True,False,,89.33,90.66,0.9941,True,https://www.openstreetmap.org/node/3053324380,3053324379,85.36,,residential,4415580544,174.69,,residential,3053324363,265.09,,residential,3053324414,354.7,,residential
3834809007,13.865057,100.7263053,,residential,4,4,True,False,,88.96,90.99,0.9941,True,https://www.openstreetmap.org/node/3834809007,8336337847,83.86,,residential,3834808986,174.85,,residential,3834809004,263.81,,residential,3834809021,353.8,,residential
3840059204,13.8588324,100.7067363,,residential,4,4,True,False,,89.28,90.72,0.9941,True,https://www.openstreetmap.org/node/3840059204,3840059214,0.34,,residential,3840059205,90.0,,residential,3840059194,180.34,,residential,3840059203,269.62,,residential
5941639212,13.8893841,100.7190479,,residential,4,4,True,False,,89.02,90.93,0.9941,True,https://www.openstreetmap.org/node/5941639212,5941639215,0.32,,residential,5941639211,90.23,,residential,5941639209,181.16,,residential,5941639213,270.18,,residential
6117202389,13.8527011,100.7117392,,residential,3,3,False,False,,89.03,90.61,0.9941,True,https://www.openstreetmap.org/node/6117202389,10134595222,84.32,,residential,6117202388,173.35,,residential,6117202390,263.26,,residential,6117202394,353.86,,residential
6117202620,13.8509136,100.7086035,,residential,4,4,True,False,,89.38,90.62,0.994,True,https://www.openstreetmap.org/node/6117202620,6117202621,88.14,,residential,6117202617,177.68,,residential,6117202619,268.3,,residential,6117202623,357.67,,residential
2562521967,13.8721705,100.7205596,ซอย 34; ซอย ๓๓,residential,4,4,True,False,,89.27,91.09,0.9939,True,https://www.openstreetmap.org/node/2562521967,2562521968,89.33,ซอย 34,residential,2562521970,178.6,,residential,8061345515,269.69,ซอย ๓๓,residential,2562521964,359.68,,residential
2562522024,13.8654971,100.7201705,,residential,4,4,True,False,,88.91,90.83,0.9939,True,https://www.openstreetmap.org/node/2562522024,2562522026,88.2,,residential,2562522030,178.43,,residential,2562522022,267.34,,residential,2562522018,358.16,,residential
3840087379,13.8566135,100.6953882,,residential,4,4,True,False,,88.93,91.05,0.9939,True,https://www.openstreetmap.org/node/3840087379,3840087392,0.28,,residential,3840087380,89.21,,residential,3840087367,179.19,,residential,8086748877,270.24,,residential
8034727816,13.832822,100.6914588,,residential,4,4,True,False,,88.96,90.85,0.9939,True,https://www.openstreetmap.org/node/8034727816,8034727818,73.85,,residential,8034727815,163.78,,residential,3841938464,254.04,,residential,8034727817,343.0,,residential
3053310359,13.9015933,100.7185841,,residential,4,4,True,False,,89.42,90.58,0.9938,True,https://www.openstreetmap.org/node/3053310359,3053310353,86.31,,residential,3053310335,176.84,,residential,3053310339,266.27,,residential,3053310375,356.85,,residential
3053310378,13.8994277,100.7187072,,residential,4,4,True,False,,89.41,90.6,0.9938,True,https://www.openstreetmap.org/node/3053310378,3053310382,87.44,,residential,3053310365,176.85,,residential,3053310350,266.32,,residential,3053310352,356.84,,residential
3840059211,13.8591931,100.706009,,residential,4,4,True,False,,88.96,91.04,0.9938,True,https://www.openstreetmap.org/node/3840059211,3840059226,0.09,,residential,3840059214,89.05,,residential,3840059203,180.09,,residential,3840059212,270.02,,residential
5887077301,13.9078832,100.7895907,,residential,4,4,True,False,,89.24,91.12,0.9938,True,https://www.openstreetmap.org/node/5887077301,5887077299,89.48,,residential,5887076574,180.61,,residential,5887077303,270.27,,residential,5887077302,359.51,,residential
8341596589,13.8992964,100.7168893,,residential,4,4,True,False,,89.33,91.08,0.9938,True,https://www.openstreetmap.org/node/8341596589,8341596588,87.17,,residential,8341596602,176.73,,residential,8341596590,266.06,,residential,8341596592,357.14,,residential
2562521982,13.8694719,100.720046,เมืองประชา ซอย ๔๔; เมืองประชา ซอย ๔๕,residential,4,4,True,False,,88.9,90.7,0.9937,True,https://www.openstreetmap.org/node/2562521982,2562521983,87.92,เมืองประชา ซอย ๔๔,residential,2562521985,178.35,,residential,2562521981,269.06,เมืองประชา ซอย ๔๕,residential,2562521979,357.96,,residential
3053303661,13.8866411,100.7203593,,residential,4,4,True,False,,89.21,91.12,0.9937,True,https://www.openstreetmap.org/node/3053303661,3053301910,0.0,,residential,3053301925,89.65,,residential,3053303663,180.76,,residential,3053303646,269.97,,residential
3841909841,13.8327325,100.7184976,นลิน 1; นลิน 1 ซอย 3; นลิน 2 ซอย 3,residential,4,4,True,False,,89.08,91.13,0.9937,True,https://www.openstreetmap.org/node/3841909841,3841909842,89.35,นลิน 1 ซอย 3,residential,3841909834,178.43,นลิน 1,residential,3841909840,268.31,นลิน 2 ซอย 3,residential,3841909848,358.22,นลิน 1,residential
3053303650,13.8844207,100.7203531,,residential,4,4,True,False,,89.32,91.15,0.9936,True,https://www.openstreetmap.org/node/3053303650,3053303668,0.23,,residential,3053303653,90.03,,residential,3053303655,179.35,,residential,3053303643,270.49,,residential
3840087424,13.8579215,100.6967458,,residential,4,4,True,False,,88.88,90.67,0.9936,True,https://www.openstreetmap.org/node/3840087424,3840087426,89.83,,residential,3840087412,180.32,,residential,3840087425,269.2,,residential,3840087445,359.87,,residential
6124182932,13.8743586,100.7175727,,residential,4,4,True,False,,88.84,90.51,0.9936,True,https://www.openstreetmap.org/node/6124182932,6124182931,89.45,,residential,6124182936,179.62,,residential,6124182933,270.1,,residential,6124182937,358.94,,residential
6124182937,13.8747779,100.7175647,,residential,4,4,True,False,,89.29,91.09,0.9936,True,https://www.openstreetmap.org/node/6124182937,6124182938,0.09,,residential,6124183029,89.65,,residential,6124182932,178.94,,residential,6124183028,270.03,,residential
3840087417,13.8576783,100.6953869,,residential,4,4,True,False,,89.32,90.92,0.9935,True,https://www.openstreetmap.org/node/3840087417,3840087430,0.51,,residential,3840087416,89.83,,residential,3840087403,180.08,,residential,3840087415,269.58,,residential
2562522007,13.8665762,100.7201383,,residential,4,4,True,False,,89.18,90.85,0.9934,True,https://www.openstreetmap.org/node/2562522007,2562522008,88.11,,residential,2562522012,178.96,,residential,2562522005,269.29,,residential,2562522003,358.47,,residential
2562522057,13.8782367,100.7205326,ซอย ๕; ซอย ๖,residential,4,4,True,False,,89.13,91.02,0.9934,True,https://www.openstreetmap.org/node/2562522057,2562522058,90.0,ซอย ๖,residential,2562522054,180.17,,residential,2562522056,269.3,ซอย ๕,residential,2562522060,358.98,,residential
3840129895,13.8557255,100.6793122,ซอยคู้บอน 36,residential,4,4,True,False,,89.39,90.95,0.9934,True,https://www.openstreetmap.org/node/3840129895,3840129897,75.13,,residential,3840129881,166.07,ซอยคู้บอน 36,residential,3840129893,255.47,,residential,3840129901,345.7,ซอยคู้บอน 36,residential
5277017944,13.8708891,100.7121015,,residential,4,4,True,False,,88.81,90.79,0.9934,True,https://www.openstreetmap.org/node/5277017944,5277017945,85.73,,residential,5277017941,176.51,,residential,5277017946,266.91,,residential,5277017938,355.72,,residential
3053310356,13.8975344,100.7188148,,residential,4,4,True,False,,89.18,90.8,0.9933,True,https://www.openstreetmap.org/node/3053310356,3053310381,86.45,,residential,3053310379,176.86,,residential,3053310360,266.04,,residential,3053310345,356.84,,residential
3053347112,13.8692821,100.7136247,,residential,4,4,True,False,,89.33,91.15,0.9933,True,https://www.openstreetmap.org/node/3053347112,3053347115,89.87,,residential,3053347097,179.2,,residential,3053347121,269.25,,residential,3053347457,358.72,,residential
6117202602,13.849066,100.7086807,,residential,4,4,True,False,,89.39,90.61,0.9933,True,https://www.openstreetmap.org/node/6117202602,6117202603,88.28,,residential,6117202599,177.67,,residential,6117202601,268.28,,residential,6117202605,357.68,,residential
6521872180,13.8546091,100.7129066,,residential,4,4,True,False,,89.0,91.01,0.9933,True,https://www.openstreetmap.org/node/6521872180,6521872179,88.09,,residential,6521858844,179.1,,residential,6521872178,269.29,,residential,6521872183,359.09,,residential
3010377747,13.8527794,100.7551277,ซอยประชาร่วมใจ 31 ซอย 5; ซอยประชาร่วมใจ 31 ซอย 5/4; ซอยประชาร่วมใจ 31 ซอย 5/5,residential,4,4,True,False,,88.84,90.92,0.9932,True,https://www.openstreetmap.org/node/3010377747,8163593563,34.94,ซอยประชาร่วมใจ 31 ซอย 5/5,residential,3010377738,124.88,ซอยประชาร่วมใจ 31 ซอย 5,residential,8163563694,215.79,ซอยประชาร่วมใจ 31 ซอย 5/4,residential,3010377755,304.64,ซอยประชาร่วมใจ 31 ซอย 5,residential
3841546171,13.8399717,100.7023918,,residential,4,4,True,False,,89.08,90.92,0.9932,True,https://www.openstreetmap.org/node/3841546171,3841546183,4.28,,residential,3841546170,94.58,,residential,8295400183,185.5,,residential,3841546172,274.57,,residential
3841928596,13.8334156,100.69995,,residential,4,4,True,False,,88.99,91.22,0.9932,True,https://www.openstreetmap.org/node/3841928596,3841928601,77.13,,residential,3841928573,166.12,,residential,3841928594,257.34,,residential,3841938492,347.25,,residential
5941639246,13.8911546,100.7190319,,residential,4,4,True,False,,88.81,90.78,0.9932,True,https://www.openstreetmap.org/node/5941639246,5941639247,90.47,,residential,5941639243,179.28,,residential,5941639245,269.72,,residential,5941639249,359.69,,residential
3840059208,13.8589166,100.7025932,,residential,4,4,True,False,,89.09,90.92,0.9931,True,https://www.openstreetmap.org/node/3840059208,3840059207,90.26,,residential,3840059198,179.35,,residential,3840059206,269.68,,residential,3840059218,359.34,,residential
6124182926,13.87259,100.7175767,,residential,4,4,True,False,,89.31,91.24,0.9931,True,https://www.openstreetmap.org/node/6124182926,6124182927,90.6,,residential,6124182923,180.12,,residential,6124182925,270.05,,residential,6124182929,359.36,,residential
3841938314,13.8306659,100.6945231,,residential,4,4,True,False,,89.26,90.74,0.993,True,https://www.openstreetmap.org/node/3841938314,3841938319,63.99,,residential,3841938304,153.46,,residential,8621209234,243.99,,residential,3841938324,334.73,,residential
3845126891,13.82539,100.7053049,ซอยพระยาสุเรนทร์ 16 แยก 1; ซอยพระยาสุเรนทร์ 16 แยก 1-1; ซอยพระยาสุเรนทร์ 16 แยก 1-2,residential,4,4,True,False,,89.16,90.83,0.993,True,https://www.openstreetmap.org/node/3845126891,3845126895,6.15,ซอยพระยาสุเรนทร์ 16 แยก 1,residential,3845126890,95.73,ซอยพระยาสุเรนทร์ 16 แยก 1-2,residential,3845126884,186.16,ซอยพระยาสุเรนทร์ 16 แยก 1,residential,3845126892,275.32,ซอยพระยาสุเรนทร์ 16 แยก 1-1,residential
5941639206,13.8886847,100.7190404,,residential,4,4,True,False,,89.01,90.75,0.993,True,https://www.openstreetmap.org/node/5941639206,5941639205,90.41,,residential,5941639277,179.42,,residential,5941639207,269.93,,residential,5941639209,359.67,,residential
8073688614,13.8865206,100.7176634,,residential,3,3,False,False,,89.05,90.82,0.993,True,https://www.openstreetmap.org/node/8073688614,8073688615,0.82,,residential,2733169203,89.87,,residential,8073688613,180.31,,residential,2733169202,270.0,,residential
8341596602,13.898989,100.7169074,,residential,4,4,True,False,,88.74,90.56,0.993,True,https://www.openstreetmap.org/node/8341596602,8341596601,87.24,,residential,8341596599,175.98,,residential,8341596603,266.54,,residential,8341596589,356.73,,residential
3053324377,13.8735767,100.7434659,,residential,4,4,True,False,,89.32,90.68,0.9929,True,https://www.openstreetmap.org/node/3053324377,3053324346,85.95,,residential,3053324360,176.55,,residential,3053324352,265.95,,residential,3053324430,356.63,,residential
3840058983,13.8551972,100.7026808,,residential,4,4,True,False,,88.72,90.77,0.9929,True,https://www.openstreetmap.org/node/3840058983,3840058992,0.17,,residential,3840058984,88.89,,residential,3840058977,179.27,,residential,3840058982,270.03,,residential
8246698127,13.9078552,100.7859779,,residential,4,4,True,False,,89.36,90.66,0.9929,True,https://www.openstreetmap.org/node/8246698127,8246698130,1.69,,residential,5887077322,91.05,,residential,5887077329,180.42,,residential,5887077324,271.04,,residential
3053310343,13.896769,100.7188582,,residential,4,4,True,False,,88.71,90.91,0.9928,True,https://www.openstreetmap.org/node/3053310343,3053309232,86.95,,residential,2562521902,177.22,,residential,3053310377,265.93,,residential,3053310379,356.84,,residential
6521858844,13.8542446,100.7129125,,residential,4,4,True,False,,88.95,91.05,0.9928,True,https://www.openstreetmap.org/node/6521858844,6521858843,88.05,,residential,6521858841,179.1,,residential,6521858842,268.85,,residential,6521872180,359.1,,residential
9645537207,13.891705,100.6926097,,residential,4,4,True,False,,89.02,90.7,0.9928,True,https://www.openstreetmap.org/node/9645537207,12905645094,77.97,,residential,9154306383,167.0,,residential,9645537200,257.6,,residential,9154306381,347.28,,residential
2562521988,13.8687467,100.7200655,,residential,4,4,True,False,,88.94,91.31,0.9927,True,https://www.openstreetmap.org/node/2562521988,2562521989,88.61,,residential,2562521991,177.55,,residential,2562521987,268.87,,residential,2562521985,358.65,,residential
3840059169,13.8577127,100.7060092,,residential,4,4,True,False,,89.3,90.71,0.9927,True,https://www.openstreetmap.org/node/3840059169,3840059168,90.38,,residential,3840059049,179.67,,residential,3840059167,269.06,,residential,3840059185,359.66,,residential
3845126903,13.8264004,100.7054103,ซอยพระยาสุเรนทร์ 16 แยก 1,residential,4,4,True,False,,88.77,91.22,0.9926,True,https://www.openstreetmap.org/node/3845126903,3845126914,5.45,ซอยพระยาสุเรนทร์ 16 แยก 1,residential,3845126900,96.67,,residential,3845126895,185.44,ซอยพระยาสุเรนทร์ 16 แยก 1,residential,3845126904,275.34,,residential
6124182920,13.8714119,100.7175821,,residential,4,4,True,False,,88.95,91.16,0.9926,True,https://www.openstreetmap.org/node/6124182920,6124182919,89.55,,residential,6124182895,178.49,,residential,6124182921,269.66,,residential,6124182923,359.37,,residential
3840087208,13.8549135,100.6967516,,residential,4,4,True,False,,89.03,90.97,0.9925,True,https://www.openstreetmap.org/node/3840087208,3840087209,90.0,,residential,3840087198,179.62,,residential,3840087207,268.65,,residential,3840087222,359.62,,residential
3840087451,13.8583944,100.6953892,,residential,4,4,True,False,,88.75,90.95,0.9925,True,https://www.openstreetmap.org/node/3840087451,3840087452,89.46,,residential,3840087430,179.86,,residential,3840087450,268.61,,residential,8086748881,359.56,,residential
5941639197,13.8879272,100.7184646,,residential,3,3,False,False,,88.88,91.07,0.9925,True,https://www.openstreetmap.org/node/5941639197,5941639203,90.42,,residential,5941639199,180.19,,residential,5941639198,270.47,,residential,8073614893,359.35,,residential
6061846126,13.9010115,100.786481,,residential,4,4,True,False,,89.19,90.73,0.9925,True,https://www.openstreetmap.org/node/6061846126,8246690032,0.53,,residential,6061846127,90.0,,residential,8246690034,180.72,,residential,6061846125,269.91,,residential
6117202394,13.8530759,100.7116977,เลียบคลองสอง 22,residential,3,3,False,False,,88.88,91.25,0.9925,True,https://www.openstreetmap.org/node/6117202394,10134595222,84.98,เลียบคลองสอง 22,residential,6117202389,173.86,,residential,6117202393,263.63,,residential,6117202397,353.74,,residential
2562521958,13.8732599,100.7205574,,residential,4,4,True,False,,88.64,90.63,0.9924,True,https://www.openstreetmap.org/node/2562521958,2562521959,89.66,,residential,2562521961,180.29,,residential,8061345512,270.41,,residential,2562521955,359.05,,residential
5941639263,13.8929082,100.7190223,,residential,4,4,True,False,,89.1,90.89,0.9924,True,https://www.openstreetmap.org/node/5941639263,5941639261,0.35,,residential,5941639264,89.45,,residential,5941639258,180.34,,residential,5941639262,270.81,,residential
2552303288,13.8767339,100.7335769,ซอยนิมิตใหม่ 34,residential,4,4,True,False,,88.89,91.39,0.9923,True,https://www.openstreetmap.org/node/2552303288,2552303289,82.71,ซอยนิมิตใหม่ 34,residential,2552303305,174.1,ซอยนิมิตใหม่ 34,residential,2552303295,263.84,ซอยนิมิตใหม่ 34,residential,2552303296,352.73,ซอยนิมิตใหม่ 34,residential
2562522003,13.8669394,100.7201283,,residential,4,4,True,False,,89.16,91.38,0.9923,True,https://www.openstreetmap.org/node/2562522003,2562522004,87.09,,residential,2562522007,178.47,,residential,2562522002,268.05,,residential,2562522000,357.93,,residential
3053347443,13.8692538,100.7121846,,residential,4,4,True,False,,88.87,90.72,0.9923,True,https://www.openstreetmap.org/node/3053347443,3053347055,88.83,,residential,3053347070,179.55,,residential,3053347092,268.42,,residential,3053347452,359.09,,residential
3835124871,13.860375,100.6870006,,residential,4,4,True,False,,88.72,90.86,0.9923,True,https://www.openstreetmap.org/node/3835124871,3835124879,22.0,,residential,3835124865,110.71,,residential,3835124863,201.57,,residential,12848165523,291.48,,residential
3835124922,13.8623682,100.6880316,,residential,4,4,True,False,,88.63,90.91,0.9923,True,https://www.openstreetmap.org/node/3835124922,3835124933,20.69,,residential,3835124918,110.68,,residential,3835124914,201.15,,residential,3835124935,292.06,,residential
3840011330,13.849179,100.7134353,,residential,4,4,True,False,,88.66,91.34,0.9923,True,https://www.openstreetmap.org/node/3840011330,3840011331,88.93,,residential,6521889386,178.89,,residential,3840011329,267.55,,residential,3840011343,358.89,,residential
3840087142,13.8525805,100.6990276,ซอยพระยาสุเรนทร์ 34,residential,4,4,True,False,,89.2,90.8,0.9923,True,https://www.openstreetmap.org/node/3840087142,8140770204,0.08,,residential,3840087143,89.5,ซอยพระยาสุเรนทร์ 34,residential,3840087125,180.08,,residential,3840087140,269.28,ซอยพระยาสุเรนทร์ 34,residential
3840099936,13.850598,100.6847858,ชัยพฤกษ์ B9,residential,4,4,True,False,,88.7,90.71,0.9923,True,https://www.openstreetmap.org/node/3840099936,3840099943,5.75,,residential,3840099935,95.66,ชัยพฤกษ์ B9,residential,3840099929,186.38,,residential,3840099937,275.08,,residential
5887076582,13.9078858,100.787783,,residential,4,4,True,False,,89.3,91.39,0.9923,True,https://www.openstreetmap.org/node/5887076582,5887077314,0.94,,residential,5887077311,90.25,,residential,5887076581,180.15,,residential,5887077315,271.54,,residential
5887077299,13.9078858,100.7898872,,residential,4,4,True,False,,89.03,90.93,0.9923,True,https://www.openstreetmap.org/node/5887077299,5887077300,0.42,,residential,5887077296,90.0,,residential,5887076573,180.46,,residential,5887077301,269.48,,residential
3053310373,13.9005048,100.718646,,residential,4,4,True,False,,89.23,90.78,0.9922,True,https://www.openstreetmap.org/node/3053310373,3053310361,86.07,,residential,3053310333,176.85,,residential,3053310351,266.23,,residential,3053310363,356.84,,residential
8177832445,13.8660783,100.7444124,,residential,4,4,True,False,,89.09,90.98,0.9922,True,https://www.openstreetmap.org/node/8177832445,3053324442,86.12,,residential,3053324357,177.1,,residential,3053324334,266.6,,residential,8185707575,355.69,,residential
8919190653,13.8343699,100.7185063,,residential,4,4,True,False,,89.05,91.3,0.9922,True,https://www.openstreetmap.org/node/8919190653,8919190650,86.49,,residential,8919190652,176.05,,residential,6124096910,266.15,,residential,8919190654,355.2,,residential
10052681646,13.8539563,100.7072408,ถนนปัญญาอินทรา,residential; tertiary,2,2,False,False,,89.06,90.81,0.9921,True,https://www.openstreetmap.org/node/10052681646,7908280073,0.76,ถนนปัญญาอินทรา,tertiary,10052681647,90.29,,residential,10052681650,179.35,ถนนปัญญาอินทรา,tertiary,7908343120,270.16,,residential
8163776980,13.8299231,100.7482608,ประชาชนร่วมใจ 7,residential,4,4,True,False,,88.73,91.28,0.9921,True,https://www.openstreetmap.org/node/8163776980,8163776979,54.59,,residential,8163776977,144.44,ประชาชนร่วมใจ 7,residential,8163776981,233.17,,residential,3843843414,324.44,ประชาชนร่วมใจ 7,residential
2562522012,13.8662183,100.720145,,residential,4,4,True,False,,88.56,90.81,0.992,True,https://www.openstreetmap.org/node/2562522012,2562522014,87.52,,residential,2562522018,177.9,,residential,2562522010,268.71,,residential,2562522007,358.96,,residential
3834869431,13.8656158,100.7100591,,residential,4,4,True,False,,88.77,90.81,0.9918,True,https://www.openstreetmap.org/node/3834869431,3834869433,87.53,,residential,3834869414,178.34,,residential,3834869430,269.0,,residential,3834869446,358.76,,residential
3840087185,13.8541571,100.6954063,,residential,4,4,True,False,,88.9,91.09,0.9918,True,https://www.openstreetmap.org/node/3840087185,3840087184,90.96,,residential,3840087169,179.86,,residential,6129278606,270.24,,residential,3840087194,359.87,,residential
3840087222,13.8552461,100.6967493,,residential,4,4,True,False,,88.93,91.06,0.9918,True,https://www.openstreetmap.org/node/3840087222,3840087221,90.02,,residential,3840087208,179.62,,residential,3840087220,268.55,,residential,3840087236,359.6,,residential
3840129881,13.8552811,100.6794257,ซอยคู้บอน 36,residential,4,4,True,False,,88.68,91.21,0.9918,True,https://www.openstreetmap.org/node/3840129881,3840129887,76.34,,residential,3834805655,166.19,ซอยคู้บอน 36,residential,3840129878,254.86,,residential,3840129895,346.07,ซอยคู้บอน 36,residential
3841863944,13.8348715,100.7316578,ซอยนิมิตใหม่ 9,residential,4,4,True,False,,89.26,90.75,0.9918,True,https://www.openstreetmap.org/node/3841863944,3841863948,70.08,ซอยนิมิตใหม่ 9,residential,3841863938,160.82,,residential,3841863942,250.08,ซอยนิมิตใหม่ 9,residential,3841863951,340.82,,residential
3841863953,13.83524,100.7327049,ซอยนิมิตใหม่ 9,residential,4,4,True,False,,89.25,90.75,0.9918,True,https://www.openstreetmap.org/node/3841863953,3841863956,70.07,ซอยนิมิตใหม่ 9,residential,8169721635,160.82,,residential,3841863950,250.09,ซอยนิมิตใหม่ 9,residential,3841864159,340.81,,residential
6061845996,13.9005448,100.7893968,,residential,4,4,True,False,,88.55,90.84,0.9918,True,https://www.openstreetmap.org/node/6061845996,6061845995,1.47,,residential,6061845997,91.45,,residential,6061846267,180.0,,residential,8410795430,270.63,,residential
3834869463,13.8672474,100.7108455,,residential,4,4,True,False,,88.88,90.93,0.9917,True,https://www.openstreetmap.org/node/3834869463,7990378081,88.51,,residential,3834869447,179.07,,residential,3834869462,267.96,,residential,3834869477,358.89,,residential
3841370438,13.8470555,100.7465227,,residential,4,4,True,False,,88.76,91.23,0.9917,True,https://www.openstreetmap.org/node/3841370438,3841370443,70.26,,residential,3841370433,160.52,,residential,3841370435,251.75,,residential,3841370442,340.51,,residential
8178338319,13.8283534,100.7494164,ประชาชนร่วมใจ 7,residential,4,4,True,False,,88.73,91.3,0.9917,True,https://www.openstreetmap.org/node/8178338319,8178338318,54.23,,residential,8178327616,144.43,ประชาชนร่วมใจ 7,residential,8178338320,233.15,,residential,11221593529,324.45,ประชาชนร่วมใจ 7,residential
3053310349,13.8982798,100.7187724,,residential,4,4,True,False,,88.85,91.16,0.9916,True,https://www.openstreetmap.org/node/3053310349,3053310372,88.0,,residential,3053310345,176.84,,residential,3053310344,267.2,,residential,3053310357,356.84,,residential
3834869462,13.8672335,100.710444,,residential,4,4,True,False,,89.19,90.8,0.9916,True,https://www.openstreetmap.org/node/3834869462,3834869463,87.96,,residential,3834869444,178.66,,residential,3834869461,269.46,,residential,3834869476,358.65,,residential
3840058950,13.8539256,100.7086825,,residential,4,4,True,False,,88.75,91.3,0.9916,True,https://www.openstreetmap.org/node/3840058950,3840058951,83.57,,residential,3840058941,174.87,,residential,6521809166,263.62,,residential,3840058958,353.83,,residential
5887077322,13.9078499,100.7862754,,residential,4,4,True,False,,88.93,91.38,0.9916,True,https://www.openstreetmap.org/node/5887077322,5887077382,1.19,,residential,5887077323,90.11,,residential,5887077321,179.67,,residential,8246698127,271.05,,residential
8204460455,13.8951556,100.6975237,,residential,4,4,True,False,,89.04,90.77,0.9916,True,https://www.openstreetmap.org/node/8204460455,8484264523,77.88,,residential,8204460446,168.64,,residential,8204460458,258.09,,residential,8204460447,348.83,,residential
2562521994,13.8680295,100.7200849,,residential,4,4,True,False,,89.31,91.52,0.9915,True,https://www.openstreetmap.org/node/2562521994,2562521995,89.16,,residential,2562521997,178.61,,residential,2562521993,267.92,,residential,2562521991,359.44,,residential
3053324469,13.8643101,100.7445139,,residential,4,4,True,False,,89.16,90.84,0.9915,True,https://www.openstreetmap.org/node/3053324469,3053324422,86.01,,residential,3053324468,176.7,,residential,3053324427,265.87,,residential,3053324426,356.71,,residential
3840058817,13.850416,100.7064957,,residential,4,4,True,False,,88.64,90.81,0.9915,True,https://www.openstreetmap.org/node/3840058817,3840058819,86.75,,residential,3840058797,177.56,,residential,3840058815,266.2,,residential,3840058832,356.92,,residential
3841546197,13.842751,100.7059631,สุเหร่าคลองหนึ่ง ซอย 9; สุเหร่าคลองหนึ่ง ซอย 9 แยก 3; สุเหร่าคลองหนึ่ง ซอย 9 แยก 4,residential,4,4,True,False,,89.03,90.96,0.9915,True,https://www.openstreetmap.org/node/3841546197,3841546203,81.55,สุเหร่าคลองหนึ่ง ซอย 9 แยก 4,residential,3841546192,170.99,สุเหร่าคลองหนึ่ง ซอย 9,residential,8295400126,261.95,สุเหร่าคลองหนึ่ง ซอย 9 แยก 3,residential,3841546206,350.98,สุเหร่าคลองหนึ่ง ซอย 9,residential
3841912738,13.8387602,100.7179843,,residential,4,4,True,False,,89.05,91.53,0.9915,True,https://www.openstreetmap.org/node/3841912738,3841912740,85.12,,residential,3841912730,176.65,,residential,3841912737,266.34,,residential,8344076499,356.07,,residential
6124182938,13.8751901,100.7175654,,residential,4,4,True,False,,89.01,91.44,0.9915,True,https://www.openstreetmap.org/node/6124182938,6124183011,90.65,,residential,6124182937,180.09,,residential,6124183012,270.19,,residential,8292089807,359.21,,residential
8178327616,13.8281032,100.7496007,ประชาชนร่วมใจ 7,residential,4,4,True,False,,88.62,91.02,0.9915,True,https://www.openstreetmap.org/node/8178327616,8178327615,55.45,,residential,3843843384,145.96,ประชาชนร่วมใจ 7,residential,8178338317,234.58,,residential,8178338319,324.43,ประชาชนร่วมใจ 7,residential
13072213729,13.9002497,100.7168312,,residential,4,4,True,False,,89.08,91.55,0.9914,True,https://www.openstreetmap.org/node/13072213729,13072213728,86.73,,residential,8341596595,176.5,,residential,13072213727,265.58,,residential,13072213726,357.13,,residential
8163776977,13.8296557,100.7484577,ซอย 26; ซอย 27; ประชาชนร่วมใจ 7,residential,4,4,True,False,,88.81,91.19,0.9914,True,https://www.openstreetmap.org/node/8163776977,8163776976,53.25,ซอย 26,residential,8163776975,144.44,ประชาชนร่วมใจ 7,residential,8163776978,234.79,ซอย 27,residential,8163776980,324.44,ประชาชนร่วมใจ 7,residential
8919190650,13.8343945,100.7189199,,residential,4,4,True,False,,88.98,90.78,0.9914,True,https://www.openstreetmap.org/node/8919190650,6124096909,86.26,,residential,8919190649,175.73,,residential,8919190653,266.49,,residential,8919190651,355.48,,residential
3053303655,13.8840466,100.7203575,,residential,4,4,True,False,,88.72,91.08,0.9913,True,https://www.openstreetmap.org/node/3053303655,3053303635,89.84,,residential,3724906679,178.56,,residential,3053303662,269.63,,residential,3053303650,359.35,,residential
3834869477,13.8680702,100.7108291,,residential,4,4,True,False,,89.07,90.92,0.9913,True,https://www.openstreetmap.org/node/3834869477,7990378080,88.25,,residential,3834869463,178.89,,residential,3834869476,267.96,,residential,3834869494,358.89,,residential
3840087139,13.8525718,100.6983179,ซอยพระยาสุเรนทร์ 34,residential,4,4,True,False,,89.21,90.79,0.9913,True,https://www.openstreetmap.org/node/3840087139,3840087161,0.06,,residential,3840087140,89.28,ซอยพระยาสุเรนทร์ 34,residential,6129278575,180.07,,residential,3840087138,269.28,ซอยพระยาสุเรนทร์ 34,residential
3840087367,13.856277,100.6953931,,residential,4,4,True,False,,88.58,90.81,0.9913,True,https://www.openstreetmap.org/node/3840087367,3840087368,90.0,,residential,3840087249,178.58,,residential,3840087366,269.34,,residential,3840087379,359.19,,residential
5877540464,13.8506499,100.7316639,ซอยนิมิตรใหม่ 19,residential,4,4,True,False,,89.08,90.91,0.9913,True,https://www.openstreetmap.org/node/5877540464,2555262587,79.2,ซอยนิมิตรใหม่ 19,residential,8186874099,168.28,,residential,5877541507,258.93,ซอยนิมิตรใหม่ 19,residential,5877540460,348.3,,residential
3841547733,13.8494395,100.7024887,,residential,4,4,True,False,,89.17,90.83,0.9912,True,https://www.openstreetmap.org/node/3841547733,3841547734,89.0,,residential,3841547725,178.25,,residential,3841547731,267.42,,residential,3840058793,358.24,,residential
3840059049,13.8572355,100.706012,,residential,4,4,True,False,,88.98,91.6,0.9911,True,https://www.openstreetmap.org/node/3840059049,8299050750,89.17,,residential,3840059028,179.1,,residential,8298981181,270.69,,residential,3840059169,359.67,,residential
3840059203,13.8588277,100.7060084,,residential,4,4,True,False,,88.88,91.13,0.9911,True,https://www.openstreetmap.org/node/3840059203,3840059211,0.09,,residential,3840059204,89.62,,residential,3840059192,180.09,,residential,3840059202,268.97,,residential
5935976445,13.9085025,100.7048858,ซอย ๓,residential,4,4,True,False,,88.95,91.61,0.9911,True,https://www.openstreetmap.org/node/5935976445,5935976448,48.21,ซอย ๓,residential,5935976444,137.16,,residential,5935976447,228.77,ซอย ๓,residential,5935976446,318.56,,residential
8424633785,13.8989552,100.7117625,,residential,4,4,True,False,,88.61,91.4,0.9911,True,https://www.openstreetmap.org/node/8424633785,8424633784,88.09,,residential,8424633788,176.7,,residential,8424633786,266.89,,residential,8424633782,356.69,,residential
2562521946,13.8747004,100.720545,ซอย ๑๙,residential,4,4,True,False,,89.06,90.94,0.991,True,https://www.openstreetmap.org/node/2562521946,2562521947,90.35,ซอย ๑๙,residential,2562521949,179.68,,residential,8061345321,270.62,ซอย ๑๙,residential,2562521943,359.68,,residential
4415580544,13.8687828,100.7460198,,residential,4,4,True,False,,89.18,90.82,0.991,True,https://www.openstreetmap.org/node/4415580544,3053324457,85.5,,residential,3053324362,174.68,,residential,3053324419,265.49,,residential,3053324380,354.69,,residential
5886741539,13.9198012,100.7889685,,residential,4,4,True,False,,88.88,91.32,0.991,True,https://www.openstreetmap.org/node/5886741539,5886741541,89.05,,residential,5886741538,178.55,,residential,5886741537,269.87,,residential,5886741529,358.75,,residential
5887077311,13.9078845,100.7880927,,residential,4,4,True,False,,89.03,91.61,0.991,True,https://www.openstreetmap.org/node/5887077311,5887077309,91.37,,residential,5887076580,181.22,,residential,5887076582,270.25,,residential,5887077312,359.76,,residential
8341596595,13.8999306,100.7168513,,residential,4,4,True,False,,88.38,91.3,0.991,True,https://www.openstreetmap.org/node/8341596595,8341596594,87.8,,residential,8341596592,176.19,,residential,8341596596,266.23,,residential,13072213729,356.5,,residential
2562522030,13.8651365,100.7201807,,residential,4,4,True,False,,88.54,90.82,0.9909,True,https://www.openstreetmap.org/node/2562522030,2562522032,86.97,,residential,2562522036,177.78,,residential,2562522028,268.6,,residential,2562522024,358.43,,residential
3840087194,13.8545028,100.6954055,,residential,4,4,True,False,,88.88,91.13,0.9909,True,https://www.openstreetmap.org/node/3840087194,3840087192,90.99,,residential,3840087185,179.87,,residential,3840087193,269.35,,residential,3840087206,359.86,,residential
5941639209,13.8890389,100.7190407,,residential,4,4,True,False,,88.81,91.15,0.9909,True,https://www.openstreetmap.org/node/5941639209,5941639212,1.16,,residential,5941639208,89.97,,residential,5941639206,180.46,,residential,5941639210,270.01,,residential
2733467944,13.8618025,100.6919782,,residential,4,4,True,False,,88.54,91.01,0.9908,True,https://www.openstreetmap.org/node/2733467944,2733467945,78.7,,residential,2733467937,169.71,,residential,2733467941,259.51,,residential,2733467951,350.16,,residential
3053303663,13.8862698,100.7203542,,residential,4,4,True,False,,88.34,91.08,0.9908,True,https://www.openstreetmap.org/node/3053303663,3053303661,0.76,,residential,3053301932,89.11,,residential,3053303638,180.18,,residential,3053303659,270.3,,residential
5941639237,13.8900975,100.7190433,,residential,4,4,True,False,,89.16,90.88,0.9908,True,https://www.openstreetmap.org/node/5941639237,5941639238,90.24,,residential,5941639222,179.4,,residential,5941639236,270.28,,residential,5941639240,359.46,,residential
3053347457,13.8696117,100.7136171,บุุรีรมย์ 20,residential,4,4,True,False,,88.84,91.17,0.9907,True,https://www.openstreetmap.org/node/3053347457,3053347103,89.88,บุุรีรมย์ 20,residential,3053347112,178.72,,residential,3053347100,269.22,บุุรีรมย์ 20,residential,3053347132,358.71,,residential
3841909840,13.8327061,100.7175787,นลิน 2; นลิน 2 ซอย 3; นลิน 2 ซอย 4,residential,4,4,True,False,,88.9,91.1,0.9907,True,https://www.openstreetmap.org/node/3841909840,3841909841,88.31,นลิน 2 ซอย 3,residential,3841909833,177.74,นลิน 2,residential,3841909838,268.3,นลิน 2 ซอย 4,residential,3841909847,357.2,นลิน 2,residential
5941639255,13.8921974,100.7190231,,residential,4,4,True,False,,88.99,91.67,0.9907,True,https://www.openstreetmap.org/node/5941639255,5941639256,89.28,,residential,5941639252,179.23,,residential,5941639254,270.91,,residential,5941639258,359.89,,residential
8609373653,13.8974428,100.7166829,,residential,4,4,True,False,,88.61,91.4,0.9907,True,https://www.openstreetmap.org/node/8609373653,8609373652,85.46,,residential,8341609618,175.74,,residential,8609373654,267.14,,residential,8341609621,355.75,,residential
2562521970,13.8718208,100.7205684,ซอย ๓๕,residential,4,4,True,False,,89.26,91.68,0.9906,True,https://www.openstreetmap.org/node/2562521970,2562521971,90.28,ซอย ๓๕,residential,8061345524,180.06,,residential,8061345517,269.32,ซอย ๓๕,residential,2562521967,358.6,,residential
3840058780,13.8491051,100.7074514,,residential,4,4,True,False,,88.41,91.42,0.9906,True,https://www.openstreetmap.org/node/3840058780,3841547727,87.83,,residential,3841547716,177.72,,residential,3841547723,269.15,,residential,3840058784,357.56,,residential
3840099924,13.8500963,100.6860413,ชัยพฤกษ์ A 21,residential,4,4,True,False,,89.1,91.36,0.9906,True,https://www.openstreetmap.org/node/3840099924,3840099933,6.07,,residential,3840099923,96.41,ชัยพฤกษ์ A 21,residential,3840099916,187.76,,residential,3840099926,276.86,,residential
3841863939,13.8346289,100.7309685,ซอยนิมิตใหม่ 9,residential,4,4,True,False,,89.16,90.84,0.9906,True,https://www.openstreetmap.org/node/3841863939,3841863942,70.08,ซอยนิมิตใหม่ 9,residential,3841863932,159.23,,residential,3841863937,250.07,ซอยนิมิตใหม่ 9,residential,3841863946,339.23,,residential
5886741537,13.9198002,100.7885287,,residential,4,4,True,False,,88.31,90.86,0.9906,True,https://www.openstreetmap.org/node/5886741537,5886741539,89.87,,residential,5886741536,180.22,,residential,5886741535,271.08,,residential,5886741530,359.39,,residential
5941663059,13.8953657,100.7106823,ถนนไทยรามัญ,residential; tertiary,4,4,True,False,,88.51,91.26,0.9906,True,https://www.openstreetmap.org/node/5941663059,8424621657,87.0,ถนนไทยรามัญ,tertiary,5941663055,177.42,,residential,4688953677,265.93,ถนนไทยรามัญ,tertiary,5941663054,355.73,,residential
6521877717,13.8513023,100.715439,,residential,4,4,True,False,,88.92,91.09,0.9906,True,https://www.openstreetmap.org/node/6521877717,6521877716,86.02,,residential,6521877721,177.1,,residential,6521877718,266.49,,residential,6521877715,357.1,,residential
8080761952,13.8377184,100.7199931,,residential,4,4,True,False,,88.81,91.21,0.9906,True,https://www.openstreetmap.org/node/8080761952,8080761953,5.32,,residential,3841912704,95.8,,residential,8080761951,184.61,,residential,3841912711,275.82,,residential
3053347452,13.869577,100.7121793,อรพิม 13,residential,4,4,True,False,,88.98,91.13,0.9905,True,https://www.openstreetmap.org/node/3053347452,3053347475,88.51,อรพิม 13,residential,3053347443,179.09,,residential,3053347113,268.4,,residential,3053347470,357.38,,residential
3841938464,13.8326957,100.6910041,,residential,4,4,True,False,,88.64,91.33,0.9905,True,https://www.openstreetmap.org/node/3841938464,8034727816,74.04,,residential,3841938355,162.67,,residential,3841938461,254.01,,residential,3841938469,343.66,,residential
5887077296,13.9078858,100.7902037,,residential,4,4,True,False,,88.62,91.14,0.9905,True,https://www.openstreetmap.org/node/5887077296,5887077289,90.8,,residential,5887076571,181.38,,residential,5887077299,270.0,,residential,5887077297,359.66,,residential
13472635253,13.8947784,100.6955008,,residential,4,4,True,False,,89.11,90.87,0.9904,True,https://www.openstreetmap.org/node/13472635253,13472635251,77.81,,residential,13475630708,166.92,,residential,13472635259,257.79,,residential,13472635254,346.96,,residential
3834869325,13.860725,100.7169921,,residential,4,4,True,False,,89.09,90.93,0.9904,True,https://www.openstreetmap.org/node/3834869325,3834869324,90.46,,residential,3834869317,179.55,,residential,3834869323,268.74,,residential,3834869337,359.53,,residential
3834869444,13.8664067,100.7104639,,residential,4,4,True,False,,88.62,91.39,0.9904,True,https://www.openstreetmap.org/node/3834869444,3834869447,88.31,,residential,3834869433,178.65,,residential,3834869446,270.04,,residential,3834869462,358.66,,residential
3834869466,13.8675305,100.7195392,ซอย 11,residential,3,3,False,False,,88.86,91.72,0.9904,True,https://www.openstreetmap.org/node/3834869466,8061345580,88.6,ซอย 11,residential,3834869459,178.4,,residential,3834869464,268.01,ซอย 11,residential,3834869472,356.88,,residential
3834868734,13.8567096,100.7138658,,residential,3,3,False,False,,88.94,91.02,0.9903,True,https://www.openstreetmap.org/node/3834868734,3834868741,0.02,,residential,3834868735,90.75,,residential,3834868731,179.69,,residential,8144523503,270.71,,residential
2562521997,13.8676695,100.7200939,เมืองประชา ซอย ๕๔; เมืองประชา ซอย ๕๕,residential,4,4,True,False,,88.87,91.61,0.9902,True,https://www.openstreetmap.org/node/2562521997,2562521998,87.97,เมืองประชา ซอย ๕๔,residential,2562522000,176.84,,residential,2562521996,267.0,เมืองประชา ซอย ๕๕,residential,2562521994,358.61,,residential
3053324351,13.8695312,100.7437436,,residential,4,4,True,False,,88.23,91.18,0.9902,True,https://www.openstreetmap.org/node/3053324351,3053324439,84.3,,residential,3053324341,174.64,,residential,3053324390,265.82,,residential,8185698787,354.06,,residential
3840011353,13.8498125,100.7133947,,residential,4,4,True,False,,88.84,91.14,0.9902,True,https://www.openstreetmap.org/node/3840011353,3840011355,86.8,,residential,3840011343,176.19,,residential,3840011354,267.33,,residential,3840012462,356.17,,residential
3053324360,13.8731165,100.7434945,,residential,4,4,True,False,,88.97,91.35,0.9901,True,https://www.openstreetmap.org/node/3053324360,3053324372,85.79,,residential,8162839773,174.76,,residential,3053322524,265.2,,residential,3053324377,356.55,,residential
3840100074,13.8565698,100.6824542,,residential,4,4,True,False,,88.94,91.5,0.9901,True,https://www.openstreetmap.org/node/3840100074,3840100076,76.37,,residential,3840100066,165.31,,residential,3840100071,255.59,,residential,3840100083,344.86,,residential
3841546192,13.8424113,100.7060186,สุเหร่าคลองหนึ่ง ซอย 9; สุเหร่าคลองหนึ่ง ซอย 9 แยก 1; สุเหร่าคลองหนึ่ง ซอย 9 แยก 2,residential,4,4,True,False,,89.1,90.89,0.9901,True,https://www.openstreetmap.org/node/3841546192,3841546196,81.88,สุเหร่าคลองหนึ่ง ซอย 9 แยก 2,residential,3841546187,170.98,สุเหร่าคลองหนึ่ง ซอย 9,residential,8295400125,261.87,สุเหร่าคลองหนึ่ง ซอย 9 แยก 1,residential,3841546197,350.99,สุเหร่าคลองหนึ่ง ซอย 9,residential
5880882708,13.8849464,100.7302929,,residential,4,4,True,False,,88.96,91.41,0.9901,True,https://www.openstreetmap.org/node/5880882708,5880882726,82.08,,residential,5880882710,172.45,,residential,5880882724,261.4,,residential,5880882705,352.82,,residential
8424633791,13.8981626,100.7118097,,residential,4,4,True,False,,88.79,91.21,0.9901,True,https://www.openstreetmap.org/node/8424633791,8424633790,87.9,,residential,8424633794,176.69,,residential,8424633792,267.26,,residential,8424633788,356.69,,residential
3053324333,13.8699616,100.7459069,,residential,4,4,True,False,,88.98,91.02,0.99,True,https://www.openstreetmap.org/node/3053324333,3053324373,85.7,,residential,3053324414,174.68,,residential,3053324424,265.47,,residential,3053324428,354.69,,residential
3835124944,13.8629483,100.6882728,,residential,4,4,True,False,,88.42,91.26,0.99,True,https://www.openstreetmap.org/node/3835124944,3835124952,21.17,,residential,3835124938,111.7,,residential,3835124933,202.96,,residential,3835124949,291.38,,residential
2562522000,13.8673016,100.7201148,เมืองประชา ซอย ๕๖; เมืองประชา ซอย ๕๗,residential,4,4,True,False,,88.27,91.17,0.9899,True,https://www.openstreetmap.org/node/2562522000,2562522001,88.02,เมืองประชา ซอย ๕๖,residential,2562522003,177.93,,residential,2562521999,268.58,เมืองประชา ซอย ๕๗,residential,2562521997,356.84,,residential
3053347460,13.8656732,100.7118895,ชมนาด 3,residential,4,4,True,False,,89.08,90.91,0.9899,True,https://www.openstreetmap.org/node/3053347460,3053347461,88.66,ชมนาด 3,residential,3053347436,179.57,,residential,3053347477,268.65,ชมนาด 3,residential,3053347086,359.55,,residential
3840099933,13.8504595,100.6860811,,residential,4,4,True,False,,88.56,91.43,0.9899,True,https://www.openstreetmap.org/node/3840099933,3840099939,6.06,,residential,3840099932,95.69,,residential,3840099924,186.07,,residential,3840099934,277.5,,residential
8163776975,13.8294012,100.7486451,ซอย 25; ประชาชนร่วมใจ 7,residential,4,4,True,False,,88.93,91.05,0.9899,True,https://www.openstreetmap.org/node/8163776975,8163776974,55.2,,residential,8178338326,144.45,ประชาชนร่วมใจ 7,residential,8178338324,233.39,ซอย 25,residential,8163776977,324.44,ประชาชนร่วมใจ 7,residential
3053347073,13.8683052,100.7136445,,residential,4,4,True,False,,88.67,91.37,0.9898,True,https://www.openstreetmap.org/node/3053347073,3053347472,89.19,,residential,3053347060,177.86,,residential,3053347078,269.24,,residential,3053347437,358.73,,residential
3840099948,13.8511914,100.6861612,,residential,4,4,True,False,,88.73,91.27,0.9898,True,https://www.openstreetmap.org/node/3840099948,3840099954,6.07,,residential,3840099947,95.5,,residential,3840099939,186.07,,residential,3840099949,277.34,,residential
3053310379,13.8971563,100.7188362,,residential,4,4,True,False,,88.83,91.18,0.9897,True,https://www.openstreetmap.org/node/3053310379,3053310338,86.16,,residential,3053310343,176.84,,residential,3053310376,265.68,,residential,3053310356,356.86,,residential
3053324426,13.8647508,100.7444878,,residential,4,4,True,False,,88.23,91.76,0.9897,True,https://www.openstreetmap.org/node/3053324426,3053324423,84.95,,residential,3053324469,176.71,,residential,3053324418,266.81,,residential,3053324444,356.72,,residential
3053324444,13.8651849,100.7444622,,residential,4,4,True,False,,88.56,91.46,0.9897,True,https://www.openstreetmap.org/node/3053324444,3053324376,85.26,,residential,3053324426,176.72,,residential,3053324459,267.12,,residential,3053324357,356.7,,residential
3840087218,13.8552106,100.6954037,,residential,4,4,True,False,,88.74,91.26,0.9896,True,https://www.openstreetmap.org/node/3840087218,3840087217,90.47,,residential,3840087206,179.86,,residential,3840087216,268.6,,residential,3840087235,359.86,,residential
2562521991,13.8683879,100.7200813,เมืองประชา ซอย ๕๐; เมืองประชา ซอย ๕๑,residential,4,4,True,False,,89.03,91.34,0.9895,True,https://www.openstreetmap.org/node/2562521991,2562521992,88.1,เมืองประชา ซอย ๕๐,residential,2562521994,179.44,,residential,2562521990,268.47,เมืองประชา ซอย ๕๑,residential,2562521988,357.55,,residential
3053310363,13.9008531,100.7186262,,residential,4,4,True,False,,89.03,90.96,0.9895,True,https://www.openstreetmap.org/node/3053310363,3053310334,85.91,,residential,3053310373,176.84,,residential,3053310346,265.87,,residential,3053310335,356.83,,residential
3053324357,13.865628,100.7444359,,residential,4,4,True,False,,88.1,91.5,0.9895,True,https://www.openstreetmap.org/node/3053324357,3053324347,85.2,,residential,3053324444,176.7,,residential,3053324387,267.08,,residential,8177832445,357.1,,residential
3834869450,13.8665387,100.7195685,ซอย 8,residential,3,3,False,False,,88.53,91.89,0.9895,True,https://www.openstreetmap.org/node/3834869450,8061345577,86.53,ซอย 8,residential,3834869443,178.42,,residential,3834869448,268.0,ซอย 8,residential,3834869455,358.0,,residential
3835124883,13.8609736,100.6872448,,residential,4,4,True,False,,88.56,91.4,0.9895,True,https://www.openstreetmap.org/node/3835124883,3835124890,23.12,,residential,3835124881,111.68,,residential,3835124879,201.22,,residential,3835124891,292.62,,residential
3840087401,13.8572605,100.6967475,,residential,4,4,True,False,,88.19,91.25,0.9895,True,https://www.openstreetmap.org/node/3840087401,3840087400,90.64,,residential,3840087387,180.55,,residential,3840087399,268.74,,residential,3840087412,359.39,,residential
3841470040,13.8487595,100.7278017,,residential,4,4,True,False,,88.79,91.21,0.9895,True,https://www.openstreetmap.org/node/3841470040,3841470043,82.02,,residential,3841470037,171.35,,residential,3841470039,260.14,,residential,3841470047,351.35,,residential
3841547699,13.8484461,100.7025201,,residential,4,4,True,False,,88.93,91.07,0.9895,True,https://www.openstreetmap.org/node/3841547699,3841547700,89.31,,residential,3841547690,178.24,,residential,3841547695,267.42,,residential,3841547717,358.24,,residential
3840059000,13.8558838,100.7026774,,residential,4,4,True,False,,88.97,91.9,0.9894,True,https://www.openstreetmap.org/node/3840059000,3840059010,0.17,,residential,3840059001,89.46,,residential,3840058992,179.3,,residential,3840058999,268.27,,residential
8233827902,13.8361699,100.7074582,,residential,4,4,True,False,,88.33,91.66,0.9894,True,https://www.openstreetmap.org/node/8233827902,8140757434,81.59,,residential,8233827901,173.26,,residential,8140757428,261.59,,residential,8233827903,351.36,,residential
10255219351,13.9008835,100.7167931,,residential,4,4,True,False,,88.85,91.92,0.9893,True,https://www.openstreetmap.org/node/10255219351,10255219350,87.33,,residential,13072213726,176.18,,residential,10255219352,265.5,,residential,8323506113,357.42,,residential
3841601573,13.8489479,100.6859069,,residential,4,4,True,False,,89.03,91.86,0.9893,True,https://www.openstreetmap.org/node/3841601573,3840099909,5.0,,residential,3841601569,95.06,,residential,3840099905,186.92,,residential,3841601574,275.95,,residential
8211708100,13.8276855,100.7498968,ประชาชนร่วมใจ 7,residential,4,4,True,False,,88.27,91.74,0.9893,True,https://www.openstreetmap.org/node/8211708100,8211708099,56.72,,residential,5883467506,144.99,ประชาชนร่วมใจ 7,residential,8211708101,235.18,,residential,3843843384,324.98,ประชาชนร่วมใจ 7,residential
3840087198,13.8545811,100.6967539,,residential,4,4,True,False,,88.47,91.54,0.9892,True,https://www.openstreetmap.org/node/3840087198,3840087197,90.02,,residential,3840087188,179.61,,residential,3840087196,268.08,,residential,3840087208,359.62,,residential
3840058977,13.854864,100.7026852,,residential,4,4,True,False,,88.03,90.81,0.9891,True,https://www.openstreetmap.org/node/3840058977,3840058978,89.72,,residential,3840058962,180.53,,residential,3840058976,268.56,,residential,3840058983,359.27,,residential
6521856578,13.8524556,100.7167929,,residential,4,4,True,False,,88.56,91.46,0.9891,True,https://www.openstreetmap.org/node/6521856578,6521878787,86.54,,residential,6521881705,178.0,,residential,6521856579,267.47,,residential,6521881707,357.98,,residential
6521872183,13.8549866,100.7129004,,residential,4,4,True,False,,89.0,90.98,0.9891,True,https://www.openstreetmap.org/node/6521872183,6521872182,88.11,,residential,6521872180,179.09,,residential,6521872181,268.13,,residential,6117202206,359.11,,residential
3053324433,13.8860863,100.7221994,ถนนหทัยราษฎร์,residential; secondary,4,4,True,False,,88.26,91.45,0.989,True,https://www.openstreetmap.org/node/3053324433,3053324448,87.82,,residential,6124182917,178.36,ถนนหทัยราษฎร์,secondary,8073679424,268.11,,residential,5941639349,359.56,ถนนหทัยราษฎร์,secondary
3841863942,13.8347504,100.7313137,ซอยนิมิตใหม่ 9,residential,4,4,True,False,,89.01,90.99,0.989,True,https://www.openstreetmap.org/node/3841863942,3841863944,70.08,ซอยนิมิตใหม่ 9,residential,3841863934,159.09,,residential,3841863939,250.08,ซอยนิมิตใหม่ 9,residential,3841863949,339.09,,residential
5941639258,13.8925541,100.7190224,,residential,4,4,True,False,,88.89,91.12,0.989,True,https://www.openstreetmap.org/node/5941639258,5941639259,89.04,,residential,5941639255,179.89,,residential,5941639257,271.01,,residential,5941639263,359.9,,residential
2373578039,13.8939668,100.7610047,เคซีการ์เด้นโฮม 7,residential,4,4,True,False,,88.0,90.89,0.9889,True,https://www.openstreetmap.org/node/2373578039,2373578040,79.48,เคซีการ์เด้นโฮม 7,residential,2373578034,167.48,เคซีการ์เด้นโฮม 7,residential,2373578038,258.12,เคซีการ์เด้นโฮม 7,residential,5877714059,348.59,เคซีการ์เด้นโฮม 7,residential
3053324355,13.8663833,100.7372241,,residential,4,4,True,False,,88.37,91.04,0.9889,True,https://www.openstreetmap.org/node/3053324355,3053324411,89.75,,residential,3053324440,178.13,,residential,3053324449,269.17,,residential,3053324401,358.8,,residential
4688951083,13.9020651,100.7098424,,residential,4,4,True,False,,88.87,91.12,0.9889,True,https://www.openstreetmap.org/node/4688951083,4688951084,79.89,,residential,4688954690,170.75,,residential,5935976428,259.62,,residential,4688953682,350.74,,residential
6124129504,13.83817,100.7026721,,residential,4,4,True,False,,88.9,91.29,0.9889,True,https://www.openstreetmap.org/node/6124129504,6124129517,53.72,,residential,6124129508,144.43,,residential,6124129509,233.52,,residential,6124129505,322.42,,residential
3835124935,13.8627414,100.6870832,,residential,4,4,True,False,,87.99,91.53,0.9888,True,https://www.openstreetmap.org/node/3835124935,3835124947,20.54,,residential,3835124922,112.06,,residential,3835124925,202.21,,residential,8011646066,290.2,,residential
5883669298,13.8345323,100.7418694,ซอยนิมิตใหม่ 10,residential,4,4,True,False,,88.59,91.52,0.9888,True,https://www.openstreetmap.org/node/5883669298,5883669299,79.45,ซอยนิมิตใหม่ 10,residential,8122808160,168.84,,residential,5883577120,260.36,ซอยนิมิตใหม่ 10,residential,8122808157,350.86,,residential
5886741541,13.9198087,100.7894326,,residential,4,4,True,False,,88.63,91.14,0.9888,True,https://www.openstreetmap.org/node/5886741541,5886741540,0.19,,residential,5886741542,91.07,,residential,5886741528,179.7,,residential,5886741539,269.05,,residential
3834869261,13.8580247,100.7138276,,residential,3,3,False,False,,88.75,91.54,0.9887,True,https://www.openstreetmap.org/node/3834869261,3834869260,88.72,,residential,3834868753,179.22,,residential,8144523510,267.97,,residential,3834869267,359.51,,residential
3834869337,13.8610221,100.7169896,,residential,4,4,True,False,,88.89,91.18,0.9887,True,https://www.openstreetmap.org/node/3834869337,3834869336,90.45,,residential,3834869325,179.53,,residential,3834869335,268.42,,residential,3834869345,359.61,,residential
3840059186,13.8580852,100.7067317,,residential,4,4,True,False,,88.7,91.3,0.9887,True,https://www.openstreetmap.org/node/3840059186,3840059194,0.35,,residential,3840059183,91.64,,residential,3840059168,180.34,,residential,3840059185,269.62,,residential
3840099929,13.8502375,100.6847453,ชัยพฤกษ์ B14,residential,4,4,True,False,,88.34,91.32,0.9887,True,https://www.openstreetmap.org/node/3840099929,3840099936,5.44,,residential,3840099928,96.16,,residential,3840099920,185.78,,residential,3840099930,274.12,ชัยพฤกษ์ B14,residential
5941639252,13.8918563,100.7190278,,residential,4,4,True,False,,88.37,91.21,0.9887,True,https://www.openstreetmap.org/node/5941639252,5941639253,88.84,,residential,5941639249,179.66,,residential,5941639251,270.87,,residential,5941639255,359.23,,residential
2733467951,13.862154,100.6919154,,residential,4,4,True,False,,88.38,91.49,0.9886,True,https://www.openstreetmap.org/node/2733467951,2733467953,78.67,,residential,2733467944,170.16,,residential,2733467949,260.72,,residential,2733467959,349.1,,residential
3834869310,13.8601431,100.7169969,,residential,4,4,True,False,,88.63,91.38,0.9886,True,https://www.openstreetmap.org/node/3834869310,3834869308,90.91,,residential,3834869301,179.54,,residential,3834869307,268.86,,residential,3834869317,359.53,,residential
13472635261,13.8946126,100.6947539,,residential,4,4,True,False,,88.05,91.11,0.9885,True,https://www.openstreetmap.org/node/13472635261,13472635259,76.44,,residential,13475630710,167.39,,residential,13472635248,258.5,,residential,13472635262,346.56,,residential
3840087376,13.8565978,100.6967396,,residential,4,4,True,False,,88.53,92.07,0.9885,True,https://www.openstreetmap.org/node/3840087376,3840087387,0.77,,residential,3840087377,89.3,,residential,3840087369,179.07,,residential,3840087375,268.7,,residential
3840058790,13.8497834,100.7074234,,residential,4,4,True,False,,88.36,91.57,0.9884,True,https://www.openstreetmap.org/node/3840058790,3841547740,87.33,,residential,3840058784,177.85,,residential,3841547739,266.21,,residential,3840058803,357.78,,residential
3845068416,13.8260517,100.7075836,ซอยเจริญพัฒนา 7,residential,4,4,True,False,,88.87,91.51,0.9884,True,https://www.openstreetmap.org/node/3845068416,3845068426,80.69,ซอยเจริญพัฒนา 7,residential,3845068422,172.2,,residential,7956553934,261.24,ซอยเจริญพัฒนา 7,residential,3845068423,351.82,,residential
6117202623,13.8512315,100.7085902,,residential,4,4,True,False,,88.75,91.41,0.9883,True,https://www.openstreetmap.org/node/6117202623,6117202624,88.92,,residential,6117202620,177.67,,residential,6117202622,268.38,,residential,7908343242,357.51,,residential
3840087445,13.8582549,100.696745,,residential,4,4,True,False,,88.69,91.25,0.9881,True,https://www.openstreetmap.org/node/3840087445,3840087446,88.62,,residential,3840087424,179.87,,residential,3840087444,268.56,,residential,3840087460,359.45,,residential
5887077309,13.907878,100.7883731,,residential,4,4,True,False,,88.08,92.13,0.9881,True,https://www.openstreetmap.org/node/5887077309,5887077310,1.27,,residential,5887077307,89.36,,residential,5887076579,179.23,,residential,5887077311,271.37,,residential
3840059180,13.8579059,100.702605,,residential,4,4,True,False,,88.49,91.42,0.988,True,https://www.openstreetmap.org/node/3840059180,3840059178,90.77,,residential,3840059162,179.26,,residential,3840059179,270.0,,residential,3840059190,359.35,,residential
3840087140,13.8525764,100.6986933,ซอยพระยาสุเรนทร์ 34,residential,4,4,True,False,,87.85,92.15,0.988,True,https://www.openstreetmap.org/node/3840087140,3840087142,89.28,ซอยพระยาสุเรนทร์ 34,residential,3840087133,181.43,,residential,3840087139,269.28,ซอยพระยาสุเรนทร์ 34,residential,3840087155,359.28,,residential
5877431364,13.9013086,100.7234078,ซอยหทัยราษฎร์ 34/3ก,residential,4,4,True,False,,88.22,91.14,0.988,True,https://www.openstreetmap.org/node/5877431364,5877431405,78.54,ซอยหทัยราษฎร์ 34/3ก,residential,8323506185,169.55,,residential,8323506133,259.18,ซอยหทัยราษฎร์ 34/3ก,residential,8323506180,347.39,,residential
3835124879,13.8606711,100.6871238,,residential,4,4,True,False,,88.49,91.45,0.9878,True,https://www.openstreetmap.org/node/3835124879,3835124883,21.22,,residential,3835124875,110.54,,residential,3835124871,202.0,,residential,12848165524,290.49,,residential
3840087235,13.8555694,100.6954028,,residential,4,4,True,False,,88.86,91.16,0.9878,True,https://www.openstreetmap.org/node/3840087235,3840087234,90.91,,residential,3840087218,179.86,,residential,3840087233,268.72,,residential,3840087249,359.88,,residential
5887076577,13.9078761,100.78899,,residential,4,4,True,False,,88.52,91.43,0.9878,True,https://www.openstreetmap.org/node/5887076577,5887077303,88.43,,residential,5887076576,179.86,,residential,5887077307,270.62,,residential,5887077306,359.9,,residential
5941639240,13.8904477,100.7190399,,residential,4,4,True,False,,88.81,91.2,0.9878,True,https://www.openstreetmap.org/node/5941639240,5941639241,90.46,,residential,5941639237,179.46,,residential,5941639239,270.66,,residential,5941639243,359.46,,residential
3840059005,13.855967,100.7067289,,residential,4,4,True,False,,88.8,91.2,0.9877,True,https://www.openstreetmap.org/node/3840059005,3840059017,1.0,,residential,3840059003,92.2,,residential,3840058993,181.0,,residential,3840059004,269.99,,residential
3834809015,13.8651677,100.7273356,,residential,4,4,True,False,,88.76,92.22,0.9876,True,https://www.openstreetmap.org/node/3834809015,3834809017,83.79,,residential,3834808993,172.55,,residential,3834809012,264.77,,residential,3834809024,354.48,,residential
3840058941,13.8535807,100.7087144,,residential,4,4,True,False,,88.4,91.71,0.9876,True,https://www.openstreetmap.org/node/3840058941,3840058942,85.39,,residential,3840058936,174.76,,residential,3840058940,263.16,,residential,3840058950,354.87,,residential
3841863950,13.8351148,100.7323489,ซอยนิมิตใหม่ 9,residential,4,4,True,False,,88.86,91.12,0.9876,True,https://www.openstreetmap.org/node/3841863950,3841863953,70.09,ซอยนิมิตใหม่ 9,residential,3841863943,158.95,,residential,3841863948,250.06,ซอยนิมิตใหม่ 9,residential,3841864157,338.97,,residential
8341596599,13.8986657,100.7169308,,residential,4,4,True,False,,88.11,91.27,0.9876,True,https://www.openstreetmap.org/node/8341596599,8341596598,86.94,,residential,8341596605,178.22,,residential,8341596600,266.33,,residential,8341596602,355.98,,residential
3053292424,13.8852556,100.7326349,ซอยนิมิตใหม่ 42,residential,4,4,True,False,,87.76,91.28,0.9875,True,https://www.openstreetmap.org/node/3053292424,3053299151,81.81,ซอยนิมิตใหม่ 42,residential,3053292426,172.79,,residential,8962650221,262.76,,residential,3053299140,354.05,,residential
3840012524,13.8524013,100.7132032,,residential,4,4,True,False,,87.75,91.58,0.9875,True,https://www.openstreetmap.org/node/3840012524,3840012525,87.68,,residential,3840012517,177.98,,residential,3840012522,265.74,,residential,3840012532,357.32,,residential
3840059198,13.8585742,100.7025972,,residential,4,4,True,False,,88.07,91.93,0.9875,True,https://www.openstreetmap.org/node/3840059198,3840059196,91.28,,residential,3840059190,179.35,,residential,3840059197,269.67,,residential,3840059208,359.35,,residential
8424633788,13.8985635,100.7117858,,residential,4,4,True,False,,88.5,91.49,0.9875,True,https://www.openstreetmap.org/node/8424633788,8424633787,88.19,,residential,8424633791,176.69,,residential,8424633789,267.43,,residential,8424633785,356.7,,residential
9708386522,13.9039137,100.6981525,,residential,4,4,True,False,,87.75,90.9,0.9875,True,https://www.openstreetmap.org/node/9708386522,10008675114,54.56,,residential,10008675111,145.44,,residential,10008675113,236.35,,residential,10008675116,326.81,,residential
3053324447,13.8727925,100.7456231,,residential,4,4,True,False,,88.85,91.15,0.9874,True,https://www.openstreetmap.org/node/3053324447,3053324410,85.62,,residential,3053324353,174.48,,residential,3053324350,265.59,,residential,3053324372,354.48,,residential
6117202396,13.8537759,100.7115438,,residential,3,3,False,False,,87.88,92.11,0.9874,True,https://www.openstreetmap.org/node/6117202396,6117202397,84.37,,residential,6117202393,174.52,,residential,11968488071,262.41,,residential,6117202240,354.52,,residential
7908343242,13.8515286,100.7085769,,residential,4,4,True,False,,87.84,92.15,0.9874,True,https://www.openstreetmap.org/node/7908343242,7908343241,87.63,,residential,6117202623,177.51,,residential,7908343243,265.35,,residential,7908343245,357.5,,residential
10052681650,13.8538543,100.707242,ถนนปัญญาอินทรา,residential; tertiary,2,2,False,False,,88.38,92.02,0.9873,True,https://www.openstreetmap.org/node/10052681650,10052681651,89.6,,residential,3840058931,181.63,ถนนปัญญาอินทรา,tertiary,13161347679,270.97,,residential,10052681646,359.35,ถนนปัญญาอินทรา,tertiary
10008675111,13.9036407,100.6983462,,residential,4,4,True,False,,87.72,92.28,0.9872,True,https://www.openstreetmap.org/node/10008675111,10008675112,55.42,,residential,10008675108,147.69,,residential,10008675110,235.42,,residential,9708386522,325.44,,residential
3834808977,13.8646009,100.7232517,,residential,4,4,True,False,,88.54,91.32,0.9871,True,https://www.openstreetmap.org/node/3834808977,3834808978,83.52,,residential,3834808973,172.06,,residential,3834808976,263.38,,residential,3834808995,352.52,,residential
8186556268,13.8523201,100.7720438,,residential,4,4,True,False,,87.98,92.03,0.9871,True,https://www.openstreetmap.org/node/8186556268,8186556273,64.39,,residential,8186556267,152.37,,residential,8186556274,244.4,,residential,8186556269,334.1,,residential
3834973579,13.8677014,100.708778,,residential,4,4,True,False,,87.77,92.24,0.9869,True,https://www.openstreetmap.org/node/3834973579,3834973580,87.05,,residential,3834973570,177.17,,residential,3834973577,264.95,,residential,3834973586,357.18,,residential
3840087460,13.8586005,100.6967416,,residential,4,4,True,False,,88.54,91.54,0.9869,True,https://www.openstreetmap.org/node/3840087460,8086796515,0.1,,residential,3840087461,88.64,,residential,3840087445,179.45,,residential,3840087459,268.56,,residential
3053324353,13.8723557,100.7456666,,residential,4,4,True,False,,88.76,91.23,0.9868,True,https://www.openstreetmap.org/node/3053324353,11221739481,85.71,,residential,8177832441,174.58,,residential,4415609843,265.72,,residential,3053324447,354.48,,residential
3053347060,13.8679722,100.7136573,,residential,4,4,True,False,,88.6,91.77,0.9867,True,https://www.openstreetmap.org/node/3053347060,3053347043,88.48,,residential,3053347114,180.25,,residential,3053347466,269.26,,residential,3053347073,357.86,,residential
3840100041,13.8552013,100.6828237,ซอย 10,residential,4,4,True,False,,88.68,91.33,0.9867,True,https://www.openstreetmap.org/node/3840100041,3840100043,76.64,ซอย 10,residential,3840100030,165.32,,residential,3840100038,256.37,ซอย 10,residential,3840100054,345.31,,residential
350390643,13.841924,100.7131838,ถนนสุเหร่าคลองหนึ่ง; ถนนเจริญพัฒนา,secondary; tertiary,4,4,True,False,,88.46,92.41,0.9866,True,https://www.openstreetmap.org/node/350390643,8201564391,5.31,ถนนเจริญพัฒนา,tertiary,8201071378,94.87,ถนนสุเหร่าคลองหนึ่ง,secondary,6124096991,187.28,ถนนเจริญพัฒนา,tertiary,6124096990,276.85,ถนนสุเหร่าคลองหนึ่ง,secondary
7908343251,13.8524516,100.7085354,,residential,4,4,True,False,,88.29,91.72,0.9866,True,https://www.openstreetmap.org/node/7908343251,7908343250,86.81,,residential,7908343248,177.5,,residential,7908343252,269.22,,residential,6117202157,357.52,,residential
8392623429,13.8655435,100.6930147,,residential,4,4,True,False,,88.77,91.23,0.9866,True,https://www.openstreetmap.org/node/8392623429,8392623428,88.39,,residential,8392623437,177.17,,residential,8392623430,268.34,,residential,8392623432,357.16,,residential
13472635259,13.8946992,100.6951238,,residential,4,4,True,False,,88.53,92.31,0.9865,True,https://www.openstreetmap.org/node/13472635259,13472635253,77.79,,residential,13475630709,166.31,,residential,13472635261,256.44,,residential,13472635260,348.75,,residential
3834869416,13.8648087,100.7104932,ซอย เลียบคลองสอง 19,residential,3,3,False,False,,88.77,91.81,0.9865,True,https://www.openstreetmap.org/node/3834869416,8144706301,89.91,ซอย เลียบคลองสอง 19,residential,8144706294,178.68,,residential,3834869415,270.49,ซอย เลียบคลองสอง 19,residential,3834869433,359.29,,residential
3835124914,13.8620688,100.6879123,,residential,4,4,True,False,,87.57,91.6,0.9865,True,https://www.openstreetmap.org/node/3835124914,3835124922,21.15,,residential,3835124910,111.43,,residential,3835124906,198.99,,residential,12848165525,290.59,,residential
3834869461,13.8672297,100.7100252,,residential,4,4,True,False,,88.08,91.92,0.9864,True,https://www.openstreetmap.org/node/3834869461,3834869462,89.46,,residential,3834869446,178.93,,residential,3834869460,267.01,,residential,3834869475,358.94,,residential
3841928435,13.8306336,100.7043826,,residential,4,4,True,False,,88.78,92.45,0.9864,True,https://www.openstreetmap.org/node/3841928435,3841928450,23.35,,residential,3841928405,115.8,,residential,3841928421,205.06,,residential,3841928451,294.57,,residential
5941639285,13.8872672,100.7168037,,residential,4,4,True,False,,87.99,91.54,0.9863,True,https://www.openstreetmap.org/node/5941639285,5941639159,1.17,,residential,5941639286,89.16,,residential,5941639284,180.7,,residential,5941658271,271.62,,residential
3834869446,13.866407,100.7100415,,residential,4,4,True,False,,88.72,91.28,0.9862,True,https://www.openstreetmap.org/node/3834869446,3834869444,90.04,,residential,3834869431,178.76,,residential,3834869445,269.97,,residential,3834869461,358.76,,residential
3834869263,13.8581203,100.7169987,,residential,4,4,True,False,,88.24,91.76,0.9861,True,https://www.openstreetmap.org/node/3834869263,3834869270,0.46,,residential,3834869262,92.21,,residential,3834869257,180.45,,residential,3834869264,271.19,,residential
3834869275,13.8586972,100.7170034,,residential,4,4,True,False,,88.53,91.47,0.9861,True,https://www.openstreetmap.org/node/3834869275,3834869282,0.45,,residential,3834869273,91.92,,residential,3834869270,180.45,,residential,3834869274,269.42,,residential
5936141599,13.9087297,100.6942618,,residential,3,3,False,False,,87.5,91.49,0.9861,True,https://www.openstreetmap.org/node/5936141599,5936140567,52.46,,residential,5936141601,142.81,,residential,5936141596,230.32,,residential,5936140558,321.8,,residential
3834809012,13.865128,100.7269958,,residential,4,4,True,False,,87.81,92.21,0.986,True,https://www.openstreetmap.org/node/3834809012,3834809015,81.23,,residential,3834808991,173.45,,residential,8336337847,261.25,,residential,3834809026,350.92,,residential
3053324401,13.8667497,100.7372162,,residential,4,4,True,False,,87.9,91.32,0.9859,True,https://www.openstreetmap.org/node/3053324401,3053324416,90.9,,residential,3053324355,178.8,,residential,3053324405,270.02,,residential,8451931633,359.58,,residential
3053347114,13.8676379,100.7136558,,residential,4,4,True,False,,88.1,91.52,0.9859,True,https://www.openstreetmap.org/node/3053347114,3053347060,0.25,,residential,3053347045,88.35,,residential,3053347077,179.87,,residential,3053347122,269.23,,residential
5936141592,13.9082172,100.6935634,,residential,3,3,False,False,,87.65,92.34,0.9859,True,https://www.openstreetmap.org/node/5936141592,5936141596,53.27,,residential,5936141594,143.07,,residential,5936141588,233.28,,residential,5936141591,325.61,,residential
8392856252,13.839238,100.7348958,ซอยนิมิตใหม่ 13/2,residential,3,3,False,False,,88.65,91.37,0.9859,True,https://www.openstreetmap.org/node/8392856252,5883226967,70.66,ซอยนิมิตใหม่ 13/2,residential,8392856251,161.83,,residential,5883226969,250.48,ซอยนิมิตใหม่ 13/2,residential,8392856253,341.85,,residential
3840100066,13.8562339,100.6825449,ซอย 3; ซอย 4,residential,4,4,True,False,,88.11,91.88,0.9858,True,https://www.openstreetmap.org/node/3840100066,3840100068,75.98,ซอย 3,residential,3840100060,165.31,,residential,3840100064,257.2,ซอย 4,residential,3840100074,345.31,,residential
2733467937,13.861451,100.6920439,,residential,4,4,True,False,,87.43,92.1,0.9857,True,https://www.openstreetmap.org/node/2733467937,2733467939,79.77,,residential,2733467931,171.87,,residential,2733467935,259.3,,residential,2733467944,349.71,,residential
3840058784,13.8494443,100.7074365,,residential,4,4,True,False,,87.96,92.34,0.9857,True,https://www.openstreetmap.org/node/3840058784,3841547735,87.32,,residential,3840058780,177.56,,residential,3841547732,265.52,,residential,3840058790,357.85,,residential
5819567007,13.8375338,100.770152,ซอยประชาร่วมใจ 35,residential,4,4,True,False,,88.29,91.82,0.9857,True,https://www.openstreetmap.org/node/5819567007,5819566970,55.34,,residential,8606157435,147.16,ซอยประชาร่วมใจ 35,residential,5817100937,235.46,,residential,5817100950,326.21,ซอยประชาร่วมใจ 35,residential
6061846267,13.9001749,100.7893968,,residential,4,4,True,False,,88.08,91.45,0.9857,True,https://www.openstreetmap.org/node/6061846267,6061845996,0.0,,residential,6061846268,91.13,,residential,8410795433,179.21,,residential,8410795431,270.66,,residential
8359517724,13.914089,100.7030543,,residential,4,4,True,False,,87.86,92.16,0.9857,True,https://www.openstreetmap.org/node/8359517724,8359517723,58.61,,residential,8359517721,150.77,,residential,8359517725,240.33,,residential,8359517743,330.75,,residential
7908280074,13.8541925,100.7071232,ถนนปัญญาอินทรา,residential; tertiary,3,3,False,False,,87.81,91.34,0.9856,True,https://www.openstreetmap.org/node/7908280074,7908280072,0.03,ถนนปัญญาอินทรา,tertiary,7908280073,91.27,,residential,7908343120,179.08,ถนนปัญญาอินทรา,tertiary,8140821558,268.69,,residential
3840012517,13.8520897,100.7132145,,residential,4,4,True,False,,87.49,91.94,0.9855,True,https://www.openstreetmap.org/node/3840012517,3840012518,87.89,,residential,3840012513,178.56,,residential,3840012516,266.04,,residential,3840012524,357.98,,residential
3840058987,13.8551871,100.7067181,,residential,4,4,True,False,,87.37,92.08,0.9854,True,https://www.openstreetmap.org/node/3840058987,3840058993,0.53,,residential,3840058981,92.61,,residential,3840058974,179.97,,residential,3840058986,270.22,,residential
3053324372,13.8732653,100.745576,,residential,4,4,True,False,,88.68,91.33,0.9853,True,https://www.openstreetmap.org/node/3053324372,3053324437,85.8,,residential,3053324447,174.48,,residential,3053324360,265.79,,residential,3053324346,354.47,,residential
8424633797,13.8973609,100.7118635,,residential,4,4,True,False,,88.64,91.35,0.9853,True,https://www.openstreetmap.org/node/8424633797,8424633796,87.04,,residential,8424633806,175.68,,residential,8424633798,267.03,,residential,8424633794,355.75,,residential
3834869296,13.8595687,100.7170016,,residential,4,4,True,False,,88.13,91.85,0.9852,True,https://www.openstreetmap.org/node/3834869296,3834869294,91.39,,residential,3834869289,179.53,,residential,3834869295,268.73,,residential,3834869301,359.55,,residential
5887077315,13.9078936,100.7874839,,residential,4,4,True,False,,88.19,91.42,0.9852,True,https://www.openstreetmap.org/node/5887077315,5887077316,0.29,,residential,5887076582,91.54,,residential,5887076583,180.68,,residential,5887077317,272.1,,residential
8341596615,13.8966975,100.7167404,,residential,4,4,True,False,,88.54,91.47,0.9852,True,https://www.openstreetmap.org/node/8341596615,8341596614,86.91,,residential,8341596612,175.7,,residential,8341596616,267.17,,residential,8341609618,355.71,,residential
3841370425,13.8464266,100.7457338,,residential,4,4,True,False,,88.63,92.65,0.9851,True,https://www.openstreetmap.org/node/3841370425,3841370433,71.89,,residential,3841370411,161.92,,residential,3841370415,250.6,,residential,3841370435,339.24,,residential
10008675108,13.9033524,100.698534,,residential,4,4,True,False,,87.79,91.51,0.985,True,https://www.openstreetmap.org/node/10008675108,10008675109,55.48,,residential,9708386521,146.68,,residential,10008675107,236.19,,residential,10008675111,327.69,,residential
3841370445,13.8475112,100.7453457,,residential,4,4,True,False,,88.59,92.43,0.9849,True,https://www.openstreetmap.org/node/3841370445,6522032825,70.87,,residential,3841370440,163.3,,residential,6522034304,251.89,,residential,3841370449,342.17,,residential
6117202605,13.8493893,100.7086672,,residential,4,4,True,False,,88.63,91.37,0.9849,True,https://www.openstreetmap.org/node/6117202605,6117202606,89.04,,residential,6117202602,177.68,,residential,6117202604,269.04,,residential,6117202608,357.68,,residential
3840087236,13.8555817,100.6967469,,residential,4,4,True,False,,88.18,91.82,0.9848,True,https://www.openstreetmap.org/node/3840087236,3840087238,88.69,,residential,3840087222,179.6,,residential,3840087237,271.43,,residential,3840087245,359.61,,residential
3840099905,13.848596,100.6858629,,residential,4,4,True,False,,87.91,92.63,0.9848,True,https://www.openstreetmap.org/node/3840099905,3841601573,6.92,,residential,6129277269,96.28,,residential,6129277207,184.19,,residential,6129277270,274.29,,residential
3841938304,13.830123,100.6948023,,residential,4,4,True,False,,87.24,91.17,0.9847,True,https://www.openstreetmap.org/node/3841938304,3841938305,60.71,,residential,8034727846,151.63,,residential,3841938302,242.3,,residential,3841938314,333.46,,residential
3053324358,13.8741359,100.7454893,,residential,4,4,True,False,,88.6,91.39,0.9846,True,https://www.openstreetmap.org/node/3053324358,8158361855,85.86,,residential,3053324346,174.48,,residential,8158361857,265.87,,residential,3053324370,354.47,,residential
3834869414,13.8648079,100.7100832,ซอย เลียบคลองสอง 19,residential,3,3,False,False,,87.26,91.44,0.9846,True,https://www.openstreetmap.org/node/3834869414,3834869415,89.78,ซอย เลียบคลองสอง 19,residential,8144706296,177.04,,residential,8144706292,268.37,ซอย เลียบคลองสอง 19,residential,3834869431,358.34,,residential
2733467975,13.8631897,100.6917036,,residential,4,4,True,False,,88.36,92.22,0.9843,True,https://www.openstreetmap.org/node/2733467975,2733467977,78.83,,residential,2733467967,167.65,,residential,2733467973,258.25,,residential,518790295,350.47,,residential
3841863948,13.8349932,100.7320037,ซอยนิมิตใหม่ 9; พนาสนธิ์ 20,residential,4,4,True,False,,87.91,92.11,0.9843,True,https://www.openstreetmap.org/node/3841863948,3841863950,70.06,ซอยนิมิตใหม่ 9,residential,3841863941,157.97,พนาสนธิ์ 20,residential,3841863944,250.08,ซอยนิมิตใหม่ 9,residential,3841863955,339.34,,residential
3841547716,13.8487679,100.7074652,,residential,4,4,True,False,,88.56,91.64,0.9842,True,https://www.openstreetmap.org/node/3841547716,3841547719,88.93,,residential,3841547696,177.49,,residential,3841547715,266.08,,residential,3840058780,357.72,,residential
8129702184,13.8540787,100.6868645,,residential,3,3,False,False,,88.4,92.85,0.9842,True,https://www.openstreetmap.org/node/8129702184,8129702183,4.4,,residential,3840100002,94.16,,residential,8129702185,187.01,,residential,3840100005,275.41,,residential
8186556269,13.8526458,100.7718809,,residential,4,4,True,False,,88.41,91.59,0.9842,True,https://www.openstreetmap.org/node/8186556269,8186556275,65.69,,residential,8186556268,154.1,,residential,8186556276,245.69,,residential,8186556270,334.44,,residential
2562522045,13.8640372,100.7202205,เมืองประชา ซอย 75,residential,4,4,True,False,,87.27,92.77,0.9841,True,https://www.openstreetmap.org/node/2562522045,2562522046,85.35,เมืองประชา ซอย 75,residential,2562521926,178.13,,residential,2562522044,268.0,เมืองประชา ซอย 75,residential,2562522042,358.08,,residential
3053324362,13.8683702,100.7460594,,residential,4,4,True,False,,87.13,92.39,0.9841,True,https://www.openstreetmap.org/node/3053324362,3053324371,84.95,,residential,3053324345,177.34,,residential,3053324454,264.47,,residential,4415580544,354.68,,residential
5936141588,13.9079949,100.6932564,,residential,3,3,False,False,,87.15,92.84,0.9841,True,https://www.openstreetmap.org/node/5936141588,5936141592,53.28,,residential,5936141589,140.43,,residential,5936141585,233.27,,residential,5936141587,323.25,,residential
3835124917,13.8621457,100.6868425,,residential,4,4,True,False,,87.26,92.58,0.984,True,https://www.openstreetmap.org/node/3835124917,3835124925,20.64,,residential,12848165528,113.22,,residential,8011662817,200.48,,residential,3835124920,290.78,,residential
3841370435,13.8467611,100.7456032,,residential,4,4,True,False,,87.49,92.37,0.984,True,https://www.openstreetmap.org/node/3841370435,3841370438,71.75,,residential,3841370425,159.24,,residential,3841370426,249.75,,residential,3841370440,339.38,,residential
5941639271,13.8946748,100.7190444,,residential,4,4,True,False,,87.51,92.15,0.984,True,https://www.openstreetmap.org/node/5941639271,5941639272,1.66,,residential,8341609736,91.27,,residential,5941639268,182.0,,residential,5941639270,269.51,,residential
8336337847,13.8650932,100.7266411,,residential,4,4,True,False,,87.77,91.91,0.984,True,https://www.openstreetmap.org/node/8336337847,3834809012,86.1,,residential,8370357146,173.86,,residential,3834809007,263.21,,residential,8336337846,354.19,,residential
3053324346,13.8737187,100.7455308,,residential,4,4,True,False,,88.54,91.48,0.9838,True,https://www.openstreetmap.org/node/3053324346,3053324462,85.93,,residential,3053324372,174.47,,residential,3053324377,265.95,,residential,3053324358,354.48,,residential
8122808117,13.8360983,100.7351432,ซอยนิมิตใหม่ 9,residential,4,4,True,False,,88.05,91.95,0.9838,True,https://www.openstreetmap.org/node/8122808117,8122808119,70.07,ซอยนิมิตใหม่ 9,residential,8122705706,162.02,,residential,8122705707,250.07,ซอยนิมิตใหม่ 9,residential,8122808118,339.1,,residential
8341596605,13.8983536,100.7169408,,residential,4,4,True,False,,88.3,92.1,0.9838,True,https://www.openstreetmap.org/node/8341596605,8341596604,87.0,,residential,8341596607,177.82,,residential,8341596606,266.12,,residential,8341596599,358.22,,residential
8233827872,13.8347555,100.7089066,,residential,4,4,True,False,,87.81,92.14,0.9836,True,https://www.openstreetmap.org/node/8233827872,346317774,16.97,,residential,8233827871,107.78,,residential,8233827878,197.02,,residential,8233827873,284.83,,residential
5886741535,13.9198082,100.7880915,,residential,4,4,True,False,,88.4,92.98,0.9835,True,https://www.openstreetmap.org/node/5886741535,5886741537,91.08,,residential,5886741533,179.48,,residential,5886741548,268.31,,residential,5886741534,358.1,,residential
3053347095,13.8646517,100.7137596,บุุรีรมย์ 5,residential,4,4,True,False,,87.33,92.03,0.9834,True,https://www.openstreetmap.org/node/3053347095,3053347128,89.24,บุุรีรมย์ 5,residential,3053347105,178.93,,residential,3053347051,269.88,บุุรีรมย์ 5,residential,3053347052,357.21,,residential
5887077303,13.9078845,100.7893052,,residential,4,4,True,False,,87.02,91.25,0.9834,True,https://www.openstreetmap.org/node/5887077303,5887077301,90.27,,residential,5887076575,181.41,,residential,5887076577,268.43,,residential,5887077304,359.68,,residential
5941639261,13.8932597,100.7190245,,residential,4,4,True,False,,87.76,92.21,0.9834,True,https://www.openstreetmap.org/node/5941639261,8341609738,0.37,,residential,8341609740,88.14,,residential,5941639263,180.35,,residential,5941639260,269.6,,residential
3834869433,13.8656335,100.7104826,,residential,4,4,True,False,,88.25,91.9,0.9832,True,https://www.openstreetmap.org/node/3834869433,3834869432,90.55,,residential,3834869416,179.29,,residential,3834869431,267.54,,residential,3834869444,358.65,,residential
3840099916,13.8497251,100.6859892,ชัยพฤกษ์ A 30,residential,4,4,True,False,,87.79,92.06,0.9832,True,https://www.openstreetmap.org/node/3840099916,3840099924,7.76,,residential,3840099914,95.55,,residential,8127836305,187.61,,residential,3840099917,276.8,ชัยพฤกษ์ A 30,residential
3841514891,13.8485475,100.7134479,,residential,4,4,True,False,,87.81,92.3,0.9832,True,https://www.openstreetmap.org/node/3841514891,6117202131,88.07,,residential,3841514888,178.79,,residential,3841514890,266.6,,residential,6521889386,358.89,,residential
8034727856,13.8301106,100.6937018,,residential,4,4,True,False,,87.22,91.66,0.9831,True,https://www.openstreetmap.org/node/8034727856,8034727853,61.51,,residential,8034727855,153.16,,residential,3841938303,242.89,,residential,8034727857,334.28,,residential
3840058797,13.8500449,100.706512,,residential,4,4,True,False,,87.95,93.08,0.9829,True,https://www.openstreetmap.org/node/3840058797,8140767728,86.62,,residential,3840058788,176.53,,residential,3840058795,264.48,,residential,3840058817,357.56,,residential
3841864158,13.8354837,100.733397,ซอยนิมิตใหม่ 9,residential,4,4,True,False,,88.45,91.56,0.9828,True,https://www.openstreetmap.org/node/3841864158,3841864162,70.08,ซอยนิมิตใหม่ 9,residential,8169959645,158.53,,residential,3841863956,250.07,ซอยนิมิตใหม่ 9,residential,3841864164,338.52,,residential
5880882724,13.8848261,100.7294731,,residential,4,4,True,False,,87.09,91.75,0.9828,True,https://www.openstreetmap.org/node/5880882724,5880882708,81.4,,residential,8333306141,173.15,,residential,5880882162,262.98,,residential,5880882716,354.32,,residential
8341596592,13.8996187,100.7168727,,residential,4,4,True,False,,88.34,92.61,0.9828,True,https://www.openstreetmap.org/node/8341596592,8341596591,88.8,,residential,8341596589,177.14,,residential,8341596593,265.7,,residential,8341596595,356.19,,residential
6117202599,13.848763,100.7086934,,residential,4,4,True,False,,88.4,91.6,0.9825,True,https://www.openstreetmap.org/node/6117202599,6117202600,89.23,,residential,6117202433,177.62,,residential,6117202598,269.22,,residential,6117202602,357.67,,residential
10259176698,13.9043914,100.6895713,,residential,4,4,True,False,,88.19,91.81,0.9824,True,https://www.openstreetmap.org/node/10259176698,10259176688,46.05,,residential,10259176701,137.86,,residential,10259176693,226.05,,residential,10259176687,317.41,,residential
3834973586,13.8681574,100.7087549,,residential,4,4,True,False,,88.05,91.94,0.9824,True,https://www.openstreetmap.org/node/3834973586,3834973587,85.96,,residential,3834973579,177.18,,residential,3834973584,265.24,,residential,3834973593,357.18,,residential
3835124933,13.8626682,100.6881483,,residential,4,4,True,False,,87.45,93.03,0.9824,True,https://www.openstreetmap.org/node/3835124933,3835124944,23.86,,residential,3835124927,113.24,,residential,3835124922,200.69,,residential,12848165529,290.84,,residential
3840058781,13.8493381,100.7065511,,residential,4,4,True,False,,87.28,92.3,0.9824,True,https://www.openstreetmap.org/node/3840058781,3841547730,86.89,,residential,3841547721,177.75,,residential,3841547728,265.03,,residential,3840058788,357.33,,residential
3840087188,13.854242,100.6967563,,residential,4,4,True,False,,87.25,92.75,0.9824,True,https://www.openstreetmap.org/node/3840087188,3840087187,90.02,,residential,3840087173,179.61,,residential,3840087186,266.86,,residential,3840087198,359.61,,residential
8341609618,13.8970353,100.7167143,,residential,4,4,True,False,,87.73,92.29,0.9824,True,https://www.openstreetmap.org/node/8341609618,8341609617,87.98,,residential,8341596615,175.71,,residential,8341609619,266.59,,residential,8609373653,355.7,,residential
353332190,13.8366769,100.6944468,,residential,4,4,True,False,,88.17,93.18,0.9823,True,https://www.openstreetmap.org/node/353332190,353332192,65.55,,residential,353332052,158.73,,residential,353332187,246.91,,residential,353332266,336.23,,residential
3841601566,13.8486869,100.6849309,,residential,4,4,True,False,,88.04,91.91,0.9823,True,https://www.openstreetmap.org/node/3841601566,3841601576,8.61,,residential,3841601565,97.38,,residential,3840099902,188.66,,residential,3841601567,276.71,,residential
2558439623,13.8761293,100.7086219,ถนนปัญญาอินทรา,residential,2,2,False,False,,86.73,91.78,0.9819,True,https://www.openstreetmap.org/node/2558439623,8061517983,1.77,ถนนปัญญาอินทรา,residential,5277015162,88.51,,residential,8061465720,180.29,ถนนปัญญาอินทรา,residential,8061517973,270.72,,residential
3834808978,13.8646445,100.7236471,,residential,4,4,True,False,,86.89,93.1,0.9819,True,https://www.openstreetmap.org/node/3834808978,3834808984,83.53,,residential,3834808974,170.42,,residential,3834808977,263.52,,residential,3834808999,353.37,,residential
3840087206,13.8548649,100.6954046,,residential,4,4,True,False,,87.9,92.11,0.9818,True,https://www.openstreetmap.org/node/3840087206,3840087204,91.96,,residential,3840087194,179.86,,residential,3840087205,268.68,,residential,3840087218,359.86,,residential
3053347436,13.8653272,100.7118922,ชมนาด 2,residential,4,4,True,False,,87.32,92.69,0.9817,True,https://www.openstreetmap.org/node/3053347436,3053347453,88.94,ชมนาด 2,residential,3053347083,181.63,,residential,3053347445,268.96,ชมนาด 2,residential,3053347460,359.57,,residential
3840087249,13.8559282,100.695402,,residential,4,4,True,False,,88.17,92.77,0.9817,True,https://www.openstreetmap.org/node/3840087249,3840087248,91.35,,residential,3840087235,179.88,,residential,3840087247,268.05,,residential,3840087367,358.58,,residential
3053347474,13.8656987,100.7136964,,residential,4,4,True,False,,88.19,93.31,0.9816,True,https://www.openstreetmap.org/node/3053347474,3053347079,88.88,,residential,3053347131,177.07,,residential,3053347111,270.38,,residential,3053347104,359.38,,residential
3834869497,13.8691135,100.7187263,ซอย 17; ซอย 18,residential,4,4,True,False,,87.43,92.29,0.9815,True,https://www.openstreetmap.org/node/3834869497,12715071103,89.08,ซอย 18,residential,3834869488,176.51,,residential,3834869496,268.8,ซอย 17,residential,3834869501,358.04,,residential
6521889386,13.8488644,100.7134416,,residential,4,4,True,False,,87.48,92.53,0.9815,True,https://www.openstreetmap.org/node/6521889386,7908280065,86.37,,residential,3841514891,178.89,,residential,6521889385,268.08,,residential,3840011330,358.89,,residential
3834869504,13.8696456,100.7099847,,residential,4,4,True,False,,87.94,92.05,0.9813,True,https://www.openstreetmap.org/node/3834869504,3834869506,87.39,,residential,3834869491,179.44,,residential,3834869503,268.13,,residential,3834869522,359.45,,residential
3840087387,13.8569293,100.6967442,,residential,4,4,True,False,,87.84,91.94,0.9812,True,https://www.openstreetmap.org/node/3840087387,3840087401,0.55,,residential,3840087388,89.33,,residential,3840087376,180.77,,residential,3840087386,268.61,,residential
6117202312,13.8462911,100.7118262,,residential,4,4,True,False,,87.78,92.12,0.9811,True,https://www.openstreetmap.org/node/6117202312,8201008337,87.27,,residential,6117202307,176.1,,residential,6117202313,267.37,,residential,6117202316,355.15,,residential
3053324350,13.8726354,100.7435256,,residential,4,4,True,False,,87.17,92.78,0.981,True,https://www.openstreetmap.org/node/3053324350,3053324447,85.59,,residential,4415609843,175.0,,residential,3053324340,265.64,,residential,8162839771,358.42,,residential
3724906679,13.8836843,100.7203669,,residential,4,4,True,False,,87.2,92.44,0.981,True,https://www.openstreetmap.org/node/3724906679,3053301916,91.0,,residential,3053303649,178.19,,residential,3053301923,269.17,,residential,3053303655,358.56,,residential
3834973614,13.869081,100.7087214,,residential,4,4,True,False,,86.99,91.84,0.981,True,https://www.openstreetmap.org/node/3834973614,3834973615,86.65,,residential,3834973593,178.5,,residential,3834973607,265.48,,residential,3834973634,355.07,,residential
3835124925,13.8624473,100.6869595,,residential,4,4,True,False,,86.58,91.84,0.981,True,https://www.openstreetmap.org/node/3835124925,3835124935,22.21,,residential,12848165526,114.06,,residential,3835124917,200.64,,residential,3835124929,292.03,,residential
3834809017,13.8652087,100.7276872,,residential,4,4,True,False,,88.24,91.99,0.9809,True,https://www.openstreetmap.org/node/3834809017,3834809019,82.84,,residential,3834808998,174.29,,residential,3834809015,262.61,,residential,3834809027,354.6,,residential
8323506116,13.9015125,100.716756,,residential,4,4,True,False,,87.2,91.81,0.9809,True,https://www.openstreetmap.org/node/8323506116,8323506115,88.28,,residential,8323506113,175.48,,residential,8323506117,267.29,,residential,8323506123,356.66,,residential
8410795431,13.9001913,100.7879292,,residential,4,4,True,False,,87.44,93.44,0.9809,True,https://www.openstreetmap.org/node/8410795431,8410795430,0.86,,residential,6061846267,90.66,,residential,8246613833,178.1,,residential,8630735175,271.55,,residential
5372934288,13.8476571,100.7164695,,residential,4,4,True,False,,87.05,92.87,0.9808,True,https://www.openstreetmap.org/node/5372934288,5372934287,87.68,,residential,5372934284,177.18,,residential,5372934289,264.23,,residential,5372934285,357.1,,residential
6124183131,13.8757045,100.7137714,,residential,4,4,True,False,,88.13,91.93,0.9808,True,https://www.openstreetmap.org/node/6124183131,6124182900,86.96,,residential,6124183130,178.48,,residential,6124182902,266.61,,residential,6124182953,358.55,,residential
5936140576,13.9070388,100.6919365,,residential,3,3,False,False,,87.88,92.12,0.9807,True,https://www.openstreetmap.org/node/5936140576,5936140579,53.27,,residential,5936140577,141.16,,residential,5936140573,233.27,,residential,5936140575,324.63,,residential
13072213726,13.9005696,100.7168147,,residential,4,4,True,False,,87.42,93.53,0.9804,True,https://www.openstreetmap.org/node/13072213726,13072213725,89.71,,residential,13072213729,177.13,,residential,13072213724,266.85,,residential,10255219351,356.18,,residential
3053322529,13.8671979,100.7461717,,residential,4,4,True,False,,88.07,92.17,0.9804,True,https://www.openstreetmap.org/node/3053322529,11096419075,82.52,,residential,3053324458,174.69,,residential,8157887995,266.04,,residential,3053324385,354.45,,residential
3840059017,13.8563603,100.706736,,residential,4,4,True,False,,86.48,91.91,0.9804,True,https://www.openstreetmap.org/node/3840059017,3840059016,90.98,,residential,3840059005,181.0,,residential,3840059014,267.48,,residential,3840059029,359.39,,residential
4688954690,13.9016592,100.7099105,,residential,3,4,False,False,,87.77,92.17,0.9804,True,https://www.openstreetmap.org/node/4688954690,5935976435,78.52,,residential,5935976432,170.69,,residential,5935976438,259.39,,residential,4688951083,350.75,,residential
3840058788,13.8496879,100.7065343,,residential,4,4,True,False,,87.29,91.91,0.9803,True,https://www.openstreetmap.org/node/3840058788,3841547738,88.16,,residential,3840058781,177.33,,residential,3841547736,264.62,,residential,3840058797,356.53,,residential
3840059214,13.8592048,100.7067386,,residential,4,4,True,False,,87.75,92.25,0.9803,True,https://www.openstreetmap.org/node/3840059214,3840059227,0.34,,residential,3840059213,92.6,,residential,3840059204,180.34,,residential,3840059211,269.05,,residential
6128822542,13.8324563,100.6967923,,residential,4,4,True,False,,87.57,92.42,0.9803,True,https://www.openstreetmap.org/node/6128822542,8034649966,87.92,,residential,6128822531,176.8,,residential,6128822507,264.37,,residential,6128822505,356.79,,residential
8236987907,13.8270547,100.7503565,ประชาชนร่วมใจ 7,residential,4,4,True,False,,87.96,92.06,0.9802,True,https://www.openstreetmap.org/node/8236987907,8236987906,56.61,,residential,3843843361,144.57,ประชาชนร่วมใจ 7,residential,11198956776,233.06,,residential,8217983592,324.55,ประชาชนร่วมใจ 7,residential
3834869506,13.8696633,100.7103853,,residential,4,4,True,False,,87.69,92.1,0.9801,True,https://www.openstreetmap.org/node/3834869506,3834869505,90.97,,residential,3834869492,178.66,,residential,3834869504,267.39,,residential,3834869523,358.88,,residential
3840058864,13.8512583,100.7077625,,residential,4,4,True,False,,88.13,91.87,0.9801,True,https://www.openstreetmap.org/node/3840058864,3840058865,87.62,,residential,3840058849,179.49,,residential,3840058863,267.78,,residential,3840058880,359.49,,residential
8144706295,13.8647524,100.7104314,ซอย เลียบคลองสอง 19; มโนรมย์ 4 ซอย 6,residential,3,3,False,False,,87.03,92.68,0.9801,True,https://www.openstreetmap.org/node/8144706295,3834869415,1.57,มโนรมย์ 4 ซอย 6,residential,8144706294,88.6,ซอย เลียบคลองสอง 19,residential,8144706290,179.5,มโนรมย์ 4 ซอย 6,residential,8144706296,268.89,ซอย เลียบคลองสอง 19,residential
3840100067,13.8562368,100.6884525,ซอยคู้บอน 48,residential,4,4,True,False,,88.0,93.11,0.98,True,https://www.openstreetmap.org/node/3840100067,3840100069,76.1,,residential,3840100061,164.11,ซอยคู้บอน 48,residential,3840100065,257.22,,residential,3840100073,345.62,ซอยคู้บอน 48,residential
3834869257,13.8578256,100.7169963,,residential,4,4,True,False,,87.84,92.24,0.9799,True,https://www.openstreetmap.org/node/3834869257,3834869263,0.45,,residential,3834868756,92.69,,residential,3834868749,180.53,,residential,10993718440,271.9,,residential
3840058958,13.8542786,100.7086432,,residential,4,4,True,False,,87.14,92.36,0.9799,True,https://www.openstreetmap.org/node/3840058958,3840058959,81.47,,residential,3840058950,173.83,,residential,3840058957,265.09,,residential,3840058970,352.23,,residential
3840059004,13.8559669,100.7060071,,residential,4,4,True,False,,88.24,93.64,0.9798,True,https://www.openstreetmap.org/node/3840059004,3840059014,1.75,,residential,3840059005,89.99,,residential,3840058995,179.83,,residential,3840059002,268.11,,residential
5936140582,13.9075159,100.6925952,,residential,3,3,False,False,,86.44,93.57,0.9798,True,https://www.openstreetmap.org/node/5936140582,5936141585,53.26,,residential,5936140583,139.7,,residential,5936140579,233.27,,residential,5936140581,323.33,,residential
6521855227,13.8467283,100.7093559,,residential,4,4,True,False,,87.85,92.23,0.9798,True,https://www.openstreetmap.org/node/6521855227,6521855228,86.51,,residential,3843224229,177.9,,residential,6117202409,265.75,,residential,6117202158,357.98,,residential
8061465706,13.8741723,100.7084553,ถนนปัญญาอินทรา,residential,2,2,False,False,,86.44,93.15,0.9798,True,https://www.openstreetmap.org/node/8061465706,6124183103,4.19,ถนนปัญญาอินทรา,residential,8061465707,90.63,,residential,7990396136,180.55,ถนนปัญญาอินทรา,residential,8061465710,271.04,,residential
8122705713,13.8358555,100.7344533,ซอยนิมิตใหม่ 9,residential,4,4,True,False,,86.44,93.55,0.9798,True,https://www.openstreetmap.org/node/8122705713,8122705707,70.09,ซอยนิมิตใหม่ 9,residential,8122705709,163.64,,residential,8122705711,250.08,ซอยนิมิตใหม่ 9,residential,8122705714,340.17,,residential
3053324385,13.8675904,100.7461324,,residential,4,4,True,False,,86.35,92.06,0.9797,True,https://www.openstreetmap.org/node/3053324385,3053324375,82.39,,residential,3053322529,174.45,,residential,3053324381,265.95,,residential,3053324345,352.29,,residential
3840087115,13.8512467,100.6934313,ซอยพระยาสุเรนทร์ 33,residential,3,3,False,False,,87.01,93.22,0.9797,True,https://www.openstreetmap.org/node/3840087115,8086897635,66.34,ซอยพระยาสุเรนทร์ 33,residential,3840087108,155.67,,residential,2374444281,246.1,ซอยพระยาสุเรนทร์ 33,residential,8236488055,333.11,,residential
8034727853,13.8302479,100.6939623,,residential,4,4,True,False,,87.99,91.93,0.9797,True,https://www.openstreetmap.org/node/8034727853,3841938310,61.8,,residential,8034727852,153.52,,residential,8034727856,241.51,,residential,8034727854,333.43,,residential
8169704178,13.83004,100.725655,,residential,3,3,False,False,,86.87,93.13,0.9794,True,https://www.openstreetmap.org/node/8169704178,3841884015,90.07,,residential,8169704177,179.49,,residential,6521933561,270.07,,residential,8169704179,356.94,,residential
2562522060,13.8786085,100.7205258,ซอย ๔,residential,4,4,True,False,,87.97,93.08,0.9792,True,https://www.openstreetmap.org/node/2562522060,2562522061,90.7,ซอย ๔,residential,2562522057,178.98,,residential,2562522059,269.65,,residential,2562521916,357.61,,residential
3053324406,13.8704305,100.7436909,,residential,4,4,True,False,,86.95,93.08,0.9792,True,https://www.openstreetmap.org/node/3053324406,3053324470,85.35,,residential,3053324425,178.43,,residential,3053324384,265.38,,residential,3053324399,356.05,,residential
3053324428,13.8703594,100.7458688,,residential,4,4,True,False,,88.11,91.9,0.9792,True,https://www.openstreetmap.org/node/3053324428,3053324354,86.58,,residential,3053324333,174.69,,residential,3053324368,266.53,,residential,3053324382,354.68,,residential
3834869429,13.8655437,100.7196041,ซอย 5,residential,3,3,False,False,,86.66,93.11,0.979,True,https://www.openstreetmap.org/node/3834869429,8061345576,90.9,ซอย 5,residential,3834869426,177.56,,residential,3834869427,268.23,ซอย 5,residential,3834869437,357.78,,residential
8424645145,13.8957981,100.7143955,ถนนไทยรามัญ,residential; tertiary,4,4,True,False,,86.79,92.56,0.979,True,https://www.openstreetmap.org/node/8424645145,5935920708,82.4,ถนนไทยรามัญ,tertiary,8424645144,174.96,,residential,8424645153,261.76,ถนนไทยรามัญ,tertiary,8424645148,352.97,,residential
5936140579,13.9072817,100.6922719,,residential,3,3,False,False,,87.34,92.67,0.9788,True,https://www.openstreetmap.org/node/5936140579,5936140582,53.27,,residential,5936140580,140.6,,residential,5936140576,233.27,,residential,5936140578,322.11,,residential
10259176701,13.9040942,100.6898483,,residential,4,4,True,False,,87.26,92.49,0.9787,True,https://www.openstreetmap.org/node/10259176701,10259176702,45.13,,residential,10259176699,136.48,,residential,10259176700,225.38,,residential,10259176698,317.86,,residential
8122705707,13.8359744,100.7347913,ซอยนิมิตใหม่ 9,residential,4,4,True,False,,87.83,92.19,0.9787,True,https://www.openstreetmap.org/node/8122705707,8122808117,70.07,ซอยนิมิตใหม่ 9,residential,8122705708,157.9,,residential,8122705713,250.09,ซอยนิมิตใหม่ 9,residential,11160261271,341.73,,residential
3840100054,13.8555568,100.6827277,ซอย 7; ซอย 8,residential,4,4,True,False,,87.36,92.63,0.9786,True,https://www.openstreetmap.org/node/3840100054,3840100056,77.94,ซอย 7,residential,3840100041,165.31,,residential,3840100051,256.53,ซอย 8,residential,3840100060,345.31,,residential
6061839246,13.9171249,100.7812114,ซอยไมตรีจิต 38; ถนนไมตรีจิต,residential; tertiary,3,3,False,False,,86.14,93.07,0.9786,True,https://www.openstreetmap.org/node/6061839246,13208402689,89.85,ซอยไมตรีจิต 38,residential,6061846150,180.57,ถนนไมตรีจิต,tertiary,8250978794,266.71,ซอยไมตรีจิต 38,residential,12787768985,359.77,ถนนไมตรีจิต,tertiary
3834869270,13.8584001,100.717001,,residential,4,4,True,False,,86.2,93.79,0.9783,True,https://www.openstreetmap.org/node/3834869270,3834869275,0.45,,residential,3834869268,90.34,,residential,3834869263,180.46,,residential,3834869271,274.25,,residential
3841370440,13.8470886,100.7454763,,residential,4,4,True,False,,87.1,93.14,0.9782,True,https://www.openstreetmap.org/node/3841370440,3841370442,72.29,,residential,3841370435,159.38,,residential,3841370436,250.15,,residential,3841370445,343.3,,residential
5936141594,13.9081618,100.6936063,,residential,3,3,False,False,,86.47,93.55,0.9781,True,https://www.openstreetmap.org/node/5936141594,5936141597,53.46,,residential,5936141593,147.01,,residential,5936141589,233.48,,residential,5936141592,323.07,,residential
353332325,13.8384406,100.693639,,residential,4,4,True,False,,88.17,93.97,0.978,True,https://www.openstreetmap.org/node/353332325,353332326,66.75,,residential,353332266,155.86,,residential,353332324,244.02,,residential,8302044135,337.99,,residential
6117202316,13.8466296,100.7117966,,residential,4,4,True,False,,87.3,92.73,0.978,True,https://www.openstreetmap.org/node/6117202316,6521855225,87.85,,residential,6117202312,175.15,,residential,6117202317,267.87,,residential,6117202318,356.62,,residential
8236488055,13.8513007,100.6934031,ซอยพระยาสุเรนทร์ 33,residential,3,3,False,False,,86.63,93.35,0.9776,True,https://www.openstreetmap.org/node/8236488055,8236488108,66.48,ซอยพระยาสุเรนทร์ 33,residential,3840087115,153.11,,residential,2374444281,246.46,ซอยพระยาสุเรนทร์ 33,residential,8919312488,335.79,,residential
353332588,13.8345966,100.6943075,Phraya Suren Alley 25,residential,4,4,True,False,,87.34,92.38,0.9775,True,https://www.openstreetmap.org/node/353332588,353334095,74.14,Phraya Suren Alley 25,residential,353335267,161.49,,residential,353335271,253.15,Phraya Suren Alley 25,residential,353335087,341.76,,residential
6521877721,13.8509607,100.7154568,,residential,4,4,True,False,,87.38,92.64,0.9775,True,https://www.openstreetmap.org/node/6521877721,6521877720,85.68,,residential,6521877724,177.09,,residential,6521877719,264.47,,residential,6521877717,357.1,,residential
5936141589,13.9079424,100.6933011,,residential,3,3,False,False,,86.86,93.05,0.9774,True,https://www.openstreetmap.org/node/5936141589,5936141594,53.48,,residential,5936141590,144.5,,residential,5936141586,233.57,,residential,5936141588,320.43,,residential
3053303649,13.8833085,100.7203791,,residential,4,4,True,False,,87.36,92.66,0.9773,True,https://www.openstreetmap.org/node/3053303649,3053303673,89.62,,residential,3053303633,178.17,,residential,3053303634,270.83,,residential,3724906679,358.19,,residential
3053324341,13.869084,100.7437868,,residential,4,4,True,False,,87.51,93.9,0.9773,True,https://www.openstreetmap.org/node/3053324341,3053324404,88.54,,residential,3053324464,176.05,,residential,3053324348,266.23,,residential,3053324351,354.64,,residential
3834869282,13.8589918,100.7170058,,residential,4,4,True,False,,87.45,92.52,0.9772,True,https://www.openstreetmap.org/node/3834869282,3834869289,0.48,,residential,3834869280,93.0,,residential,3834869275,180.45,,residential,3834869281,268.89,,residential
3841938319,13.8308369,100.694884,ซอย 2 มั่งมีศรีสุข,residential,4,4,True,False,,87.01,93.0,0.9771,True,https://www.openstreetmap.org/node/3841938319,3841938322,64.0,,residential,3841938305,155.12,ซอย 2 มั่งมีศรีสุข,residential,3841938314,243.99,,residential,3841938328,336.99,ซอย 2 มั่งมีศรีสุข,residential
8073688613,13.8861617,100.7176614,,residential,3,3,False,False,,86.52,93.67,0.9771,True,https://www.openstreetmap.org/node/8073688613,8073688614,0.31,,residential,2733169199,90.77,,residential,8073688612,180.12,,residential,2733169198,273.79,,residential
3053299151,13.8855071,100.734435,ซอยนิมิตใหม่ 42,residential,4,4,True,False,,87.69,92.42,0.977,True,https://www.openstreetmap.org/node/3053299151,3053299150,81.7,ซอยนิมิตใหม่ 42,residential,3053292426,174.12,,residential,3053292424,261.81,ซอยนิมิตใหม่ 42,residential,3053299140,353.52,,residential
6521880357,13.8523589,100.7153838,,residential,4,4,True,False,,87.47,92.54,0.9767,True,https://www.openstreetmap.org/node/6521880357,6521880356,85.44,,residential,6521880355,177.1,,residential,6521880350,264.57,,residential,6521880359,357.1,,residential
8178338326,13.8291301,100.7488446,ประชาชนร่วมใจ 7,residential,4,4,True,False,,87.12,92.85,0.9764,True,https://www.openstreetmap.org/node/8178338326,8178338325,57.3,,residential,8178338322,144.42,ประชาชนร่วมใจ 7,residential,8178338327,235.82,,residential,8163776975,324.45,ประชาชนร่วมใจ 7,residential
8396733934,13.9158434,100.6956528,ซอยหนองระแหง 4 แยก 2,residential,4,4,True,False,,86.84,93.19,0.9764,True,https://www.openstreetmap.org/node/8396733934,8406855812,70.86,,residential,5933345815,157.69,ซอยหนองระแหง 4 แยก 2,residential,8396733935,246.6,,residential,8396733947,337.67,ซอยหนองระแหง 4 แยก 2,residential
8061517983,13.8762045,100.7086243,ถนนปัญญาอินทรา,residential,2,2,False,False,,87.2,92.88,0.9763,True,https://www.openstreetmap.org/node/8061517983,8061517978,0.36,ถนนปัญญาอินทรา,residential,5277015162,88.9,,residential,2558439623,181.77,ถนนปัญญาอินทรา,residential,6124183057,268.98,,residential
3841928379,13.8295991,100.7063419,,residential,4,4,True,False,,87.05,93.18,0.9759,True,https://www.openstreetmap.org/node/3841928379,3841928382,86.63,,residential,3841928362,175.24,,residential,3841928393,268.43,,residential,3841928405,359.58,,residential
6521877715,13.8516529,100.7154207,,residential,4,4,True,False,,87.45,92.54,0.9757,True,https://www.openstreetmap.org/node/6521877715,6521877714,85.27,,residential,6521877717,177.1,,residential,6521877713,264.55,,residential,6521880355,357.09,,residential
7908343112,13.8529283,100.7048803,ถนนปัญญาอินทรา,residential; tertiary,2,3,False,False,,87.3,94.4,0.9756,True,https://www.openstreetmap.org/node/7908343112,7908343113,84.18,ถนนปัญญาอินทรา,tertiary,6117202150,171.49,,residential,8140770189,265.88,ถนนปัญญาอินทรา,tertiary,6117202151,355.19,,residential
3835124972,13.8637119,100.687186,,residential,4,4,True,False,,87.26,92.76,0.9754,True,https://www.openstreetmap.org/node/3835124972,3835124978,18.86,,residential,3835124968,106.12,,residential,3835124959,197.79,,residential,3835124977,286.1,,residential
3840058880,13.8516072,100.7077593,,residential,4,4,True,False,,86.7,93.28,0.9754,True,https://www.openstreetmap.org/node/3840058880,3840058881,86.21,,residential,3840058864,179.49,,residential,3840058878,268.35,,residential,3840058892,359.51,,residential
4082557251,13.896474,100.6959751,ซอยปานเถื่อน 1; ถนนไทยรามัญ,residential; tertiary,4,4,True,False,,87.61,94.43,0.9754,True,https://www.openstreetmap.org/node/4082557251,6131343503,74.95,ซอยปานเถื่อน 1,residential,3673190579,164.03,ถนนไทยรามัญ,tertiary,4082557254,258.46,ซอยปานเถื่อน 1,residential,4082557252,346.07,ถนนไทยรามัญ,tertiary
3053347104,13.8660224,100.7136928,บุุรีรมย์ 9,residential,4,4,True,False,,85.52,93.01,0.9751,True,https://www.openstreetmap.org/node/3053347104,3053347089,87.93,บุุรีรมย์ 9,residential,3053347474,179.38,,residential,3053347102,269.41,บุุรีรมย์ 9,residential,3053347057,354.92,,residential
6124182902,13.875569,100.7115728,,residential,4,4,True,False,,86.58,93.37,0.9747,True,https://www.openstreetmap.org/node/6124182902,6124183131,85.79,,residential,6124182987,179.16,,residential,6124182903,265.74,,residential,6124182952,354.6,,residential
3834869289,13.8592741,100.7170041,,residential,4,4,True,False,,86.52,93.5,0.9743,True,https://www.openstreetmap.org/node/3834869289,3834869288,93.03,,residential,3834869282,179.55,,residential,3834869290,270.68,,residential,3834869296,359.53,,residential
3840100060,13.8558916,100.6826373,,residential,4,4,True,False,,87.62,92.38,0.9743,True,https://www.openstreetmap.org/node/3840100060,3840100062,77.69,,residential,3840100054,165.31,,residential,3840100058,257.55,,residential,3840100066,345.31,,residential
8217983592,13.8272619,100.7502046,ประชาชนร่วมใจ 7,residential,4,4,True,False,,87.38,92.6,0.9743,True,https://www.openstreetmap.org/node/8217983592,8217983591,57.18,,residential,8236987907,144.55,ประชาชนร่วมใจ 7,residential,11198956777,232.55,,residential,5883467506,324.57,ประชาชนร่วมใจ 7,residential
6117202137,13.8478295,100.7087586,,residential,4,4,True,False,,86.36,93.82,0.9742,True,https://www.openstreetmap.org/node/6117202137,6117202126,0.36,,residential,6117202585,89.37,,residential,6117202135,183.18,,residential,6117202138,269.54,,residential
3840100022,13.8545984,100.6845073,40 แยก 2; ซอยคู้บอน 40,residential,4,4,True,False,,87.03,92.97,0.974,True,https://www.openstreetmap.org/node/3840100022,8011567670,81.17,,residential,6129277242,172.87,40 แยก 2,residential,6129277193,259.9,,residential,3840100036,348.2,ซอยคู้บอน 40,residential
3841546254,13.8458741,100.7077441,,residential,4,4,True,False,,87.07,92.55,0.974,True,https://www.openstreetmap.org/node/3841546254,3841546255,85.3,,residential,3841546251,177.85,,residential,3841546253,264.92,,residential,3841547657,357.05,,residential
3835124880,13.8607298,100.686109,,residential,4,4,True,False,,87.55,92.86,0.9738,True,https://www.openstreetmap.org/node/3835124880,3835124885,24.9,,residential,11038530304,112.45,,residential,3835124876,204.31,,residential,3835124882,292.04,,residential
8166343606,13.8283848,100.7127766,,residential,3,3,False,False,,86.29,92.6,0.9738,True,https://www.openstreetmap.org/node/8166343606,3845068441,1.5,,residential,3845068442,87.79,,residential,3845068431,180.38,,residential,8166343607,269.37,,residential
3834809022,13.8652772,100.728366,,residential,4,4,True,False,,86.86,92.37,0.9737,True,https://www.openstreetmap.org/node/3834809022,3834809025,81.6,,residential,3834809002,173.97,,residential,3834809019,266.34,,residential,3834809029,354.75,,residential
3840099960,13.8519431,100.6862434,ชัยพฤกษ์ A18; ชัยพฤกษ์ B1,residential,4,4,True,False,,86.02,94.66,0.9736,True,https://www.openstreetmap.org/node/3840099960,3840099969,2.18,,residential,3840099959,96.83,,residential,3840099954,186.06,,residential,3840099964,276.16,ชัยพฤกษ์ A18; ชัยพฤกษ์ B1,residential
8140821548,13.8529989,100.7055864,ถนนปัญญาอินทรา,residential; tertiary,3,3,False,False,,87.12,92.5,0.9734,True,https://www.openstreetmap.org/node/8140821548,7908343114,84.44,ถนนปัญญาอินทรา,tertiary,8140770191,171.56,,residential,7908343113,264.05,ถนนปัญญาอินทรา,tertiary,8140821551,356.35,,residential
6124183130,13.8752237,100.7137845,,residential,4,4,True,False,,87.22,92.8,0.9731,True,https://www.openstreetmap.org/node/6124183130,6124183010,85.71,,residential,6124182982,178.5,,residential,6124182987,266.44,,residential,6124183131,358.48,,residential
3840099902,13.8483287,100.6848648,,residential,4,4,True,False,,86.0,94.85,0.973,True,https://www.openstreetmap.org/node/3840099902,3841601566,11.0,,residential,3841601558,97.0,,residential,3840099900,186.75,,residential,3841601561,276.15,,residential
7908280072,13.8545962,100.7071234,ถนนปัญญาอินทรา,residential; tertiary,3,3,False,False,,85.79,94.21,0.9729,True,https://www.openstreetmap.org/node/7908280072,7908343122,0.02,ถนนปัญญาอินทรา,tertiary,7908280071,89.36,,residential,7908280074,180.03,ถนนปัญญาอินทรา,tertiary,8140821560,265.82,,residential
6124182898,13.8730471,100.7115162,,residential,4,4,True,False,,87.11,93.65,0.9728,True,https://www.openstreetmap.org/node/6124182898,6124182971,85.87,,residential,6124182899,179.52,,residential,6124182989,266.63,,residential,6124183129,357.89,,residential
5277015177,13.8713408,100.7082724,ถนนปัญญาอินทรา,residential,2,2,False,False,,88.11,94.91,0.9727,True,https://www.openstreetmap.org/node/5277015177,7990396143,59.19,ถนนปัญญาอินทรา,residential,5277015179,147.29,,residential,7990396148,242.2,ถนนปัญญาอินทรา,residential,5277015176,330.69,,residential
6521880359,13.8527159,100.7153652,,residential,4,4,True,False,,87.15,92.85,0.9727,True,https://www.openstreetmap.org/node/6521880359,6521880353,85.03,,residential,6521880357,177.1,,residential,6521880358,264.25,,residential,6521880361,357.1,,residential
5941639268,13.8943104,100.7190313,,residential,4,4,True,False,,85.08,93.27,0.9726,True,https://www.openstreetmap.org/node/5941639268,5941639271,2.0,,residential,5941639269,87.07,,residential,5941639266,180.34,,residential,5941639267,271.04,,residential
6521877726,13.8502678,100.715493,,residential,4,4,True,False,,85.57,94.44,0.9726,True,https://www.openstreetmap.org/node/6521877726,6521877727,86.61,,residential,6521877730,177.1,,residential,6521877725,262.67,,residential,6521877724,357.11,,residential
8178338322,13.8288681,100.7490376,ประชาชนร่วมใจ 7,residential,4,4,True,False,,86.72,93.26,0.9726,True,https://www.openstreetmap.org/node/8178338322,8178338321,56.1,,residential,11221593529,144.44,ประชาชนร่วมใจ 7,residential,8178338323,237.7,,residential,8178338326,324.42,ประชาชนร่วมใจ 7,residential
6521877730,13.8499036,100.715512,,residential,4,4,True,False,,87.2,92.78,0.9725,True,https://www.openstreetmap.org/node/6521877730,6521877728,84.3,,residential,6521877733,177.08,,residential,6521877729,264.92,,residential,6521877726,357.1,,residential
8323516714,13.90592,100.6993006,ถนนหนองระแหง,residential; tertiary,4,4,True,False,,85.63,93.08,0.9725,True,https://www.openstreetmap.org/node/8323516714,2722951940,55.25,ถนนหนองระแหง,tertiary,8323516709,144.67,,residential,8323516685,236.54,ถนนหนองระแหง,tertiary,8645823591,322.17,,residential
8105502114,13.8517595,100.7216911,,residential,4,4,True,False,,87.05,93.14,0.9724,True,https://www.openstreetmap.org/node/8105502114,8105502115,7.87,,residential,3839988014,95.85,,residential,8105502113,188.99,,residential,3839988017,276.04,,residential
3840011343,13.8495006,100.7134161,,residential,4,4,True,False,,87.44,92.55,0.9723,True,https://www.openstreetmap.org/node/3840011343,3840011344,88.73,,residential,3840011330,176.17,,residential,3840011342,268.62,,residential,3840011353,356.19,,residential
3845068441,13.8284553,100.7127785,,residential,3,3,False,False,,86.4,93.31,0.9723,True,https://www.openstreetmap.org/node/3845068441,3845068442,92.88,,residential,8166343606,181.5,,residential,3845068439,267.9,,residential,3845068454,359.57,,residential
5880882726,13.8850787,100.7312433,,residential,4,4,True,False,,86.13,93.84,0.9722,True,https://www.openstreetmap.org/node/5880882726,3053299137,81.75,,residential,5880882707,175.59,,residential,5880882708,261.72,,residential,5880882705,352.88,,residential
3053347131,13.8653766,100.7137134,,residential,4,4,True,False,,87.43,94.05,0.9721,True,https://www.openstreetmap.org/node/3053347131,3053347476,88.04,,residential,3053347052,175.59,,residential,3053347448,269.63,,residential,3053347474,357.07,,residential
3840058906,13.8523199,100.7077515,,residential,4,4,True,False,,85.9,92.99,0.9721,True,https://www.openstreetmap.org/node/3840058906,3840058908,87.68,,residential,3840058892,180.67,,residential,3840058905,266.57,,residential,3840058920,358.6,,residential
3053324345,13.86798,100.7460781,,residential,4,4,True,False,,85.41,92.71,0.972,True,https://www.openstreetmap.org/node/3053324345,3053324356,82.75,,residential,3053324385,172.29,,residential,3053324445,265.0,,residential,3053324362,357.34,,residential
3010377738,13.852217,100.7559588,ซอยประชาร่วมใจ 31 ซอย 5; ซอยประชาร่วมใจ 31 ซอย 5/2,residential,4,4,True,False,,86.08,94.14,0.9719,True,https://www.openstreetmap.org/node/3010377738,3010377771,35.79,,residential,8163563701,129.93,ซอยประชาร่วมใจ 31 ซอย 5,residential,3010364216,216.01,ซอยประชาร่วมใจ 31 ซอย 5/2,residential,3010377747,304.88,ซอยประชาร่วมใจ 31 ซอย 5,residential
8144550820,13.8609243,100.7126344,ถนนเลียบคลองสอง,residential; secondary,2,2,False,False,,86.66,93.36,0.9718,True,https://www.openstreetmap.org/node/8144550820,8144525218,84.46,ถนนเลียบคลองสอง,secondary,6117202199,176.18,,residential,2555247020,264.44,ถนนเลียบคลองสอง,secondary,8144550817,357.8,,residential
8129702185,13.8536999,100.6868165,ชัยพฤกษ์ A8,residential,3,3,False,False,,86.9,93.08,0.9717,True,https://www.openstreetmap.org/node/8129702185,8129702184,7.01,,residential,3840099997,93.91,ชัยพฤกษ์ A8,residential,8129702188,186.99,,residential,3840099998,275.0,ชัยพฤกษ์ A8,residential
8169704179,13.83014,100.7256495,,residential,3,3,False,False,,86.82,93.32,0.9716,True,https://www.openstreetmap.org/node/8169704179,6521933558,88.87,,residential,8169704178,176.94,,residential,6521933559,268.72,,residential,8169704181,355.55,,residential
8061465718,13.8750879,100.7086139,ถนนปัญญาอินทรา,residential,2,2,False,False,,85.47,94.68,0.9712,True,https://www.openstreetmap.org/node/8061465718,8061465720,1.56,ถนนปัญญาอินทรา,residential,6124182995,87.04,,residential,8061465716,181.71,ถนนปัญญาอินทรา,residential,8061465719,271.05,,residential
8185707575,13.8663616,100.7443915,,residential,4,4,True,False,,86.77,94.15,0.971,True,https://www.openstreetmap.org/node/8185707575,5880174581,83.01,,residential,8177832445,177.16,,residential,3834755149,263.93,,residential,3053322530,354.99,,residential
5936033953,13.9076454,100.7015723,ถนนหนองระแหง,residential; tertiary,4,4,True,False,,86.36,93.25,0.9707,True,https://www.openstreetmap.org/node/5936033953,5936033958,50.76,ถนนหนองระแหง,tertiary,5936033973,139.12,,residential,5936033947,231.15,ถนนหนองระแหง,tertiary,5936033957,317.51,,residential
8086748869,13.8592032,100.6966966,,residential,3,3,False,False,,86.54,93.44,0.9707,True,https://www.openstreetmap.org/node/8086748869,8086748873,88.21,,residential,8086748868,174.75,,residential,8086748874,268.19,,residential,8086748870,356.38,,residential
6521877724,13.8506059,100.7154754,,residential,4,4,True,False,,86.82,93.16,0.9706,True,https://www.openstreetmap.org/node/6521877724,6521877722,84.97,,residential,6521877726,177.11,,residential,6521877723,263.93,,residential,6521877721,357.09,,residential
6124182987,13.8750907,100.7115847,,residential,4,4,True,False,,86.28,93.7,0.9705,True,https://www.openstreetmap.org/node/6124182987,6124183130,86.44,,residential,6124182980,172.71,,residential,6124182994,266.41,,residential,6124182902,358.02,,residential
8292089786,13.8790056,100.7224357,,residential,3,3,False,False,,86.35,93.1,0.9705,True,https://www.openstreetmap.org/node/8292089786,8292833058,0.64,,residential,3053301651,86.99,,residential,8292089771,180.09,,residential,3053301644,272.3,,residential
3841938495,13.8343996,100.697157,ซอยพระยาสุเรนทร์ 23; ซอยพระยาสุเรนทร์ 23 แยก 1,residential,4,4,True,False,,87.14,93.37,0.9703,True,https://www.openstreetmap.org/node/3841938495,353334454,71.84,ซอยพระยาสุเรนทร์ 23,residential,3841938493,165.21,ซอยพระยาสุเรนทร์ 23 แยก 1,residential,353334452,252.72,ซอยพระยาสุเรนทร์ 23,residential,3841938500,344.7,,residential
5935849073,13.907676,100.7157228,,residential,3,3,False,False,,85.97,95.3,0.97,True,https://www.openstreetmap.org/node/5935849073,5935849057,85.38,,residential,5935920826,171.35,,residential,5935849071,266.65,,residential,5935920788,356.75,,residential
7990396145,13.87349,100.7085692,ถนนปัญญาอินทรา,residential,2,2,False,False,,86.76,93.4,0.9699,True,https://www.openstreetmap.org/node/7990396145,8061465707,1.37,ถนนปัญญาอินทรา,residential,7990396139,88.13,,residential,7990396143,181.53,ถนนปัญญาอินทรา,residential,7990396136,269.36,,residential
8140840727,13.8530302,100.7067949,ถนนปัญญาอินทรา,residential; tertiary,2,2,False,False,,86.92,92.9,0.9693,True,https://www.openstreetmap.org/node/8140840727,3840058931,84.98,ถนนปัญญาอินทรา,tertiary,8141290365,177.59,,residential,8140770191,265.15,ถนนปัญญาอินทรา,tertiary,8140840726,358.05,,residential
5935976444,13.9082157,100.7051598,,residential,4,4,True,False,,84.43,93.7,0.969,True,https://www.openstreetmap.org/node/5935976444,5935976450,47.39,,residential,5935976443,141.08,,residential,5935976449,225.51,,residential,5935976445,317.16,,residential
3840100002,13.8540728,100.686948,,residential,3,3,False,False,,86.03,93.4,0.9689,True,https://www.openstreetmap.org/node/3840100002,3840100016,7.56,,residential,3840100000,99.76,,residential,3840099997,185.79,,residential,8129702184,274.16,,residential
3053347052,13.8650421,100.71374,,residential,4,4,True,False,,86.59,93.84,0.9688,True,https://www.openstreetmap.org/node/3053347052,3053347076,89.43,,residential,3053347095,177.21,,residential,3053347440,268.99,,residential,3053347131,355.59,,residential
353339471,13.8387614,100.6908788,,residential,3,3,False,False,,86.85,95.63,0.9687,True,https://www.openstreetmap.org/node/353339471,353339473,72.4,,residential,353338737,159.24,,residential,353339933,249.11,,residential,353338741,344.74,,residential
8086748873,13.8592058,100.6967823,,residential,3,3,False,False,,84.95,95.24,0.9684,True,https://www.openstreetmap.org/node/8086748873,8086748872,88.02,,residential,3840087476,183.26,,residential,8086748869,268.21,,residential,3840087486,357.57,,residential
8140821558,13.85419,100.707011,,residential,4,4,True,False,,86.54,95.71,0.9683,True,https://www.openstreetmap.org/node/8140821558,8140821560,0.36,,residential,7908280074,88.69,,residential,8140821564,178.11,,residential,8140821559,264.65,,residential
5936140573,13.9067969,100.6916025,,residential,3,3,False,False,,84.79,95.2,0.968,True,https://www.openstreetmap.org/node/5936140573,5936140576,53.27,,residential,5936140574,138.07,,residential,5936141604,233.27,,residential,5936140572,323.82,,residential
5877542514,13.9023951,100.7356458,ถนนนิมิตใหม่,primary; residential,3,3,False,False,,85.57,93.59,0.9678,True,https://www.openstreetmap.org/node/5877542514,5877542491,11.88,ถนนนิมิตใหม่,primary,5877542513,97.45,,residential,8317616531,191.04,ถนนนิมิตใหม่,primary,5877540835,279.68,,residential
3841547657,13.8462127,100.7077261,,residential,4,4,True,False,,86.38,93.87,0.9677,True,https://www.openstreetmap.org/node/3841547657,3841547658,85.11,,residential,3841546254,177.05,,residential,3841546256,264.86,,residential,3841547661,358.73,,residential
3834809019,13.8652556,100.7280215,,residential,4,4,True,False,,86.26,93.49,0.9676,True,https://www.openstreetmap.org/node/3834809019,3834809022,86.23,,residential,3834808996,174.13,,residential,3834809017,260.39,,residential,3834809028,352.74,,residential
3841601576,13.8490588,100.6849804,ชัยพฤกษ์ B15,residential,4,4,True,False,,84.12,92.72,0.9673,True,https://www.openstreetmap.org/node/3841601576,6521803621,8.33,,residential,8127851428,99.19,ชัยพฤกษ์ B15,residential,3841601566,191.49,,residential,3841601578,275.62,,residential
8302044134,13.8390669,100.6934177,ถนนปัญญาอินทรา,residential; secondary,2,2,False,False,,84.81,94.1,0.9671,True,https://www.openstreetmap.org/node/8302044134,8301828567,66.58,ถนนปัญญาอินทรา,secondary,8302044135,155.85,,residential,7949430262,249.95,ถนนปัญญาอินทรา,secondary,8302044133,334.76,,residential
3834973593,13.8686152,100.708734,,residential,4,4,True,False,,87.01,92.98,0.967,True,https://www.openstreetmap.org/node/3834973593,3834973594,85.5,,residential,3834973586,178.47,,residential,3834973592,265.51,,residential,3834973614,358.5,,residential
3840059014,13.8563297,100.7060185,,residential,4,4,True,False,,85.71,94.26,0.9669,True,https://www.openstreetmap.org/node/3840059014,3840059028,1.77,,residential,3840059017,87.48,,residential,3840059004,181.75,,residential,3840059015,270.08,,residential
2562521943,13.8750631,100.7205429,,residential,4,4,True,False,,84.03,95.56,0.9668,True,https://www.openstreetmap.org/node/2562521943,2562521933,5.3,,residential,2562521944,89.33,,residential,2562521946,179.68,,residential,8061345320,269.74,,residential
3845126944,13.8279811,100.7049867,,residential,4,4,True,False,,86.78,94.6,0.9668,True,https://www.openstreetmap.org/node/3845126944,3845126962,2.51,,residential,3845126937,93.88,,residential,3845126930,181.13,,residential,3845126954,275.73,,residential
7949430270,13.8373243,100.689232,ถนนปัญญาอินทรา,residential; secondary,2,2,False,False,,84.02,94.32,0.9668,True,https://www.openstreetmap.org/node/7949430270,7949430267,67.85,ถนนปัญญาอินทรา,secondary,8166601154,157.9,,residential,8166601150,252.23,ถนนปัญญาอินทรา,secondary,353332357,343.83,,residential
3834869432,13.8656298,100.7108792,,residential,4,4,True,False,,85.88,93.52,0.9667,True,https://www.openstreetmap.org/node/3834869432,7990378083,92.19,,residential,8144706301,178.08,,residential,3834869433,270.55,,residential,3834869447,358.67,,residential
8301854536,13.8397604,100.6967106,,residential,4,4,True,False,,84.0,92.93,0.9666,True,https://www.openstreetmap.org/node/8301854536,3841938521,82.62,,residential,8301854528,173.77,,residential,3841938519,265.7,,residential,8301854530,358.62,,residential
3840061882,13.8472955,100.7002165,,residential,4,4,True,False,,83.97,95.34,0.9665,True,https://www.openstreetmap.org/node/3840061882,8140804560,0.45,,residential,3841547670,90.66,,residential,3841546244,181.15,,residential,3840087071,265.12,,residential
3841928450,13.830984,100.7045384,,residential,4,4,True,False,,86.11,95.3,0.9664,True,https://www.openstreetmap.org/node/3841928450,3841928460,29.39,,residential,8140459102,115.5,,residential,3841928435,203.35,,residential,3841928464,294.09,,residential
6521880361,13.8530626,100.7153471,,residential,4,4,True,False,,86.94,93.07,0.9662,True,https://www.openstreetmap.org/node/6521880361,6521880360,84.03,,residential,6521880359,177.1,,residential,6521880352,264.07,,residential,6521881699,357.08,,residential
3841938513,13.8386044,100.6967406,ถนนพระยาสุเรนทร์,residential; tertiary,3,3,False,False,,85.18,96.12,0.966,True,https://www.openstreetmap.org/node/3841938513,3841938514,82.89,,residential,3841938511,168.07,ถนนพระยาสุเรนทร์,tertiary,346187541,264.19,,residential,3841938515,353.65,ถนนพระยาสุเรนทร์,tertiary
5817100938,13.8381842,100.7693436,,residential,4,4,True,False,,85.01,93.56,0.966,True,https://www.openstreetmap.org/node/5817100938,5817100950,52.75,,residential,5817100937,145.32,,residential,5817100944,234.18,,residential,5817100892,327.74,,residential
6124182953,13.8761589,100.7137717,,residential,4,4,True,False,,86.16,93.66,0.9653,True,https://www.openstreetmap.org/node/6124182953,6124182984,0.02,,residential,6124182954,87.62,,residential,6124183131,180.2,,residential,6124182952,266.36,,residential
5935976470,13.9058303,100.7075407,,residential,4,4,True,False,,83.71,93.75,0.9651,True,https://www.openstreetmap.org/node/5935976470,5935976469,77.86,,residential,5935976468,161.57,,residential,5935976466,255.32,,residential,5935976442,345.35,,residential
11221593529,13.8286267,100.7492153,ประชาชนร่วมใจ 7,residential,4,4,True,False,,85.22,94.79,0.965,True,https://www.openstreetmap.org/node/11221593529,11221593530,59.24,,residential,8178338319,144.45,ประชาชนร่วมใจ 7,residential,11221593528,235.96,,residential,8178338322,324.44,ประชาชนร่วมใจ 7,residential
3841547721,13.8489895,100.7065652,,residential,4,4,True,False,,83.65,94.07,0.9647,True,https://www.openstreetmap.org/node/3841547721,3841547722,88.34,,residential,3840058771,180.03,,residential,3841547720,263.68,,residential,3840058781,357.75,,residential
6129277207,13.8482341,100.6858332,ชัยพฤกษ์ A 38,residential,4,4,True,False,,85.46,95.11,0.9646,True,https://www.openstreetmap.org/node/6129277207,3840099905,5.16,,residential,6129277210,96.42,,residential,6129277219,181.88,,residential,6129277206,276.99,ชัยพฤกษ์ A 38,residential
5936141585,13.9077514,100.6929202,,residential,3,3,False,False,,84.45,95.54,0.964,True,https://www.openstreetmap.org/node/5936141585,5936141588,53.27,,residential,5936141586,148.81,,residential,5936140582,233.26,,residential,5936140584,324.2,,residential
8301854528,13.8393728,100.6967542,,residential,4,4,True,False,,84.77,96.37,0.964,True,https://www.openstreetmap.org/node/8301854528,3841938518,82.52,,residential,8301854527,172.62,,residential,3841938517,257.39,,residential,8301854536,353.77,,residential
3841547666,13.8468904,100.7077043,,residential,4,4,True,False,,86.65,94.05,0.9638,True,https://www.openstreetmap.org/node/3841547666,3841547667,85.22,,residential,3841547661,177.7,,residential,3841547665,264.35,,residential,3841547671,358.4,,residential
6124182989,13.8729372,100.709592,,residential,4,4,True,False,,85.06,94.59,0.9637,True,https://www.openstreetmap.org/node/6124182989,6124182898,86.63,,residential,6124182975,181.22,,residential,6124182970,266.28,,residential,6124182955,358.23,,residential
5277017930,13.8714437,100.7133129,,residential,4,4,True,False,,84.18,94.44,0.9634,True,https://www.openstreetmap.org/node/5277017930,5277017931,87.84,,residential,5277017934,179.99,,residential,5277017929,264.16,,residential,5277017921,358.6,,residential
7949430262,13.8390389,100.6933387,ถนนปัญญาอินทรา,residential; secondary,2,2,False,False,,85.64,95.22,0.9634,True,https://www.openstreetmap.org/node/7949430262,8302044134,69.95,ถนนปัญญาอินทรา,secondary,8302044135,157.72,,residential,7949430267,243.36,ถนนปัญญาอินทรา,secondary,353332056,334.73,,residential
3839984237,13.8500959,100.721331,ถนนหทัยราษฎร์,residential; secondary; secondary_link,3,3,False,False,,85.87,93.34,0.963,True,https://www.openstreetmap.org/node/3839984237,3839987962,6.56,ถนนหทัยราษฎร์,secondary,3839984239,99.88,,residential,2562536729,187.36,ถนนหทัยราษฎร์,secondary,8105512264,280.69,,secondary_link
5933392468,13.9087958,100.6955807,ซอยหนองระแหง 4,residential; tertiary,4,4,True,False,,83.3,93.58,0.9628,True,https://www.openstreetmap.org/node/5933392468,5936062816,63.42,ซอยหนองระแหง 4,tertiary,5936062804,155.95,,residential,5936062792,246.53,,residential,5936062802,329.84,ซอยหนองระแหง 4,tertiary
5277017921,13.8718898,100.7133017,,residential,4,4,True,False,,85.93,94.71,0.9626,True,https://www.openstreetmap.org/node/5277017921,5277017925,86.58,,residential,5277017930,178.6,,residential,5277015205,265.94,,residential,5277017922,351.87,,residential
3841928362,13.8292305,100.7063735,,residential,4,4,True,False,,86.62,94.87,0.9625,True,https://www.openstreetmap.org/node/3841928362,3841928358,90.11,,residential,3841928255,176.73,,residential,3841928372,263.36,,residential,3841928379,355.24,,residential
6124182971,13.8731636,100.7131779,,residential,4,4,True,False,,86.12,93.62,0.9624,True,https://www.openstreetmap.org/node/6124182971,6124182972,86.6,,residential,6124182974,172.72,,residential,6124182898,265.87,,residential,6124182956,352.98,,residential
8061465720,13.8752018,100.7086171,ถนนปัญญาอินทรา,residential,2,2,False,False,,85.78,95.49,0.9619,True,https://www.openstreetmap.org/node/8061465720,2558439623,0.29,ถนนปัญญาอินทรา,residential,6124182996,86.07,,residential,8061465718,181.56,ถนนปัญญาอินทรา,residential,8061465721,268.92,,residential
353334101,13.8337868,100.6970615,ซอยพระยาสุเรนทร์ 21,residential,4,4,True,False,,83.11,95.69,0.9617,True,https://www.openstreetmap.org/node/353334101,3841938493,67.67,ซอยพระยาสุเรนทร์ 21,residential,6128822505,163.36,,residential,353334109,246.47,ซอยพระยาสุเรนทร์ 21,residential,353334452,337.13,,residential
6521877733,13.8495439,100.7155252,,residential,4,4,True,False,,86.31,93.68,0.9617,True,https://www.openstreetmap.org/node/6521877733,6521877731,85.18,,residential,6521877736,178.86,,residential,6521877732,265.66,,residential,6521877730,358.87,,residential
8086897628,13.8491295,100.6947557,ถนนพระยาสุเรนทร์,residential; tertiary,2,3,False,False,,84.69,93.55,0.9616,True,https://www.openstreetmap.org/node/8086897628,3841571610,66.83,,residential,8086897633,155.23,ถนนพระยาสุเรนทร์,tertiary,8236488050,239.93,,residential,8236488049,333.48,ถนนพระยาสุเรนทร์,tertiary
3841370446,13.8476239,100.7443229,,residential,4,4,True,False,,84.72,93.5,0.9613,True,https://www.openstreetmap.org/node/3841370446,3841370449,70.66,,residential,3841370441,164.13,,residential,3841370439,248.86,,residential,3841370450,342.36,,residential
6497201615,13.8729894,100.6854791,ซอยพระยาสุเรนทร์ 50,residential,4,4,True,False,,83.79,95.65,0.9613,True,https://www.openstreetmap.org/node/6497201615,6497201617,76.61,,residential,6497201616,160.39,ซอยพระยาสุเรนทร์ 50,residential,6497201623,256.04,,residential,6497201614,345.28,ซอยพระยาสุเรนทร์ 50,residential
353339473,13.8388216,100.6910742,,residential,3,3,False,False,,84.55,94.08,0.9612,True,https://www.openstreetmap.org/node/353339473,353339504,71.03,,residential,353338418,159.49,,residential,353339471,252.4,,residential,353338415,336.95,,residential
2555247020,13.860918,100.7125678,ถนนเลียบคลองสอง,residential; secondary,2,2,False,False,,85.84,93.64,0.9607,True,https://www.openstreetmap.org/node/2555247020,8144550820,84.44,ถนนเลียบคลองสอง,secondary,6117202199,178.08,,residential,3834869328,265.16,ถนนเลียบคลองสอง,secondary,2555247022,358.59,,residential
8374271327,13.8814411,100.739737,,residential,4,4,True,False,,83.07,95.45,0.9607,True,https://www.openstreetmap.org/node/8374271327,8437218689,82.18,,residential,8374271328,173.8,,residential,2373565246,263.66,,residential,8374271324,359.11,,residential
3840011336,13.8493797,100.7188225,ซอยหทัยราษฎร์ 33,residential,4,4,True,False,,83.9,93.96,0.96,True,https://www.openstreetmap.org/node/3840011336,8620208749,82.67,ซอยหทัยราษฎร์ 33,residential,3840011321,176.63,,residential,8344076424,265.53,ซอยหทัยราษฎร์ 33,residential,3840012472,358.77,,residential
7908343110,13.8527295,100.7028186,ถนนปัญญาอินทรา,residential; tertiary,2,2,False,False,,84.42,96.28,0.96,True,https://www.openstreetmap.org/node/7908343110,8140770189,84.17,ถนนปัญญาอินทรา,tertiary,8140840723,168.59,,residential,8140820992,264.87,ถนนปัญญาอินทรา,tertiary,3840058934,353.25,,residential
6124183103,13.8742439,100.7084607,ถนนปัญญาอินทรา,residential,2,2,False,False,,83.43,94.34,0.9598,True,https://www.openstreetmap.org/node/6124183103,8061465719,1.96,ถนนปัญญาอินทรา,residential,8061465716,91.3,,residential,8061465706,184.19,ถนนปัญญาอินทรา,residential,8061465710,267.62,,residential
3841912679,13.8361553,100.7163526,ซอยหทัยราษฎร์ 31,residential,4,4,True,False,,85.44,94.39,0.9596,True,https://www.openstreetmap.org/node/3841912679,8080476820,85.43,ซอยหทัยราษฎร์ 31,residential,6124097022,178.31,,residential,11015093611,263.75,,residential,3841912685,358.14,,residential
3841547671,13.84729,100.7076928,,residential,4,4,True,False,,83.61,96.39,0.9592,True,https://www.openstreetmap.org/node/3841547671,3841547672,87.44,,residential,3841547666,178.4,,residential,3841547669,267.44,,residential,3841547676,351.05,,residential
3841938305,13.8303057,100.6951377,ซอย 2 มั่งมีศรีสุข,residential,4,4,True,False,,85.59,94.41,0.9589,True,https://www.openstreetmap.org/node/3841938305,3841938311,60.71,,residential,8034727845,153.7,ซอย 2 มั่งมีศรีสุข,residential,3841938304,240.71,,residential,3841938319,335.12,ซอย 2 มั่งมีศรีสุข,residential
8341596612,13.8963268,100.7167691,,residential,4,4,True,False,,85.69,95.92,0.9582,True,https://www.openstreetmap.org/node/8341596612,8341596611,87.31,,residential,8341609624,174.09,,residential,8341596613,270.02,,residential,8341596615,355.7,,residential
3841547661,13.8465497,100.7077184,,residential,4,4,True,False,,85.41,93.99,0.9581,True,https://www.openstreetmap.org/node/3841547661,3841547662,84.74,,residential,3841547657,178.73,,residential,3841547659,264.14,,residential,3841547666,357.7,,residential
3840058764,13.8473092,100.6989918,,residential,4,4,True,False,,82.66,97.01,0.9576,True,https://www.openstreetmap.org/node/3840058764,8140804536,1.19,,residential,7908343089,98.2,,residential,8295415653,180.85,,residential,3840087072,270.56,,residential
5869911059,13.8771704,100.7870936,แบนชโด 2,residential,4,4,True,False,,85.83,94.9,0.9576,True,https://www.openstreetmap.org/node/5869911059,8236685595,64.45,แบนชโด 2,residential,8236911305,159.35,,residential,5867558472,245.89,แบนชโด 2,residential,8236685596,338.62,,residential
1669530698,13.8330777,100.7640554,ถนนประชาร่วมใจ,residential; secondary,4,4,True,False,,85.26,94.86,0.9575,True,https://www.openstreetmap.org/node/1669530698,2739129044,56.23,ถนนประชาร่วมใจ,secondary,8181782175,151.09,,residential,5883246751,238.18,ถนนประชาร่วมใจ,secondary,5883318909,330.97,,residential
5817100950,13.8383603,100.7695821,ซอยประชาร่วมใจ 35,residential,4,4,True,False,,85.69,95.21,0.9574,True,https://www.openstreetmap.org/node/5817100950,5817100948,53.65,,residential,5819567007,146.1,ซอยประชาร่วมใจ 35,residential,5817100938,232.75,,residential,5817100952,327.96,ซอยประชาร่วมใจ 35,residential
3841928483,13.8317948,100.7068963,,residential,4,4,True,False,,84.25,95.56,0.9572,True,https://www.openstreetmap.org/node/3841928483,3841928501,19.96,,residential,3841928469,115.52,,residential,3841928466,199.77,,residential,3841928517,287.81,,residential
5817100948,13.8385438,100.7698389,,residential,4,4,True,False,,86.01,94.08,0.957,True,https://www.openstreetmap.org/node/5817100948,5817100949,53.56,,residential,5819566970,147.64,,residential,5817100950,233.65,,residential,5817100947,327.32,,residential
3840058957,13.8542572,100.7077193,,residential,4,4,True,False,,85.89,97.77,0.9568,True,https://www.openstreetmap.org/node/3840058957,3840058958,91.25,,residential,3840058947,177.14,,residential,3840058953,265.41,,residential,3840058967,353.48,,residential
5277017934,13.8709766,100.713313,,residential,4,4,True,False,,85.9,94.33,0.9567,True,https://www.openstreetmap.org/node/5277017934,5277017933,85.89,,residential,5277017926,179.35,,residential,5277017932,265.65,,residential,5277017930,359.99,,residential
3840100017,13.8544622,100.6836742,40 แยก 4,residential,4,4,True,False,,85.56,95.97,0.9566,True,https://www.openstreetmap.org/node/3840100017,6129277193,81.04,,residential,3840099983,177.01,40 แยก 4,residential,6129277268,262.57,,residential,3840100087,354.42,,residential
8236500064,13.8765539,100.7857014,แบนชโด 2,residential,4,4,True,False,,85.44,94.73,0.9556,True,https://www.openstreetmap.org/node/8236500064,5867558472,65.14,แบนชโด 2,residential,8236685567,159.86,,residential,5869911045,246.43,แบนชโด 2,residential,8236707019,339.7,,residential
6521880355,13.8520026,100.7154024,,residential,4,4,True,False,,85.73,94.26,0.9553,True,https://www.openstreetmap.org/node/6521880355,6521880349,82.83,,residential,6521877715,177.09,,residential,6521880354,263.3,,residential,6521880357,357.1,,residential
6124182903,13.8754112,100.7093748,,residential,4,4,True,False,,83.88,95.23,0.9552,True,https://www.openstreetmap.org/node/6124182903,6124182902,85.72,,residential,6124182996,180.94,,residential,6124182904,264.82,,residential,6124182906,352.88,,residential
3053347070,13.8689215,100.7121873,ชมนาด 13,residential,4,4,True,False,,82.52,96.79,0.9548,True,https://www.openstreetmap.org/node/3053347070,3053347106,88.89,,residential,3053347127,185.68,,residential,3053347101,268.2,ชมนาด 13,residential,3053347443,359.55,,residential
2562521933,13.8754075,100.7205758,ซอย ๑๕; ซอย ๑๖,residential,4,4,True,False,,85.78,94.64,0.9543,True,https://www.openstreetmap.org/node/2562521933,2562521937,91.71,ซอย ๑๖,residential,2562521943,185.3,,residential,8061345319,271.28,ซอย ๑๕,residential,2562521941,357.06,,residential
5869911045,13.876312,100.7851302,แบนชโด 2,residential,4,4,True,False,,84.64,94.21,0.9543,True,https://www.openstreetmap.org/node/5869911045,8236500064,66.43,แบนชโด 2,residential,8236685554,160.64,,residential,8236707049,245.28,แบนชโด 2,residential,8236707029,339.31,,residential
5877132772,13.9165751,100.7524784,,residential,4,4,True,False,,85.51,94.76,0.9541,True,https://www.openstreetmap.org/node/5877132772,5877132775,0.7,,residential,8218385845,95.45,,residential,8226141282,181.68,,residential,5877132764,275.19,,residential
3053322530,13.8670334,100.7443685,,residential,4,4,True,False,,84.72,95.68,0.9536,True,https://www.openstreetmap.org/node/3053322530,8157887973,83.22,,residential,8185707575,178.9,,residential,8157887974,265.83,,residential,3053324381,358.5,,residential
3017429961,13.8311443,100.7610659,ถนนประชาร่วมใจ,residential; secondary,4,4,True,False,,85.41,96.31,0.9528,True,https://www.openstreetmap.org/node/3017429961,1669530692,57.41,ถนนประชาร่วมใจ,secondary,5883318906,149.6,,residential,5883318905,235.02,ถนนประชาร่วมใจ,secondary,3017429976,331.33,,residential
3841928405,13.8299871,100.706339,,residential,4,4,True,False,,84.29,96.91,0.9523,True,https://www.openstreetmap.org/node/3841928405,8140459102,3.63,,residential,3841928408,87.92,,residential,3841928379,179.58,,residential,3841928435,266.71,,residential
2552303325,13.8762411,100.7383026,ซอยนิมิตใหม่ 34,residential,4,4,True,False,,83.01,96.55,0.9521,True,https://www.openstreetmap.org/node/2552303325,2552303338,86.47,,residential,2552303327,178.54,,residential,2552303318,261.55,,residential,2552303333,358.09,ซอยนิมิตใหม่ 34,residential
3834809000,13.8649629,100.7256153,,residential,4,4,True,False,,85.13,94.39,0.952,True,https://www.openstreetmap.org/node/3834809000,3834809004,78.66,,residential,3834808983,172.91,,residential,3834808994,258.04,,residential,8341447650,352.44,,residential
3010327836,13.8353969,100.7675243,ซอยประชาร่วมใจ 33; ซอยประชาร่วมใจ 44; ถนนประชาร่วมใจ,residential; secondary,4,4,True,False,,85.64,94.39,0.9519,True,https://www.openstreetmap.org/node/3010327836,5819567003,55.26,ถนนประชาร่วมใจ,secondary,3010327299,149.52,ซอยประชาร่วมใจ 44,residential,3010327329,235.16,ถนนประชาร่วมใจ,secondary,8182260087,329.55,ซอยประชาร่วมใจ 33,residential
3834869276,13.8587076,100.713818,,residential,3,3,False,False,,84.29,96.0,0.9512,True,https://www.openstreetmap.org/node/3834869276,3834869277,91.96,,residential,3834869267,178.89,,residential,8144523513,274.89,,residential,3834869283,359.18,,residential
6117202318,13.8469584,100.7117984,,residential,4,4,True,False,,85.48,95.24,0.9512,True,https://www.openstreetmap.org/node/6117202318,6117202302,2.17,,residential,6521855223,87.65,,residential,6117202316,182.89,,residential,6117202319,268.62,,residential
8140821560,13.8545884,100.7070136,,residential,4,4,True,False,,84.93,94.55,0.9507,True,https://www.openstreetmap.org/node/8140821560,7908280072,85.82,,residential,8140821558,180.36,,residential,8140821561,265.29,,residential,8141249882,359.62,,residential
3840099943,13.850968,100.6848357,ชัยพฤกษ์ B10; ชัยพฤกษ์ B7,residential,4,4,True,False,,83.02,96.09,0.9505,True,https://www.openstreetmap.org/node/3840099943,3840099951,3.49,,residential,3840099942,96.31,ชัยพฤกษ์ B7,residential,3840099936,192.4,,residential,3840099944,275.41,ชัยพฤกษ์ B10,residential
5877906824,13.891673,100.7600212,ซอย นิมิตรใหม่ 40,residential,4,4,True,False,,82.35,96.6,0.9502,True,https://www.openstreetmap.org/node/5877906824,3053291601,81.47,ซอย นิมิตรใหม่ 40,residential,5877906820,178.07,,residential,3053291613,260.42,ซอย นิมิตรใหม่ 40,residential,5877906825,352.78,,residential
8140776938,13.8528454,100.7047014,ถนนปัญญาอินทรา,residential; tertiary,2,2,False,False,,84.5,96.23,0.95,True,https://www.openstreetmap.org/node/8140776938,6117202150,84.99,ถนนปัญญาอินทรา,tertiary,8140776939,177.77,,residential,8140840723,264.26,ถนนปัญญาอินทรา,tertiary,8140770189,348.76,,residential
8182279509,13.8703327,100.7689847,,residential,4,4,True,False,,82.84,96.59,0.95,True,https://www.openstreetmap.org/node/8182279509,8182279508,89.7,,residential,8182279507,177.86,,residential,8182279510,274.44,,residential,8182279504,357.29,,residential
453493378,13.8368075,100.689383,,residential,4,4,True,False,,84.26,94.96,0.9491,True,https://www.openstreetmap.org/node/453493378,353341343,68.85,,residential,353341247,163.05,,residential,3843413939,249.63,,residential,8166601154,344.59,,residential
346616867,13.8589981,100.6932093,ถนนคู้บอน; ถนนพระยาสุเรนทร์; ถนนเลียบคลองสอง,secondary; tertiary,2,2,False,True,,84.77,95.7,0.9486,True,https://www.openstreetmap.org/node/346616867,8086789255,81.03,ถนนเลียบคลองสอง,secondary,2555247039,174.58,ถนนพระยาสุเรนทร์,tertiary,8086897649,260.56,ถนนคู้บอน,secondary,518790496,356.26,ถนนพระยาสุเรนทร์,tertiary
6117202150,13.8528615,100.7048906,ถนนปัญญาอินทรา,residential; tertiary,2,2,False,False,,84.17,96.7,0.9482,True,https://www.openstreetmap.org/node/6117202150,8140770191,84.11,ถนนปัญญาอินทรา,tertiary,8140776940,180.82,,residential,8140776938,264.99,ถนนปัญญาอินทรา,tertiary,7908343112,351.49,,residential
3841928460,13.8313122,100.7047288,,residential,4,4,True,False,,85.29,95.58,0.948,True,https://www.openstreetmap.org/node/3841928460,8140459111,30.26,,residential,3841928439,115.61,,residential,3841928450,209.39,,residential,3841928479,294.68,,residential
3840058919,13.8526002,100.7021656,ถนนปัญญาอินทรา,residential; tertiary,3,3,False,False,,83.06,96.94,0.9474,True,https://www.openstreetmap.org/node/3840058919,8140840722,84.45,ถนนปัญญาอินทรา,tertiary,3840058901,181.39,,residential,3840058885,264.45,ถนนปัญญาอินทรา,tertiary,7908343109,351.93,,residential
6117202433,13.8484539,100.708704,,residential,4,4,True,False,,83.24,96.78,0.9474,True,https://www.openstreetmap.org/node/6117202433,6117202599,0.09,,residential,6117202597,87.39,,residential,6117202126,170.62,,residential,6117202596,267.4,,residential
3835124931,13.8626229,100.6845981,,residential,4,4,True,False,,81.78,98.35,0.9471,True,https://www.openstreetmap.org/node/3835124931,3835124942,24.41,,residential,3835124924,106.19,,residential,8011646048,194.89,,residential,3835124941,286.07,,residential
5936141596,13.9084564,100.6938936,,residential,3,3,False,False,,82.64,97.36,0.947,True,https://www.openstreetmap.org/node/5936141596,5936141599,53.27,,residential,5936141597,135.91,,residential,5936141592,233.27,,residential,5936141595,325.45,,residential
3834808994,13.8648824,100.7252529,,residential,4,4,True,False,,84.4,95.66,0.9467,True,https://www.openstreetmap.org/node/3834808994,3834809000,76.17,,residential,8341413212,171.83,,residential,3834808990,257.85,,residential,3834809013,351.77,,residential
3841571584,13.8424537,100.6926191,,residential,3,3,False,False,,83.45,95.11,0.9459,True,https://www.openstreetmap.org/node/3841571584,353338748,46.81,,residential,3841571579,133.63,,residential,353339701,228.74,,residential,3841571585,312.18,,residential
8140820992,13.8527203,100.702713,ถนนปัญญาอินทรา,residential; tertiary,2,2,False,False,,80.93,99.03,0.9455,True,https://www.openstreetmap.org/node/8140820992,7908343110,84.87,ถนนปัญญาอินทรา,tertiary,8140840722,165.81,,residential,7908343109,264.84,ถนนปัญญาอินทรา,tertiary,8140820993,354.09,,residential
8144706262,13.8633617,100.7085702,,residential,3,3,False,False,,80.36,99.61,0.9448,True,https://www.openstreetmap.org/node/8144706262,8144706265,89.32,,residential,8144706266,179.64,,residential,3834973557,260.01,,residential,3834973563,359.62,,residential
8292064663,13.8766255,100.7205342,ซอยหทัยราษฎร์ 37,residential,4,4,True,False,,84.33,95.93,0.9447,True,https://www.openstreetmap.org/node/8292064663,2562522048,0.02,,residential,8292064664,94.05,ซอยหทัยราษฎร์ 37,residential,2562521939,178.38,,residential,2562521912,274.31,,residential
3841928255,13.8288332,100.7064113,,residential,4,4,True,False,,83.61,99.32,0.9445,True,https://www.openstreetmap.org/node/3841928255,3845126968,91.76,,residential,3845126964,182.44,,residential,3845126976,268.83,,residential,3841928362,352.44,,residential
5941658256,13.8956484,100.7134093,ถนนไทยรามัญ,residential; tertiary,4,4,True,False,,84.58,95.32,0.9443,True,https://www.openstreetmap.org/node/5941658256,6131175727,81.31,ถนนไทยรามัญ,tertiary,8424633763,176.03,,residential,5935920698,261.41,ถนนไทยรามัญ,tertiary,5941658254,356.73,,residential
8232831015,13.857505,100.7885228,แบนชโด 1,residential,4,4,True,False,,84.58,97.0,0.944,True,https://www.openstreetmap.org/node/8232831015,5867337043,62.31,แบนชโด 1,residential,8232831012,155.39,,residential,5867167855,239.97,แบนชโด 1,residential,8236331127,336.97,,residential
3012564666,13.8466951,100.7908739,ซอยประชาร่วมใจ 63; ถนนประชาร่วมใจ,residential; secondary,4,4,True,False,,84.73,95.22,0.9438,True,https://www.openstreetmap.org/node/3012564666,3013648359,59.62,ถนนประชาร่วมใจ,secondary,8229987594,154.85,,residential,5867038294,240.0,ถนนประชาร่วมใจ,secondary,5867038153,334.89,ซอยประชาร่วมใจ 63,residential
3845126937,13.8277455,100.7060974,,residential,4,4,True,False,,83.23,96.77,0.9437,True,https://www.openstreetmap.org/node/3845126937,3845126951,12.92,,residential,3845126926,106.27,,residential,3845126924,192.91,,residential,3845126944,289.69,,residential
7990396143,13.873352,100.7085654,ถนนปัญญาอินทรา,residential,2,2,False,False,,80.74,99.28,0.9437,True,https://www.openstreetmap.org/node/7990396143,7990396145,1.53,ถนนปัญญาอินทรา,residential,7990396138,82.27,,residential,5277015177,181.56,ถนนปัญญาอินทรา,residential,7990396137,270.67,,residential
5867558472,13.8768933,100.7864559,แบนชโด 2,residential,4,4,True,False,,84.87,95.87,0.9433,True,https://www.openstreetmap.org/node/5867558472,5869911059,65.89,แบนชโด 2,residential,8236911316,160.21,,residential,8236500064,245.14,แบนชโด 2,residential,8236707017,341.01,,residential
3841912711,13.8377602,100.7195703,,residential,4,4,True,False,,82.6,99.06,0.9432,True,https://www.openstreetmap.org/node/3841912711,3841912722,4.65,,residential,8080761952,95.81,,residential,3841912699,182.98,,residential,3841912701,265.58,,residential
5935920826,13.9075822,100.7157375,,residential,3,3,False,False,,84.69,96.31,0.9427,True,https://www.openstreetmap.org/node/5935920826,5935849061,85.35,,residential,5935920823,170.35,,residential,5935849071,266.66,,residential,5935849073,351.35,,residential
1669530708,13.8365706,100.7693233,ถนนประชาร่วมใจ,residential; secondary,4,4,True,False,,82.27,98.01,0.9417,True,https://www.openstreetmap.org/node/1669530708,5819567030,58.8,ถนนประชาร่วมใจ,secondary,8061955681,146.03,,residential,5819567044,238.51,ถนนประชาร่วมใจ,secondary,5819566973,320.78,,residential
2553894566,13.8597564,100.7318185,ถนนนิมิตใหม่; ถนนหทัยมิตร,primary; tertiary; tertiary_link,3,3,False,True,,82.84,95.44,0.941,True,https://www.openstreetmap.org/node/2553894566,2553894567,85.06,ถนนหทัยมิตร,tertiary_link,3839892583,180.23,ถนนนิมิตใหม่,primary,8370357070,263.07,ถนนหทัยมิตร,tertiary,5877927110,358.51,ถนนนิมิตใหม่,primary
3053328212,13.857011,100.7437753,วัดสุขใจ 10,residential,4,4,True,False,,84.15,95.8,0.9408,True,https://www.openstreetmap.org/node/3053328212,3839860456,78.14,,residential,3053328220,173.0,วัดสุขใจ 10,residential,5877834628,268.8,,residential,8158103182,352.95,วัดสุขใจ 10,residential
5259000588,13.8494595,100.71948,Romthip Park Alley; ซอยหทัยราษฎร์ 33,residential,4,4,True,False,,83.65,95.82,0.9408,True,https://www.openstreetmap.org/node/5259000588,1726187780,81.65,ซอยหทัยราษฎร์ 33,residential,5259000587,177.47,Romthip Park Alley,residential,8620208749,263.16,ซอยหทัยราษฎร์ 33,residential,7324137041,358.0,,residential
353339019,13.8416372,100.6914099,,residential,3,3,False,False,,81.77,97.83,0.9407,True,https://www.openstreetmap.org/node/353339019,353339699,48.72,,residential,353339020,136.28,,residential,353338744,229.12,,residential,353339166,310.89,,residential
3834868746,13.8573637,100.7138582,,residential,3,3,False,False,,83.18,96.43,0.9401,True,https://www.openstreetmap.org/node/3834868746,3834868747,90.58,,residential,3834868741,176.61,,residential,8144523506,270.97,,residential,3834868753,354.15,,residential
6124129517,13.8385192,100.703162,,residential,4,4,True,False,,83.06,98.45,0.94,True,https://www.openstreetmap.org/node/6124129517,6124129516,55.23,,residential,6124129519,147.58,,residential,6124129504,233.72,,residential,8295374684,332.16,,residential
8144741700,13.8605037,100.7071652,ถนนปัญญาอินทรา; ถนนเลียบคลองสอง,secondary; tertiary,2,2,False,True,,84.01,96.33,0.94,True,https://www.openstreetmap.org/node/8144741700,518784509,83.67,ถนนเลียบคลองสอง,secondary,7908343127,180.0,ถนนปัญญาอินทรา,tertiary,3834972744,265.19,ถนนเลียบคลองสอง,secondary,8144741701,359.66,ถนนปัญญาอินทรา,tertiary
3010521944,13.8416099,100.7790452,ซอยประชาร่วมใจ 45; ซอยประชาร่วมใจ 60; ถนนประชาร่วมใจ,residential; secondary,4,4,True,False,,83.41,95.92,0.9396,True,https://www.openstreetmap.org/node/3010521944,5817136067,67.01,ถนนประชาร่วมใจ,secondary,5817136072,152.73,ซอยประชาร่วมใจ 60,residential,3013648345,248.65,ถนนประชาร่วมใจ,secondary,3010521955,332.06,ซอยประชาร่วมใจ 45,residential
5935920708,13.8958999,100.7151813,ถนนไทยรามัญ,residential; tertiary,4,4,True,False,,83.16,95.64,0.9393,True,https://www.openstreetmap.org/node/5935920708,8341609624,81.2,ถนนไทยรามัญ,tertiary,5941659419,176.49,,residential,8424645145,262.4,ถนนไทยรามัญ,tertiary,5935920703,358.03,,residential
1669530751,13.8471548,100.7916895,ซอยประชาร่วมใจ 65; ถนนประชาร่วมใจ,residential; secondary,4,4,True,False,,83.48,96.35,0.9392,True,https://www.openstreetmap.org/node/1669530751,3012564668,61.14,ถนนประชาร่วมใจ,secondary,8229987599,155.73,ซอยประชาร่วมใจ 65,residential,3013648359,239.21,ถนนประชาร่วมใจ,secondary,3012564678,335.56,ซอยประชาร่วมใจ 65,residential
8086897649,13.858984,100.693122,ถนนคู้บอน; ถนนพระยาสุเรนทร์,secondary; tertiary,2,2,False,True,,83.47,96.54,0.9385,True,https://www.openstreetmap.org/node/8086897649,346616867,80.56,ถนนคู้บอน,secondary,8086897648,177.09,ถนนพระยาสุเรนทร์,tertiary,8086787363,260.56,ถนนคู้บอน,secondary,518790496,355.1,ถนนพระยาสุเรนทร์,tertiary
3841912685,13.8365191,100.7163404,,residential,4,4,True,False,,82.3,97.15,0.9383,True,https://www.openstreetmap.org/node/3841912685,3841912683,84.17,,residential,3841912679,178.14,,residential,8080466006,260.44,,residential,3841912691,357.58,,residential
3834754707,13.8597869,100.7350807,ซอย วัดสุขใจ; ซอยวัดสุขใจ; วัดสุขใจ 1; วัดสุขใจ 4,residential; tertiary,4,4,True,False,,84.3,96.5,0.9381,True,https://www.openstreetmap.org/node/3834754707,3834754699,83.68,ซอยวัดสุขใจ,tertiary,3839892569,168.24,วัดสุขใจ 4,residential,3839892586,262.88,ซอย วัดสุขใจ; ซอยวัดสุขใจ,tertiary,3834754752,347.18,วัดสุขใจ 1,residential
3840058931,13.8530356,100.7068582,ถนนปัญญาอินทรา,residential; tertiary,2,2,False,False,,83.94,101.3,0.9372,True,https://www.openstreetmap.org/node/3840058931,10052681650,77.86,ถนนปัญญาอินทรา,tertiary,8141290364,179.17,,residential,8140840727,264.98,ถนนปัญญาอินทรา,tertiary,7908343115,353.92,,residential
6128822507,13.8322248,100.6954561,,residential,4,4,True,False,,78.9,101.37,0.9368,True,https://www.openstreetmap.org/node/6128822507,6128822542,74.08,,residential,6128822508,163.82,,residential,6128822539,253.81,,residential,6128831090,355.18,,residential
2555247039,13.8589009,100.6932188,ถนนคู้บอน; ถนนพระยาสุเรนทร์; ถนนเลียบคลองสอง,secondary; tertiary,2,2,False,True,,81.49,96.46,0.9365,True,https://www.openstreetmap.org/node/2555247039,8086748882,81.67,ถนนเลียบคลองสอง,secondary,3840087224,178.13,ถนนพระยาสุเรนทร์,tertiary,8086897648,259.61,ถนนคู้บอน,secondary,346616867,354.58,ถนนพระยาสุเรนทร์,tertiary
353339701,13.8417101,100.6917463,,residential,3,3,False,False,,81.42,97.89,0.9365,True,https://www.openstreetmap.org/node/353339701,3841571584,48.73,,residential,353339583,135.88,,residential,353339020,229.42,,residential,353339699,310.84,,residential
2373578038,13.8928697,100.755632,เคซีการ์เด้นโฮม 7,residential,4,4,True,False,,82.72,96.48,0.9359,True,https://www.openstreetmap.org/node/2373578038,2373578039,78.12,เคซีการ์เด้นโฮม 7,residential,2373578034,174.6,เคซีการ์เด้นโฮม 7,residential,2373578037,260.34,เคซีการ์เด้นโฮม 7,residential,2373578036,355.4,เคซีการ์เด้นโฮม 7,residential
6117202126,13.8481395,100.7087606,,residential,4,4,True,False,,79.86,98.86,0.9357,True,https://www.openstreetmap.org/node/6117202126,6117202586,87.64,,residential,6117202137,180.36,,residential,3841547691,268.92,,residential,6117202433,348.78,,residential
6124182997,13.8700328,100.7087315,,residential,3,3,False,False,,78.43,95.41,0.9357,True,https://www.openstreetmap.org/node/6124182997,7990396114,83.11,,residential,3834973645,178.51,,residential,7990396124,256.94,,residential,8079711413,349.64,,residential
353338741,13.8397832,100.6908421,,residential,3,3,False,False,,79.42,97.23,0.9354,True,https://www.openstreetmap.org/node/353338741,3841571566,11.49,,residential,353338415,100.43,,residential,353339471,179.85,,residential,12740842224,274.26,,residential
4688947276,13.8947865,100.7075883,ถนนไทยรามัญ,residential; tertiary,4,4,True,False,,83.45,96.32,0.9354,True,https://www.openstreetmap.org/node/4688947276,8424621738,80.63,ถนนไทยรามัญ,tertiary,5941663068,176.95,,residential,5941663071,261.86,ถนนไทยรามัญ,tertiary,4688947277,357.18,,residential
3841928446,13.8308967,100.7072137,,residential,4,4,True,False,,80.58,99.28,0.9349,True,https://www.openstreetmap.org/node/3841928446,3841928461,5.44,,residential,3841928443,97.89,,residential,3841928431,185.59,,residential,6521819000,284.86,,residential
3010521945,13.8417716,100.7794548,ซอยประชาร่วมใจ 47; ซอยประชาร่วมใจ 62; ถนนประชาร่วมใจ,residential; secondary,4,4,True,False,,82.12,98.23,0.9345,True,https://www.openstreetmap.org/node/3010521945,5817135647,68.13,ถนนประชาร่วมใจ,secondary,5817271193,154.21,ซอยประชาร่วมใจ 62,residential,5817136065,247.78,ถนนประชาร่วมใจ,secondary,2839633219,329.9,ซอยประชาร่วมใจ 47,residential
3841928542,13.8327222,100.706589,,residential,4,4,True,False,,80.52,96.63,0.9326,True,https://www.openstreetmap.org/node/3841928542,3841928572,32.1,,residential,3841928503,112.61,,residential,3841928513,208.12,,residential,3841928567,295.47,,residential
2552303338,13.8762714,100.7388081,ซอยนิมิตใหม่ 34,residential,4,4,True,False,,79.43,99.99,0.9321,True,https://www.openstreetmap.org/node/2552303338,2552303339,78.14,,residential,2552303336,178.13,ซอยนิมิตใหม่ 34,residential,2552303325,266.47,,residential,2552303340,358.71,ซอยนิมิตใหม่ 34,residential
6124182994,13.8749685,100.7093695,,residential,4,4,True,False,,83.17,97.19,0.9317,True,https://www.openstreetmap.org/node/6124182994,6124182995,4.07,,residential,6124182987,87.24,,residential,6124182978,184.43,,residential,6124183007,268.98,,residential
3834869488,13.8687903,100.7187466,ซอย 15; ซอย 16,residential,4,4,True,False,,80.06,100.14,0.9309,True,https://www.openstreetmap.org/node/3834869488,3834869489,88.81,ซอย 16,residential,3834869485,168.86,,residential,3834869487,269.0,ซอย 15,residential,3834869497,356.51,,residential
3835124885,13.8610166,100.6862461,,residential,4,4,True,False,,80.28,100.34,0.9285,True,https://www.openstreetmap.org/node/3835124885,3835124888,32.09,,residential,11038534305,112.38,,residential,3835124880,204.9,,residential,3835124887,291.75,,residential
7990396148,13.8713017,100.708196,ถนนปัญญาอินทรา,residential,2,2,False,False,,82.37,98.37,0.9283,True,https://www.openstreetmap.org/node/7990396148,5277015177,62.2,ถนนปัญญาอินทรา,residential,5277015186,144.57,,residential,2558439633,239.11,ถนนปัญญาอินทรา,residential,8079743719,323.84,,residential
6117202388,13.85234,100.7117608,,residential,3,3,False,False,,83.26,96.59,0.9276,True,https://www.openstreetmap.org/node/6117202388,6117202389,1.17,,residential,7908280069,84.43,,residential,6117220114,181.03,,residential,6117202387,264.73,,residential
7908343127,13.8603956,100.7071652,ถนนปัญญาอินทรา; ถนนเลียบคลองสอง,secondary; tertiary,2,2,False,True,,83.1,96.66,0.9261,True,https://www.openstreetmap.org/node/7908343127,8144741700,0.0,ถนนปัญญาอินทรา,tertiary,2555247035,83.1,ถนนเลียบคลองสอง,secondary,7908343123,179.75,ถนนปัญญาอินทรา,tertiary,8299050743,263.34,ถนนเลียบคลองสอง,secondary
3834973634,13.869533,100.7086835,,residential,4,4,True,False,,81.61,102.23,0.9256,True,https://www.openstreetmap.org/node/3834973634,3834973645,3.2,,residential,3834973636,84.82,,residential,3834973614,175.98,,residential,3834973633,260.97,,residential
3841370383,13.8455656,100.7401195,ซอยนิมิตใหม่ 20,residential,4,4,True,False,,76.5,96.22,0.925,True,https://www.openstreetmap.org/node/3841370383,3841370418,54.03,,residential,3841370390,130.53,,residential,3841401245,225.31,ซอยนิมิตใหม่ 20,residential,3841370430,317.81,,residential
3053347057,13.8663536,100.7136625,,residential,4,4,True,False,,81.37,100.98,0.9235,True,https://www.openstreetmap.org/node/3053347057,3053347054,90.07,,residential,3053347104,174.92,,residential,3053347065,267.73,,residential,3053347454,349.09,,residential
6061846095,13.9006261,100.7905994,,residential,4,4,True,False,,77.46,101.45,0.9234,True,https://www.openstreetmap.org/node/6061846095,6061846117,0.49,,residential,6061846096,89.26,,residential,6061846269,181.59,,residential,6061846094,259.05,,residential
7949430267,13.8381939,100.6914458,ซอยบุญมา; ถนนปัญญาอินทรา,residential; secondary,3,3,False,False,,82.28,97.72,0.9234,True,https://www.openstreetmap.org/node/7949430267,7949430262,66.54,ถนนปัญญาอินทรา,secondary,8034751964,164.26,ซอยบุญมา,residential,7949430270,248.2,ถนนปัญญาอินทรา,secondary,353332001,344.26,ซอยบุญมา,residential
3053299141,13.8843001,100.7368863,ซอย นิมิตรใหม่ 40; ทางเข้าหมู่บ้านเคซีการ์เด้นโฮม,residential,3,3,False,False,,82.3,97.64,0.9233,True,https://www.openstreetmap.org/node/3053299141,2373583199,81.83,ทางเข้าหมู่บ้านเคซีการ์เด้นโฮม,residential,3053292428,177.99,ซอย นิมิตรใหม่ 40,residential,5880882138,261.88,ทางเข้าหมู่บ้านเคซีการ์เด้นโฮม,residential,2373583197,359.52,ซอย นิมิตรใหม่ 40,residential
518784509,13.8605125,100.7072469,ถนนปัญญาอินทรา; ถนนเลียบคลองสอง,secondary; tertiary,2,2,False,True,,82.33,97.87,0.9226,True,https://www.openstreetmap.org/node/518784509,8144741668,83.47,ถนนเลียบคลองสอง,secondary,2555247035,181.34,ถนนปัญญาอินทรา,tertiary,8144741700,263.67,ถนนเลียบคลองสอง,secondary,8144741689,359.72,ถนนปัญญาอินทรา,tertiary
2562521976,13.8701935,100.7200214,,residential,4,4,True,False,,76.28,103.31,0.9223,True,https://www.openstreetmap.org/node/2562521976,2562521973,11.3,,residential,2562521977,87.58,,residential,2562521979,178.25,,residential,2562521975,267.99,,residential
8962650221,13.8851613,100.7318698,ถนนนิมิตใหม่,primary; residential,3,3,False,False,,82.61,97.39,0.9218,True,https://www.openstreetmap.org/node/8962650221,3053299147,0.16,ถนนนิมิตใหม่,primary,3053292424,82.76,,residential,2553894552,180.16,ถนนนิมิตใหม่,primary,3053299137,263.48,ถนนนิมิตใหม่,residential
6124182939,13.8756125,100.7175237,,residential,3,3,False,False,,76.08,104.23,0.9209,True,https://www.openstreetmap.org/node/6124182939,8292089806,89.49,,residential,8292089807,165.57,,residential,6124183001,269.8,,residential,6124182940,359.76,,residential
3053299137,13.8851404,100.7316814,ถนนนิมิตใหม่,primary; residential,3,3,False,False,,81.1,97.17,0.9204,True,https://www.openstreetmap.org/node/3053299137,8962650221,83.48,ถนนนิมิตใหม่,residential,5880882160,180.64,ถนนนิมิตใหม่,primary,5880882726,261.75,,residential,5880882703,358.92,ถนนนิมิตใหม่,primary
3053292428,13.8842199,100.7368892,ซอย นิมิตรใหม่ 40; ซอยนิมิตใหม่ 40,residential,3,3,False,False,,82.57,98.31,0.9201,True,https://www.openstreetmap.org/node/3053292428,8383438011,80.56,ซอยนิมิตใหม่ 40,residential,2373565246,178.87,ซอย นิมิตรใหม่ 40,residential,5880882137,261.91,ซอยนิมิตใหม่ 40,residential,3053299141,357.99,ซอย นิมิตรใหม่ 40,residential
2555247035,13.8604049,100.7072443,ถนนปัญญาอินทรา; ถนนเลียบคลองสอง,secondary; tertiary,2,2,False,True,,82.32,98.25,0.9198,True,https://www.openstreetmap.org/node/2555247035,518784509,1.34,ถนนปัญญาอินทรา,tertiary,8144608919,83.66,ถนนเลียบคลองสอง,secondary,3840059158,179.84,ถนนปัญญาอินทรา,tertiary,7908343127,263.1,ถนนเลียบคลองสอง,secondary
3840099964,13.8520533,100.685112,ชัยพฤกษ์ A18; ชัยพฤกษ์ B1; ชัยพฤกษ์ B2; ชัยพฤกษ์ B4,residential,4,4,True,False,,82.23,97.93,0.9197,True,https://www.openstreetmap.org/node/3840099964,8127836294,13.49,ชัยพฤกษ์ B2,residential,3840099960,95.72,ชัยพฤกษ์ A18; ชัยพฤกษ์ B1,residential,3840099957,193.64,,residential,3840099965,276.97,ชัยพฤกษ์ B4,residential
12336575054,13.8369423,100.7013528,,residential,4,4,True,False,,81.32,98.89,0.9187,True,https://www.openstreetmap.org/node/12336575054,12336575055,61.01,,residential,12336575057,159.89,,residential,12336575053,255.64,,residential,12336575050,339.69,,residential
3841912712,13.837784,100.7124814,ถนนเจริญพัฒนา; เจริญพัฒนา 23,residential; tertiary,4,4,True,False,,82.3,97.38,0.9181,True,https://www.openstreetmap.org/node/3841912712,8201125925,9.14,ถนนเจริญพัฒนา,tertiary,3841912703,91.43,,residential,3841912696,188.81,ถนนเจริญพัฒนา,tertiary,8233923675,271.78,เจริญพัฒนา 23,residential
2722951931,13.8941035,100.7034483,ซอยหนองระแหง 5; ถนนไทยรามัญ,residential; tertiary,4,4,True,False,,80.55,98.81,0.9165,True,https://www.openstreetmap.org/node/2722951931,5941670492,77.33,ถนนไทยรามัญ,tertiary,6131175743,176.14,ซอยหนองระแหง 5,residential,5941752933,260.56,ถนนไทยรามัญ,tertiary,8323516709,356.78,ซอยหนองระแหง 5,residential
3840099969,13.852313,100.6862718,ชัยพฤกษ์ A16,residential,4,4,True,False,,81.27,97.86,0.9162,True,https://www.openstreetmap.org/node/3840099969,3840099973,12.53,,residential,3840099966,96.17,,residential,3840099960,194.03,,residential,3840099970,275.3,ชัยพฤกษ์ A16,residential
6124096967,13.8389945,100.7075441,,residential,4,4,True,False,,80.05,99.59,0.9157,True,https://www.openstreetmap.org/node/6124096967,8201352869,81.25,,residential,6124096922,166.04,,residential,6124096966,261.62,,residential,6124096918,341.66,,residential
3053324381,13.8674271,100.7443579,,residential,4,4,True,False,,78.03,99.38,0.9137,True,https://www.openstreetmap.org/node/3053324381,3053324445,4.32,,residential,3053324385,82.35,,residential,3053322530,178.5,,residential,3053324443,264.95,,residential
2562536720,13.8588505,100.7223125,ถนนหทัยมิตร; ถนนหทัยราษฎร์,secondary; secondary_link; tertiary,3,3,False,True,,81.57,99.16,0.9133,True,https://www.openstreetmap.org/node/2562536720,5877963317,3.62,ถนนหทัยราษฎร์,secondary,5877963316,85.2,ถนนหทัยมิตร,tertiary,5877645861,184.36,ถนนหทัยราษฎร์,secondary,2075728172,267.19,,secondary_link
6124096918,13.8393742,100.7074145,,residential,4,4,True,False,,79.11,99.06,0.9132,True,https://www.openstreetmap.org/node/6124096918,6124096917,82.56,,residential,6124096967,161.66,,residential,6124096919,260.72,,residential,8201352865,345.98,,residential
3010377758,13.8539064,100.7534498,ซอย 5/8; ซอยประชาร่วมใจ 31 ซอย 5; ซอยประชาร่วมใจ 31 ซอย 5/9,residential,4,4,True,False,,74.3,102.57,0.9125,True,https://www.openstreetmap.org/node/3010377758,8163604961,34.76,ซอยประชาร่วมใจ 31 ซอย 5/9,residential,3010377755,124.72,ซอยประชาร่วมใจ 31 ซอย 5,residential,8177859266,217.9,ซอย 5/8,residential,8163604965,320.47,ซอยประชาร่วมใจ 31 ซอย 5,residential
6124182940,13.8768243,100.7175271,,residential,3,3,False,False,,76.93,103.93,0.9115,True,https://www.openstreetmap.org/node/6124182940,8292089809,16.71,,residential,8292089804,93.63,,residential,6124182939,180.78,,residential,2562521913,272.77,,residential
1726187780,13.8496725,100.7211205,ซอยหทัยราษฎร์ 33; ถนนหทัยราษฎร์,residential; secondary; secondary_link,3,3,False,False,,76.5,104.42,0.9114,True,https://www.openstreetmap.org/node/1726187780,8105512258,7.52,ถนนหทัยราษฎร์,secondary,2562536729,99.06,,secondary_link,5372947458,186.6,ถนนหทัยราษฎร์,secondary,5259000588,263.11,ซอยหทัยราษฎร์ 33,residential
2373583199,13.8843902,100.7375325,ทางเข้าหมู่บ้านเคซีการ์เด้นโฮม,residential,3,3,False,False,,80.66,100.11,0.9111,True,https://www.openstreetmap.org/node/2373583199,2373565243,81.06,ทางเข้าหมู่บ้านเคซีการ์เด้นโฮม,residential,8383438011,181.17,,residential,3053299141,261.83,ทางเข้าหมู่บ้านเคซีการ์เด้นโฮม,residential,3053299136,357.72,,residential
2722951940,13.9061458,100.6996359,ซอยหนองระแหง 5; ถนนหนองระแหง,residential; tertiary,4,4,True,False,,73.85,101.62,0.9103,True,https://www.openstreetmap.org/node/2722951940,5936033922,50.72,ถนนหนองระแหง,tertiary,8323516709,142.67,ซอยหนองระแหง 5,residential,8323516714,235.25,ถนนหนองระแหง,tertiary,8323516703,309.1,,residential
6128822544,13.8408751,100.698682,ถนนสุเหร่าคลองหนึ่ง; สุเหร่าคลองหนึ่ง 2,residential; secondary,4,4,True,False,,81.6,98.39,0.9103,True,https://www.openstreetmap.org/node/6128822544,9343429231,0.31,,residential,8295400021,81.91,ถนนสุเหร่าคลองหนึ่ง,secondary,6128822543,179.66,สุเหร่าคลองหนึ่ง 2,residential,8295400019,261.91,ถนนสุเหร่าคลองหนึ่ง,secondary
353334452,13.8342959,100.6968136,ซอยพระยาสุเรนทร์ 23; ซอยพระยาสุเรนทร์ 23 แยก 4,residential,4,4,True,False,,78.72,98.49,0.9096,True,https://www.openstreetmap.org/node/353334452,3841938495,72.72,ซอยพระยาสุเรนทร์ 23,residential,353334101,151.44,,residential,8034727810,249.94,ซอยพระยาสุเรนทร์ 23,residential,353334097,334.94,ซอยพระยาสุเรนทร์ 23 แยก 4,residential
8292089804,13.8768203,100.717592,,residential,3,3,False,False,,77.69,102.37,0.908,True,https://www.openstreetmap.org/node/8292089804,6124182942,93.69,,residential,8292089805,179.44,,residential,6124182940,273.63,,residential,8292089809,351.32,,residential
5886537092,13.9199752,100.7811882,ซอยไมตรีจิต 9,residential,4,4,True,False,,76.2,104.72,0.9078,True,https://www.openstreetmap.org/node/5886537092,8253676638,0.68,ซอยไมตรีจิต 9,residential,5886536868,87.89,,residential,5886537097,179.77,ซอยไมตรีจิต 9,residential,5886536873,255.96,,residential
6129277191,13.8523235,100.6837639,,residential,4,4,True,False,,80.78,106.75,0.9069,True,https://www.openstreetmap.org/node/6129277191,8128000348,18.07,,residential,6129277192,104.06,,residential,6129277224,184.84,,residential,6129277190,291.59,,residential
8292089806,13.8756132,100.7176048,,residential,3,3,False,False,,73.06,106.19,0.9059,True,https://www.openstreetmap.org/node/8292089806,6124183000,90.23,,residential,8292089807,196.43,,residential,6124182939,269.49,,residential,8292089805,359.78,,residential
6117202387,13.8523318,100.7116692,,residential,3,3,False,False,,80.71,99.37,0.9046,True,https://www.openstreetmap.org/node/6117202387,6117202390,2.61,,residential,6117202388,84.73,,residential,6117202268,182.52,,residential,6117202260,263.23,,residential
5867167855,13.8571651,100.7879721,ซอยประชาร่วมใจ 67; แบนชโด 1,residential,4,4,True,False,,80.52,98.88,0.9043,True,https://www.openstreetmap.org/node/5867167855,8232831015,55.88,แบนชโด 1,residential,3012564668,154.22,ซอยประชาร่วมใจ 67,residential,8236331119,236.49,แบนชโด 1,residential,8236273300,335.37,,residential
6124096922,13.8386259,100.7075817,,residential,4,4,True,False,,78.99,100.55,0.904,True,https://www.openstreetmap.org/node/6124096922,6124096967,1.65,,residential,6124096920,80.64,,residential,8233827729,177.36,,residential,6124096923,261.1,,residential
8086897648,13.8588846,100.6931272,ถนนคู้บอน; ถนนพระยาสุเรนทร์,secondary; tertiary,2,2,False,True,,80.05,99.36,0.9032,True,https://www.openstreetmap.org/node/8086897648,2555247039,79.61,ถนนคู้บอน,secondary,8086897632,178.97,ถนนพระยาสุเรนทร์,tertiary,3840087467,259.02,ถนนคู้บอน,secondary,8086897649,357.09,ถนนพระยาสุเรนทร์,tertiary
8186388422,13.8828349,100.7742817,,residential,4,4,True,False,,79.02,100.8,0.9025,True,https://www.openstreetmap.org/node/8186388422,5870015214,87.87,,residential,5870015223,166.9,,residential,8186388431,267.7,,residential,8186388430,351.12,,residential
8011576683,13.8576899,100.6819832,,residential,3,3,False,False,,75.35,107.8,0.9011,True,https://www.openstreetmap.org/node/8011576683,3840100096,75.94,,residential,8011634686,163.91,,residential,8011576684,252.79,,residential,3840100094,328.14,,residential
2555247015,13.8618651,100.7223751,ถนนหทัยราษฎร์; ถนนเลียบคลองสอง,secondary; secondary_link,2,2,False,True,,73.31,103.49,0.8982,True,https://www.openstreetmap.org/node/2555247015,1684124351,4.92,ถนนหทัยราษฎร์,secondary,5877963375,93.28,ถนนเลียบคลองสอง,secondary_link,13267310124,188.11,ถนนหทัยราษฎร์,secondary,13267310129,261.42,ถนนเลียบคลองสอง,secondary
8392620342,13.8729128,100.6894381,ถนนพระยาสุเรนทร์,residential; tertiary,4,4,True,False,,72.76,108.29,0.8972,True,https://www.openstreetmap.org/node/8392620342,8392620338,49.43,,residential,6130974407,157.71,ถนนพระยาสุเรนทร์,tertiary,8485677672,247.93,,residential,8649649490,336.66,ถนนพระยาสุเรนทร์,tertiary
3840099951,13.8513302,100.6849003,,residential,4,4,True,False,,78.67,102.06,0.8967,True,https://www.openstreetmap.org/node/3840099951,3840099957,17.78,,residential,3840099950,96.45,,residential,3840099943,192.99,,residential,3840099952,275.72,,residential
3840087071,13.8472468,100.6996295,ถนนปัญญาอินทรา,residential; tertiary,3,3,False,False,,77.22,102.78,0.8949,True,https://www.openstreetmap.org/node/3840087071,8140789123,1.24,ถนนปัญญาอินทรา,tertiary,3840061882,85.12,,residential,8301830301,181.24,ถนนปัญญาอินทรา,tertiary,7908343089,258.46,,residential
3840099957,13.8516905,100.6850193,ชัยพฤกษ์ B3; ชัยพฤกษ์ B6,residential,4,4,True,False,,78.26,101.52,0.8921,True,https://www.openstreetmap.org/node/3840099957,3840099964,13.94,,residential,3840099956,96.26,ชัยพฤกษ์ B3,residential,3840099951,197.78,,residential,3840099958,276.04,ชัยพฤกษ์ B6,residential
5817271214,13.8425359,100.7816134,ถนนประชาร่วมใจ,residential; secondary,4,4,True,False,,79.08,100.22,0.8915,True,https://www.openstreetmap.org/node/5817271214,5817271223,71.76,ถนนประชาร่วมใจ,secondary,5817271217,153.13,,residential,3013648347,252.45,ถนนประชาร่วมใจ,secondary,5817351562,331.53,,residential
8123078696,13.837438,100.7403166,,residential,3,3,False,False,,78.53,103.48,0.8915,True,https://www.openstreetmap.org/node/8123078696,8123078695,47.47,,residential,3841822740,143.52,,residential,8123078694,247.0,,residential,3841822749,328.94,,residential
3841822749,13.8374912,100.7402836,,residential,3,3,False,False,,70.35,98.26,0.8908,True,https://www.openstreetmap.org/node/3841822749,8123078695,78.59,,residential,8123078696,148.94,,residential,8123078701,247.2,,residential,3841822755,343.07,,residential
7908343089,13.8472311,100.6995503,ถนนปัญญาอินทรา,residential; tertiary,3,3,False,False,,77.63,103.2,0.8904,True,https://www.openstreetmap.org/node/7908343089,7908343109,0.83,ถนนปัญญาอินทรา,tertiary,3840087071,78.46,,residential,8301830290,181.66,ถนนปัญญาอินทรา,tertiary,3840058764,278.2,,residential
3053328223,13.8568232,100.7461629,วัดสุขใจ 14,residential,4,4,True,False,,76.38,105.95,0.8887,True,https://www.openstreetmap.org/node/3053328223,5877209401,60.96,,residential,5877209400,137.34,,residential,8163528625,243.29,,residential,3053328218,326.88,วัดสุขใจ 14,residential
5935920797,13.9069852,100.7144702,,residential,4,4,True,False,,73.26,108.2,0.8871,True,https://www.openstreetmap.org/node/5935920797,5935920821,8.31,,residential,5935920825,81.58,,residential,5935920795,173.71,,residential,5935920796,260.11,,residential
3845068387,13.824209,100.7125358,ซอยเจริญพัฒนา 5; ถนนเจริญพัฒนา,residential; tertiary,4,4,True,False,,79.05,101.11,0.8868,True,https://www.openstreetmap.org/node/3845068387,3845068395,0.97,ถนนเจริญพัฒนา,tertiary,3845068389,81.55,,residential,3845068382,182.66,ถนนเจริญพัฒนา,tertiary,3845068380,261.71,ซอยเจริญพัฒนา 5,residential
6521881695,13.8488123,100.7157308,,residential,4,4,True,False,,76.66,102.44,0.8856,True,https://www.openstreetmap.org/node/6521881695,6521877737,80.35,,residential,6521881693,163.1,,residential,6521877738,265.54,,residential,6521877736,342.21,,residential
8344076498,13.8389222,100.7200699,,residential,4,4,True,False,,78.48,102.48,0.8855,True,https://www.openstreetmap.org/node/8344076498,8344076496,8.22,,residential,3841912742,86.7,,residential,3841912730,184.83,,residential,3841912740,265.74,,residential
5886029932,13.8247322,100.7496178,ถนนประชาร่วมใจ,residential; secondary,4,4,True,False,,72.2,109.12,0.885,True,https://www.openstreetmap.org/node/5886029932,8185775542,18.43,,residential,3843843346,90.63,ถนนประชาร่วมใจ,secondary,8185775541,182.22,,residential,10308160186,269.31,ถนนประชาร่วมใจ,secondary
1726187768,13.8365014,100.720026,ซอยหทัยราษฎร์ 31; ถนนหทัยราษฎร์,residential; secondary,3,3,False,False,,79.14,101.25,0.8848,True,https://www.openstreetmap.org/node/1726187768,3841912704,4.61,ถนนหทัยราษฎร์,secondary,2562536727,83.75,,residential,6124097027,183.24,ถนนหทัยราษฎร์,secondary,8080465998,263.36,ซอยหทัยราษฎร์ 31,residential
5870079373,13.9172338,100.7684133,ซอยไมตรีจิต 7,residential,4,4,True,False,,77.76,101.18,0.8847,True,https://www.openstreetmap.org/node/5870079373,5886437846,70.1,,residential,5886437823,169.68,ซอยไมตรีจิต 7,residential,5886437854,251.16,,residential,5886437850,352.34,ซอยไมตรีจิต 7,residential
8073688612,13.8857973,100.7176606,,residential,3,3,False,False,,69.24,108.91,0.8846,True,https://www.openstreetmap.org/node/8073688612,8073688613,0.12,,residential,2733169195,90.39,,residential,2733169194,199.3,,residential,8073688616,268.53,,residential
8236662628,13.8754293,100.779271,,residential,4,4,True,False,,74.45,102.31,0.8839,True,https://www.openstreetmap.org/node/8236662628,8236662641,57.62,,residential,8236662618,159.94,,residential,8236662621,244.59,,residential,8236653004,343.17,,residential
8011662817,13.8618234,100.6867517,,residential,4,4,True,False,,77.54,101.63,0.8826,True,https://www.openstreetmap.org/node/8011662817,3835124917,12.35,,residential,8011662809,111.85,,residential,8011662818,189.38,,residential,3835124912,291.01,,residential
5886437836,13.9160704,100.7687146,ซอยไมตรีจิต 7,residential,4,4,True,False,,78.97,102.0,0.8814,True,https://www.openstreetmap.org/node/5886437836,5886437813,72.23,,residential,5886437832,171.58,ซอยไมตรีจิต 7,residential,5886437835,251.27,,residential,5886437823,353.27,ซอยไมตรีจิต 7,residential
5933345818,13.9091263,100.6963146,ซอยวงศกร 1; ซอยหนองระแหง 4,tertiary,4,4,True,False,,69.45,111.3,0.8814,True,https://www.openstreetmap.org/node/5933345818,8609595793,44.45,ซอยหนองระแหง 4,tertiary,3399323503,155.74,ซอยวงศกร 1,tertiary,5936062816,245.8,ซอยหนองระแหง 4,tertiary,5933392466,334.99,ซอยวงศกร 1,tertiary
8962682029,13.9100266,100.7440673,ซอยนิมิตใหม่ 63; ถนนนิมิตใหม่,primary; residential,3,3,False,False,,74.34,105.11,0.8789,True,https://www.openstreetmap.org/node/8962682029,8247086732,67.5,ถนนนิมิตใหม่,primary,8962682028,164.19,,residential,5877132750,248.05,ถนนนิมิตใหม่,primary,6061254090,353.16,ซอยนิมิตใหม่ 63,residential
8962682028,13.9099094,100.7441015,ซอยนิมิตใหม่ 64; ถนนนิมิตใหม่,primary; residential,3,3,False,False,,74.39,105.6,0.8781,True,https://www.openstreetmap.org/node/8962682028,8247070673,67.86,ถนนนิมิตใหม่,primary,5877669041,173.46,ซอยนิมิตใหม่ 64,residential,5877542234,247.85,ถนนนิมิตใหม่,primary,8962682029,344.19,,residential
5819567030,13.8367719,100.7696355,ซอย สัพพะเลข; ถนนประชาร่วมใจ,residential; secondary,4,4,True,False,,68.94,112.01,0.8777,True,https://www.openstreetmap.org/node/5819567030,2652207999,54.77,ถนนประชาร่วมใจ,secondary,5819567024,123.71,ซอย สัพพะเลข,residential,1669530708,235.72,ถนนประชาร่วมใจ,secondary,5819565438,324.76,,residential
5935849061,13.9075886,100.7181201,,residential,3,3,False,False,,74.96,106.32,0.8769,True,https://www.openstreetmap.org/node/5935849061,5935849057,38.97,,residential,5935849081,121.85,,residential,5935849055,228.18,,residential,5935920826,303.14,,residential
8079711396,13.8734435,100.7114386,,residential,3,3,False,False,,69.09,110.75,0.875,True,https://www.openstreetmap.org/node/8079711396,6124183127,86.25,,residential,6124183129,155.34,,residential,6124182955,266.09,,residential,6124183128,357.83,,residential
5817136062,13.8393703,100.773706,ถนนประชาร่วมใจ,residential; secondary,4,4,True,False,,73.67,106.57,0.8747,True,https://www.openstreetmap.org/node/5817136062,5817136136,63.5,ถนนประชาร่วมใจ,secondary,5819665194,147.27,,residential,5817135618,243.26,ถนนประชาร่วมใจ,secondary,8186600064,316.93,,residential
3840059023,13.8565515,100.7026681,,residential,4,4,True,False,,77.6,102.5,0.8745,True,https://www.openstreetmap.org/node/3840059023,3840059022,90.74,,residential,3840059010,168.34,,residential,3840059021,268.44,,residential,3840059034,348.24,,residential
6124183127,13.8734488,100.7115588,,residential,3,3,False,False,,69.5,112.77,0.8735,True,https://www.openstreetmap.org/node/6124183127,6124182956,86.0,,residential,6124183129,198.77,,residential,8079711396,268.27,,residential,6124183126,357.24,,residential
8086748868,13.8589362,100.696722,,residential,3,3,False,False,,70.72,109.31,0.873,True,https://www.openstreetmap.org/node/8086748868,3840087476,88.27,,residential,8086796515,158.99,,residential,3840087474,268.3,,residential,8086748869,354.72,,residential
8299050751,13.8572993,100.7067268,,residential,3,3,False,False,,67.37,112.65,0.8718,True,https://www.openstreetmap.org/node/8299050751,3840059168,0.35,,residential,3840059055,90.77,,residential,8299050752,180.34,,residential,8299050750,247.7,,residential
3840058803,13.850134,100.7074094,,residential,4,4,True,False,,72.57,112.77,0.8705,True,https://www.openstreetmap.org/node/3840058803,3840058821,14.66,,residential,3840058808,87.23,,residential,3840058790,177.78,,residential,3840058800,261.89,,residential
6521877736,13.8491832,100.7156082,,residential,4,4,True,False,,77.27,102.72,0.8702,True,https://www.openstreetmap.org/node/6521877736,6521877735,82.84,,residential,6521881695,162.21,,residential,6521877734,264.92,,residential,6521877733,342.2,,residential
3834754705,13.8596453,100.7392992,ซอยวัดสุขใจ; วัดสุขใจ 5/1; วัดสุขใจ 6,residential; tertiary,4,4,True,False,,66.26,112.3,0.8681,True,https://www.openstreetmap.org/node/3834754705,8447601547,62.29,ซอยวัดสุขใจ,tertiary,5877284397,153.24,วัดสุขใจ 6,residential,8448039427,243.73,ซอยวัดสุขใจ,tertiary,3834755125,356.03,วัดสุขใจ 5/1,residential
5372934272,13.846077,100.7191086,,residential,4,4,True,False,,69.8,110.04,0.8666,True,https://www.openstreetmap.org/node/5372934272,5372934266,82.99,,residential,8344139627,176.98,,residential,5372934268,263.16,,residential,5372934271,332.96,,residential
5877651734,13.9116133,100.7632237,ถนนไมตรีจิต,residential; tertiary; tertiary_link,3,3,False,False,,76.04,102.44,0.8659,True,https://www.openstreetmap.org/node/5877651734,8190856045,77.97,ถนนไมตรีจิต,tertiary,8250614980,179.68,,residential,5877279836,255.72,ถนนไมตรีจิต,tertiary,5877651735,358.16,,tertiary_link
6836302273,13.8231686,100.6999901,ซอยพระยาสุเรนทร์ 10; ถนนพระยาสุเรนทร์,residential; tertiary; tertiary_link,3,3,False,False,,76.85,104.12,0.8659,True,https://www.openstreetmap.org/node/6836302273,3845126862,5.2,ถนนพระยาสุเรนทร์,tertiary,3845126857,84.22,ซอยพระยาสุเรนทร์ 10,residential,6836302276,188.34,ถนนพระยาสุเรนทร์,tertiary,3845122249,265.19,,tertiary_link
8144706301,13.8648093,100.7108885,ซอย เลียบคลองสอง 19,residential,3,3,False,False,,74.59,111.49,0.8629,True,https://www.openstreetmap.org/node/8144706301,3834869432,3.11,,residential,8144706297,114.6,ซอย เลียบคลองสอง 19,residential,8144706293,189.19,,residential,3834869416,269.91,ซอย เลียบคลองสอง 19,residential
5886437805,13.9144177,100.7687787,ซอยไมตรีจิต 7,residential,4,4,True,False,,76.49,104.41,0.8616,True,https://www.openstreetmap.org/node/5886437805,5886927409,71.83,,residential,5886927422,172.34,ซอยไมตรีจิต 7,residential,8250591224,250.94,,residential,5886437830,355.35,ซอยไมตรีจิต 7,residential
3053347127,13.8686008,100.7121551,,residential,4,4,True,False,,71.89,108.11,0.8614,True,https://www.openstreetmap.org/node/3053347127,3053347070,5.42,,residential,3053347058,88.59,,residential,3053347099,196.7,,residential,3053347463,268.59,,residential
1684124351,13.861978,100.7223851,ถนนหทัยราษฎร์; ถนนเลียบคลองสอง,secondary; secondary_link,2,2,False,True,,73.77,108.11,0.8613,True,https://www.openstreetmap.org/node/1684124351,13267310133,6.79,ถนนหทัยราษฎร์,secondary,2562536723,88.06,,secondary_link,2555247015,184.92,ถนนหทัยราษฎร์,secondary,13267310130,258.69,ถนนเลียบคลองสอง,secondary
3053301924,13.8916865,100.7225119,,residential,3,3,False,False,,66.63,114.76,0.8588,True,https://www.openstreetmap.org/node/3053301924,5941639383,113.79,,residential,8073685626,204.45,,residential,3053301650,271.09,,residential,3053303657,359.03,,residential
3053324445,13.8678366,100.7443898,,residential,4,4,True,False,,76.12,106.56,0.8562,True,https://www.openstreetmap.org/node/3053324445,3053324454,7.0,,residential,3053324345,85.0,,residential,3053324381,184.33,,residential,3053324415,260.44,,residential
3835117256,13.8597783,100.6857077,,residential,4,4,True,False,,76.0,115.99,0.8556,True,https://www.openstreetmap.org/node/3835117256,3835124859,22.58,,residential,3835117252,138.57,,residential,6873395333,214.57,,residential,3835124860,300.13,,residential
6117202404,13.8455342,100.7085413,สุเหร่าคลองหนึ่ง 13,residential,4,4,True,False,,74.05,105.93,0.8542,True,https://www.openstreetmap.org/node/6117202404,6117202409,5.12,,residential,3843224227,84.83,,residential,3841546246,190.76,สุเหร่าคลองหนึ่ง 13,residential,3843256732,264.81,,residential
8086748880,13.8588332,100.6953514,,residential,3,3,False,False,,65.42,116.38,0.8535,True,https://www.openstreetmap.org/node/8086748880,3840087472,86.19,,residential,8086748881,151.6,,residential,8086748878,267.98,,residential,8086748879,357.48,,residential
6124183128,13.8736872,100.7114291,,residential,3,3,False,False,,63.92,116.06,0.8515,True,https://www.openstreetmap.org/node/6124183128,8079711397,23.23,,residential,6124183126,87.15,,residential,8079711396,177.83,,residential,6124182958,267.17,,residential
3841546184,13.8414941,100.7029031,ถนนสุเหร่าคลองหนึ่ง; สุเหร่าคลองหนึ่ง 5; สุเหร่าคลองหนึ่ง ซอย 5,residential; secondary,4,4,True,False,,76.42,103.74,0.8508,True,https://www.openstreetmap.org/node/3841546184,3841546210,4.85,สุเหร่าคลองหนึ่ง 5; สุเหร่าคลองหนึ่ง ซอย 5,residential,6124129533,81.57,ถนนสุเหร่าคลองหนึ่ง,secondary,3841546170,185.31,,residential,3841546183,261.73,ถนนสุเหร่าคลองหนึ่ง,secondary
5933246533,13.9119598,100.7070246,ถนนหนองระแหง,residential; tertiary,4,4,True,False,,70.17,107.85,0.8506,True,https://www.openstreetmap.org/node/5933246533,5933246537,52.14,ถนนหนองระแหง,tertiary,5933246532,160.0,,residential,8359506111,230.16,ถนนหนองระแหง,tertiary,8359506109,329.19,,residential
8129702188,13.8533687,100.6867418,,residential,3,3,False,False,,73.08,108.17,0.8486,True,https://www.openstreetmap.org/node/8129702188,8129702185,15.99,,residential,3840099991,95.66,,residential,8129702191,203.83,,residential,3840099994,276.9,,residential
3845122249,13.8231576,100.6998556,ถนนพระยาสุเรนทร์,residential; tertiary; tertiary_link,3,3,False,False,,75.78,103.76,0.8477,True,https://www.openstreetmap.org/node/3845122249,7953875984,8.38,ถนนพระยาสุเรนทร์,tertiary,6836302273,85.19,,tertiary_link,3845122232,188.85,ถนนพระยาสุเรนทร์,tertiary,8273034813,264.62,,residential
8144706293,13.8647577,100.7108799,ซอย เลียบคลองสอง 19,residential,3,3,False,False,,62.57,107.38,0.8476,True,https://www.openstreetmap.org/node/8144706293,8144706301,9.19,,residential,8144706297,71.76,ซอย เลียบคลองสอง 19,residential,8144706288,179.13,,residential,8144706294,269.42,ซอย เลียบคลองสอง 19,residential
3053324454,13.8682177,100.744438,,residential,4,4,True,False,,74.49,104.91,0.8475,True,https://www.openstreetmap.org/node/3053324454,3053324419,9.98,,residential,3053324362,84.47,,residential,3053324445,187.0,,residential,3053322526,265.07,,residential
3840087472,13.8588374,100.6954163,,residential,3,3,False,False,,62.53,114.57,0.8474,True,https://www.openstreetmap.org/node/3840087472,3840087468,89.09,,residential,8086748881,203.66,,residential,8086748880,266.19,,residential,3840087482,357.91,,residential
5870258361,13.8479329,100.7273239,ถนนสามวา,residential; tertiary,4,4,True,False,,71.84,105.77,0.8467,True,https://www.openstreetmap.org/node/5870258361,3053881772,71.61,,residential,8186887375,173.45,ถนนสามวา,tertiary,8186887364,245.28,,residential,3841470035,351.05,ถนนสามวา,tertiary
5880131200,13.8634976,100.7593523,วัดสุขใจ 24,residential,4,4,True,False,,72.87,105.04,0.8455,True,https://www.openstreetmap.org/node/5880131200,5880131196,62.42,,residential,5877679788,165.2,วัดสุขใจ 24,residential,5880128780,244.5,,residential,5877679793,349.54,วัดสุขใจ 24,residential
8299050752,13.8571757,100.706727,,residential,3,3,False,False,,62.89,117.15,0.8431,True,https://www.openstreetmap.org/node/8299050752,3840059044,90.51,,residential,3840059029,179.38,,residential,8299050750,296.53,,residential,8299050751,359.42,,residential
8359517741,13.9144174,100.7028415,,residential,3,3,False,False,,75.18,106.77,0.842,True,https://www.openstreetmap.org/node/8359517741,8359517740,59.5,,residential,8359517743,134.68,,residential,8359517742,236.35,,residential,8359517730,312.73,,residential
3841822754,13.8379084,100.7425656,,residential,4,4,True,False,,74.58,105.35,0.8383,True,https://www.openstreetmap.org/node/3841822754,3841823474,40.46,,residential,3841822751,115.04,,residential,3841822734,218.79,,residential,3841823458,295.11,,residential
3840087476,13.8589375,100.6967663,,residential,3,3,False,False,,63.99,114.11,0.838,True,https://www.openstreetmap.org/node/3840087476,8086748873,3.32,,residential,3840087475,90.16,,residential,8086796515,204.27,,residential,8086748868,268.27,,residential
5936141680,13.9033267,100.6912209,ซอยหนองระแหง 4,residential; tertiary,4,4,True,False,,74.5,105.16,0.835,True,https://www.openstreetmap.org/node/5936141680,5936141681,47.58,,residential,5936141667,152.13,ซอยหนองระแหง 4,tertiary,5936141679,226.63,,residential,5936141671,331.78,ซอยหนองระแหง 4,tertiary
3053324361,13.8670935,100.7423573,ซอยนิมิตใหม่ 28,residential,4,4,True,False,,71.1,107.11,0.8329,True,https://www.openstreetmap.org/node/3053324361,3053328229,69.27,,residential,3053328216,176.38,,residential,3053328230,255.21,ซอยนิมิตใหม่ 28,residential,3053322532,358.17,,residential
7908343122,13.8571189,100.7071467,ถนนปัญญาอินทรา,residential; tertiary,3,3,False,False,,60.23,119.44,0.8302,True,https://www.openstreetmap.org/node/7908343122,7908343123,0.24,ถนนปัญญาอินทรา,tertiary,3840059041,91.36,,residential,7908280072,180.56,ถนนปัญญาอินทรา,tertiary,3840059044,300.0,,residential
8212015715,13.8468978,100.7272611,ถนนสามวา,residential; tertiary,3,3,False,False,,59.39,106.2,0.83,True,https://www.openstreetmap.org/node/8212015715,8212015689,80.42,,residential,3841470022,171.9,ถนนสามวา,tertiary,8212015687,274.83,,residential,3841470019,334.22,ถนนสามวา,tertiary
7949430284,13.8405162,100.696584,ถนนปัญญาอินทรา; ถนนพระยาสุเรนทร์,secondary; tertiary,2,2,False,False,,73.05,106.82,0.8292,True,https://www.openstreetmap.org/node/7949430284,8301786036,65.84,ถนนปัญญาอินทรา,secondary,6836313639,172.66,ถนนพระยาสุเรนทร์,tertiary,6836313640,248.87,ถนนปัญญาอินทรา,secondary,8301786034,352.79,ถนนพระยาสุเรนทร์,tertiary
8073685626,13.8916266,100.722508,,residential,3,3,False,False,,63.27,117.41,0.8287,True,https://www.openstreetmap.org/node/8073685626,5941639383,61.79,,residential,5941639367,179.19,,residential,5941639381,265.09,,residential,3053301924,358.52,,residential
3053324419,13.868668,100.7445196,,residential,4,4,True,False,,73.17,106.85,0.8259,True,https://www.openstreetmap.org/node/3053324419,3053324363,12.32,,residential,4415580544,85.49,,residential,3053324454,189.98,,residential,3053324464,265.47,,residential
8211763582,13.8283824,100.746139,,residential,2,2,False,False,,73.72,108.79,0.8223,True,https://www.openstreetmap.org/node/8211763582,8178327566,63.94,,residential,8211763560,167.14,,residential,8211763563,241.43,,residential,8178327570,350.22,,residential
3673190579,13.8953156,100.6961963,ซอยไทยรามัญ; ถนนไทยรามัญ,residential; tertiary,4,4,True,False,,73.01,106.25,0.8207,True,https://www.openstreetmap.org/node/3673190579,4082557251,5.06,ถนนไทยรามัญ,tertiary,8484264522,78.07,,residential,8204460460,184.09,ถนนไทยรามัญ,tertiary,8204460462,258.81,ซอยไทยรามัญ,residential
8140820993,13.8531643,100.7026657,,residential,3,3,False,False,,58.27,121.73,0.8187,True,https://www.openstreetmap.org/node/8140820993,8140820994,26.73,,residential,3840058934,85.0,,residential,8140820992,174.09,,residential,3840058930,265.0,,residential
3840059162,13.8575595,100.7026928,,residential,4,4,True,False,,73.03,106.99,0.8143,True,https://www.openstreetmap.org/node/3840059162,3840059163,89.83,,residential,3840059046,163.37,,residential,3840059164,270.36,,residential,3840059180,343.39,,residential
7949430256,13.8403433,100.6964404,ถนนปัญญาอินทรา; ถนนพระยาสุเรนทร์,secondary; tertiary,2,2,False,False,,70.52,109.52,0.8119,True,https://www.openstreetmap.org/node/7949430256,6836313639,73.2,ถนนปัญญาอินทรา,secondary,8301828569,177.54,ถนนพระยาสุเรนทร์,tertiary,8301828567,248.06,ถนนปัญญาอินทรา,secondary,6836313640,357.58,ถนนพระยาสุเรนทร์,tertiary
6836313639,13.8403903,100.6966007,ถนนปัญญาอินทรา; ถนนพระยาสุเรนทร์,secondary; tertiary,2,2,False,False,,71.05,114.99,0.8086,True,https://www.openstreetmap.org/node/6836313639,346615048,63.71,ถนนปัญญาอินทรา,secondary; tertiary,3841938519,178.7,ถนนพระยาสุเรนทร์,tertiary,7949430256,253.2,ถนนปัญญาอินทรา,secondary,7949430284,352.66,ถนนพระยาสุเรนทร์,tertiary
3840058934,13.8531727,100.7027646,,residential,3,3,False,False,,55.61,123.02,0.8068,True,https://www.openstreetmap.org/node/3840058934,3840058939,83.64,,residential,7908343110,173.25,,residential,8140820993,265.0,,residential,8140820994,320.61,,residential
8123078701,13.8373763,100.7400014,,residential,3,3,False,False,,72.03,107.99,0.8044,True,https://www.openstreetmap.org/node/8123078701,3841822749,67.27,,residential,8123078694,174.49,,residential,8122808155,246.52,,residential,3841370099,354.51,,residential
3840059034,13.8568751,100.7026714,,residential,4,4,True,False,,71.77,108.35,0.8008,True,https://www.openstreetmap.org/node/3840059034,3840059046,17.87,,residential,3840059033,90.24,,residential,3840059023,197.75,,residential,3840059032,269.52,,residential
3840059218,13.8592589,100.7025853,,residential,4,4,True,False,,56.45,126.1,0.798,True,https://www.openstreetmap.org/node/3840059218,3840059216,91.3,,residential,3840059208,178.49,,residential,3840059217,268.74,,residential,3840059223,325.2,,residential
8236662649,13.8768935,100.7817271,ถนนแบนชะโด,residential; tertiary; unclassified,4,4,True,False,,69.53,108.39,0.7977,True,https://www.openstreetmap.org/node/8236662649,8236652978,52.29,,unclassified,2739129190,160.68,ถนนแบนชะโด,tertiary,8236662641,234.72,,residential,8236652988,342.76,ถนนแบนชะโด,tertiary
3835124976,13.8638053,100.6854609,,residential,4,4,True,False,,56.38,127.13,0.7937,True,https://www.openstreetmap.org/node/3835124976,3835124984,17.9,,residential,3835124959,104.6,,residential,3916077840,231.73,,residential,8011646057,288.11,,residential
12336575057,13.8365677,100.7013771,,residential,4,4,True,False,,62.96,119.72,0.7864,True,https://www.openstreetmap.org/node/12336575057,12336575058,60.24,,residential,12336575060,179.97,,residential,12336575056,258.57,,residential,12336575054,357.29,,residential
8359517740,13.9144405,100.7028819,,residential,3,3,False,False,,68.39,109.85,0.7843,True,https://www.openstreetmap.org/node/8359517740,8359505781,61.26,,residential,8359517743,171.11,,residential,8359517741,239.5,,residential,8359517736,348.49,,residential
8061525990,13.879065,100.7111925,,residential,3,3,False,False,,66.08,112.42,0.784,True,https://www.openstreetmap.org/node/8061525990,8061965491,90.9,,residential,2722901271,165.95,,residential,8061965492,272.4,,residential,2558439613,338.48,,residential
3841823462,13.8381682,100.7414864,,residential,4,4,True,False,,59.29,129.2,0.7822,True,https://www.openstreetmap.org/node/3841823462,3841823481,49.13,,residential,3841823460,108.43,,residential,8123078695,237.62,,residential,3841823466,323.13,,residential
3053347077,13.8673299,100.7135754,,residential,4,4,True,False,,63.7,117.42,0.7817,True,https://www.openstreetmap.org/node/3053347077,3053347114,26.38,,residential,3053347088,90.08,,residential,3053347072,191.96,,residential,3053347488,268.96,,residential
8144706292,13.864796,100.709652,ซอย เลียบคลองสอง 19,residential,3,3,False,False,,52.32,130.13,0.777,True,https://www.openstreetmap.org/node/8144706292,3834869414,88.37,ซอย เลียบคลองสอง 19,residential,8144706302,177.03,,residential,8144706298,229.35,ซอย เลียบคลองสอง 19,residential,3834869430,359.48,,residential
5936033980,13.9090353,100.7037225,หมู่บ้านเดอะสวีท การ์เด้นวิลล์ 2 ซอย 1,residential,3,3,False,False,,54.21,128.95,0.7762,True,https://www.openstreetmap.org/node/5936033980,5936033978,45.06,หมู่บ้านเดอะสวีท การ์เด้นวิลล์ 2 ซอย 1,residential,5936033979,99.27,,residential,5936033984,228.22,หมู่บ้านเดอะสวีท การ์เด้นวิลล์ 2 ซอย 1,residential,5936033981,313.73,,residential
6124183126,13.8736926,100.7115467,,residential,3,3,False,False,,50.24,130.09,0.7761,True,https://www.openstreetmap.org/node/6124183126,6124182960,87.77,,residential,6124183127,177.24,,residential,6124183128,267.45,,residential,8079711397,317.69,,residential
2562521973,13.8705603,100.7201157,,residential,4,4,True,False,,69.59,110.79,0.7759,True,https://www.openstreetmap.org/node/2562521973,6124183037,17.53,,residential,2562521974,87.61,,residential,2562521976,198.4,,residential,2562521972,267.99,,residential
5877834594,13.8601908,100.7403845,ซอยวัดสุขใจ,residential; tertiary,4,4,True,False,,63.89,116.16,0.7728,True,https://www.openstreetmap.org/node/5877834594,5877834596,62.88,ซอยวัดสุขใจ,tertiary,8447601555,167.61,,residential,3834754712,242.83,ซอยวัดสุขใจ,tertiary,5877834589,359.0,,residential
3840058893,13.8519779,100.7065387,,residential,4,4,True,False,,68.65,116.2,0.7686,True,https://www.openstreetmap.org/node/3840058893,3840058911,19.81,,residential,3840058894,88.46,,residential,6521809158,193.9,,residential,3840058888,263.61,,residential
7908343123,13.857355,100.7071477,ถนนปัญญาอินทรา,residential; tertiary,3,3,False,False,,51.76,128.54,0.7686,True,https://www.openstreetmap.org/node/7908343123,7908343127,0.54,ถนนปัญญาอินทรา,tertiary,3840059158,87.13,,residential,7908343122,180.24,ถนนปัญญาอินทรา,tertiary,3840059055,232.0,,residential
6836313640,13.8404604,100.6964353,ถนนปัญญาอินทรา; ถนนพระยาสุเรนทร์,secondary; tertiary,2,2,False,False,,68.45,113.47,0.7656,True,https://www.openstreetmap.org/node/6836313640,8301828563,0.42,ถนนพระยาสุเรนทร์,tertiary,7949430284,68.87,ถนนปัญญาอินทรา,secondary,7949430256,177.58,ถนนพระยาสุเรนทร์,tertiary,8301828566,246.94,ถนนปัญญาอินทรา,secondary
8123078699,13.8372439,100.7397899,,residential,3,3,False,False,,62.56,117.52,0.7638,True,https://www.openstreetmap.org/node/8123078699,8123078694,76.41,,residential,8122808141,151.33,,residential,8123078700,268.85,,residential,8122808155,331.42,,residential
8073614892,13.8883054,100.7184324,,residential,3,3,False,False,,56.44,133.2,0.76,True,https://www.openstreetmap.org/node/8073614892,5941639278,83.52,,residential,8073614893,139.96,,residential,5941639198,228.2,,residential,8073614895,310.32,,residential
3843843349,13.824774,100.7511067,ถนนประชาร่วมใจ,residential; secondary,4,4,True,False,,57.47,119.97,0.7582,True,https://www.openstreetmap.org/node/3843843349,5886029936,64.99,ถนนประชาร่วมใจ,secondary,8177985533,143.99,,residential,8177985531,263.96,ถนนประชาร่วมใจ,secondary,3843843377,321.43,,residential
3835124906,13.861781,100.6877768,,residential,4,4,True,False,,62.91,115.75,0.7509,True,https://www.openstreetmap.org/node/3835124906,3835124914,39.21,,residential,3835124900,111.46,,residential,8011646084,227.21,,residential,12848165527,290.12,,residential
3841912716,13.8378327,100.7104629,ซอยพระยาสุเรนทร์ 30 แยก 9; สุเหร่าคลองหนึ่ง 16; เจริญพัฒนา 23,residential,4,4,True,False,,64.47,116.97,0.7492,True,https://www.openstreetmap.org/node/3841912716,8233827886,17.32,สุเหร่าคลองหนึ่ง 16,residential,8233923672,87.7,เจริญพัฒนา 23,residential,8233827880,195.87,สุเหร่าคลองหนึ่ง 16,residential,3841928650,260.35,ซอยพระยาสุเรนทร์ 30 แยก 9,residential
8122808155,13.8372856,100.7397665,,residential,3,3,False,False,,66.63,135.19,0.7489,True,https://www.openstreetmap.org/node/8122808155,8123078701,66.24,,residential,8123078699,151.42,,residential,8123078700,224.42,,residential,8122808133,359.61,,residential
5886229431,13.921192,100.7685828,ซอยไมตรีจิต 7,residential,4,4,True,False,,66.96,113.79,0.7459,True,https://www.openstreetmap.org/node/5886229431,5886229418,2.55,ซอยไมตรีจิต 7,residential,8628196927,69.86,,residential,5886437866,183.65,ซอยไมตรีจิต 7,residential,8253572527,250.61,,residential
5936141604,13.9065515,100.6912637,,residential,3,3,False,False,,44.88,130.07,0.7409,True,https://www.openstreetmap.org/node/5936141604,5936140573,53.27,,residential,5936141602,149.83,,residential,5936141603,194.71,,residential,5936140552,324.78,,residential
8484257656,13.8927624,100.698336,,residential,3,3,False,False,,49.57,127.42,0.7384,True,https://www.openstreetmap.org/node/8484257656,8484257658,10.23,,residential,5941770008,93.58,,residential,8484257661,220.99,,residential,8484257657,270.56,,residential
5886437866,13.9197873,100.7684966,ซอยสามพี่น้อง; ซอยไมตรีจิต 7,residential,4,4,True,False,,65.12,114.02,0.7373,True,https://www.openstreetmap.org/node/5886437866,5886229431,4.83,ซอยไมตรีจิต 7,residential,5886437862,69.95,,residential,5886437858,183.21,ซอยไมตรีจิต 7,residential,8253572518,250.81,ซอยสามพี่น้อง,residential
8392600485,13.8664136,100.6915292,,residential,3,3,False,False,,45.69,133.59,0.7364,True,https://www.openstreetmap.org/node/8392600485,8392600484,85.45,,residential,3839446618,179.3,,residential,8392600486,225.0,,residential,3839446632,358.59,,residential
3834868721,13.8561242,100.7138167,,residential,3,3,False,False,,57.61,138.63,0.7298,True,https://www.openstreetmap.org/node/3834868721,8144523500,79.54,,residential,3834868723,137.15,,residential,3834868695,218.18,,residential,8144523503,356.81,,residential
2077224878,13.9055572,100.7497341,,residential,4,4,True,False,,64.71,116.76,0.7286,True,https://www.openstreetmap.org/node/2077224878,8628021198,1.08,,residential,5877669052,113.17,,residential,8189202983,179.61,,residential,5877668960,296.37,,residential
3834869481,13.8682072,100.7193415,ซอย 13,residential,3,3,False,False,,43.35,122.95,0.7283,True,https://www.openstreetmap.org/node/3834869481,8061345584,47.72,ซอย 13,residential,3834869472,135.45,,residential,3834869479,258.4,ซอย 13,residential,3834869485,301.75,,residential
3835124942,13.8629153,100.6847728,,residential,4,4,True,False,,62.96,118.2,0.7283,True,https://www.openstreetmap.org/node/3835124942,3835124948,43.7,,residential,3835124932,106.66,,residential,3835124931,217.36,,residential,3835124953,285.5,,residential
3053324464,13.868608,100.7437362,,residential,4,4,True,False,,62.85,117.16,0.726,True,https://www.openstreetmap.org/node/3053324464,3053324341,17.65,,residential,3053324419,85.48,,residential,3053322525,202.64,,residential,3053324359,265.49,,residential
2739129171,13.8694104,100.7749543,วัดสุขใจ 36,residential; tertiary,4,4,True,False,,64.27,116.6,0.7214,True,https://www.openstreetmap.org/node/2739129171,2739129170,100.17,วัดสุขใจ 36,tertiary,8608023568,164.45,,residential,2739129173,281.05,วัดสุขใจ 36,tertiary,8186441949,346.62,,residential
3840058920,13.8526728,100.7078047,,residential,4,4,True,False,,63.97,116.11,0.7139,True,https://www.openstreetmap.org/node/3840058920,3840058932,21.77,,residential,3840058922,85.73,,residential,3840058906,201.84,,residential,3840058918,266.38,,residential
8359517726,13.9136735,100.703343,,residential,4,4,True,False,,57.49,120.91,0.7133,True,https://www.openstreetmap.org/node/8359517726,8359505815,11.59,,residential,8359505785,122.29,,residential,8359492748,193.19,,residential,8359517721,314.1,,residential
5935920796,13.9065361,100.7118156,,residential,4,4,True,False,,62.84,117.69,0.7101,True,https://www.openstreetmap.org/node/5935920796,5935920816,15.13,,residential,5935920797,80.11,,residential,5935920795,197.81,,residential,5935920802,260.65,,residential
8211763560,13.8283284,100.7461517,,residential,2,2,False,False,,53.0,131.02,0.7084,True,https://www.openstreetmap.org/node/8211763560,8178327564,61.66,,residential,8211763565,192.67,,residential,8211763561,245.67,,residential,8211763582,347.14,,residential
8061465728,13.8794558,100.7153404,ถนนเมนที่ 2,residential,3,3,False,False,,57.38,123.23,0.6913,True,https://www.openstreetmap.org/node/8061465728,8061465730,35.2,ถนนเมนที่ 2,residential,8061465727,92.58,,residential,8061465735,204.91,ถนนเมนที่ 2,residential,8061465729,271.97,,residential
3841571585,13.8425365,100.692525,,residential,3,3,False,False,,56.45,124.88,0.6671,True,https://www.openstreetmap.org/node/3841571585,353338748,75.74,,residential,3841571584,132.18,,residential,353339699,247.23,,residential,3841571588,310.85,,residential
3840058911,13.8523444,100.7067016,,residential,4,4,True,False,,56.3,122.66,0.6425,True,https://www.openstreetmap.org/node/3840058911,3840058912,29.17,,residential,3840058910,85.47,,residential,3840058893,207.16,,residential,3840058907,266.52,,residential
3841823458,13.838011,100.7421625,,residential,4,4,True,False,,55.41,127.72,0.6201,True,https://www.openstreetmap.org/node/3841823458,3841823474,41.55,,residential,3841822754,96.96,,residential,3841822737,217.62,,residential,3841823460,273.82,,residential
3843843346,13.8247311,100.7501514,ถนนประชาร่วมใจ,residential; secondary,4,4,True,False,,52.09,127.59,0.5832,True,https://www.openstreetmap.org/node/3843843346,8177985537,88.48,ถนนประชาร่วมใจ,secondary,5886029937,141.35,,residential,5886029932,268.79,ถนนประชาร่วมใจ,secondary,8178338341,320.89,,residential
3053301658,13.8917041,100.7234334,,residential,4,4,True,False,,47.29,136.97,0.5472,True,https://www.openstreetmap.org/node/3053301658,3053301641,30.55,,residential,3053301633,81.75,,residential,3053301652,218.72,,residential,8359449032,266.01,,residential
3053347461,13.8656954,100.7128659,ชมนาด 3,residential,4,4,True,False,,43.64,138.22,0.5129,True,https://www.openstreetmap.org/node/3053347461,3053347468,90.52,,residential,3053347453,139.2,,residential,3053347460,268.66,ชมนาด 3,residential,3053347435,312.3,,residential
3053347435,13.8660105,100.7125092,,residential,4,4,True,False,,42.49,136.35,0.5083,True,https://www.openstreetmap.org/node/3053347435,3053347074,89.81,,residential,3053347461,132.3,,residential,3053347086,268.64,,residential,8794678845,317.65,,residential
8359517736,13.9145053,100.7028683,,residential,3,3,False,False,,43.08,144.59,0.6356,False,https://www.openstreetmap.org/node/8359517736,8359517735,23.9,,residential,8359517740,168.49,,residential,8359517730,211.57,,residential,8359517746,312.56,,residential
5936140538,13.9006347,100.6920898,,residential,3,3,False,False,,55.47,163.16,0.5936,False,https://www.openstreetmap.org/node/5936140538,5936140543,61.71,,residential,5936141654,129.43,,residential,5936140542,184.9,,residential,5936141652,258.56,,residential
8301830290,13.8407682,100.6971322,ถนนปัญญาอินทรา; ถนนสุเหร่าคลองหนึ่ง,secondary; secondary_link; tertiary,2,2,False,False,,35.86,166.95,0.5479,False,https://www.openstreetmap.org/node/8301830290,7908343089,51.43,ถนนปัญญาอินทรา,tertiary,8301830295,87.29,ถนนสุเหร่าคลองหนึ่ง,secondary,346615048,181.71,,secondary_link,8301786036,244.48,ถนนปัญญาอินทรา,secondary
3840012543,13.8530519,100.7132106,,residential,4,4,True,False,,41.29,140.75,0.5206,False,https://www.openstreetmap.org/node/3840012543,3834868684,45.39,,residential,3840012545,86.68,,residential,3840012532,212.21,,residential,3840012538,264.64,,residential
1975566585,13.8537114,100.6737288,ทางบริการด้านในของถนนกาญจนาภิเษก,residential; secondary; secondary_link,2,2,False,False,,42.2,158.01,0.5154,False,https://www.openstreetmap.org/node/1975566585,7998727275,23.77,ทางบริการด้านในของถนนกาญจนาภิเษก,secondary,7998727274,74.35,,secondary_link,13774114061,232.36,,secondary_link,1975566573,274.56,,residential
8301830295,13.8407786,100.6973585,ถนนปัญญาอินทรา; ถนนสุเหร่าคลองหนึ่ง,secondary; tertiary,2,2,False,False,,32.01,149.39,0.4471,False,https://www.openstreetmap.org/node/8301830295,8301830301,37.43,ถนนปัญญาอินทรา,tertiary,8957833543,85.9,ถนนสุเหร่าคลองหนึ่ง,secondary,346615048,235.28,ถนนปัญญาอินทรา,tertiary,8301830290,267.29,ถนนสุเหร่าคลองหนึ่ง,secondary
346615048,13.8406797,100.6972115,ถนนปัญญาอินทรา; ถนนสุเหร่าคลองหนึ่ง,secondary; secondary_link; tertiary,2,3,False,False,,28.41,162.64,0.3612,False,https://www.openstreetmap.org/node/346615048,8301830295,55.28,ถนนปัญญาอินทรา,tertiary,8957833542,83.69,ถนนสุเหร่าคลองหนึ่ง,secondary,6836313639,246.34,ถนนปัญญาอินทรา,secondary; tertiary,8301830290,282.94,,secondary_link
